SKU,Danh mục,Danh mục con,Tên sản phẩm,Thông số kỹ thuật,Xuất xứ,Giá (VNĐ)
PLY-0001,Puly truyền động,Puly 1B,Puly 1B Đặc Ø60mm,Đường kính: 60mm | Loại: 1B Đặc,,45000
PLY-0002,Puly truyền động,Puly 2B,Puly 2B Đặc Ø60mm,Đường kính: 60mm | Loại: 2B Đặc,,60000
PLY-0003,Puly truyền động,Puly 1B,Puly 1B Đặc Ø70mm,Đường kính: 70mm | Loại: 1B Đặc,,50000
PLY-0004,Puly truyền động,Puly 2B,Puly 2B Đặc Ø70mm,Đường kính: 70mm | Loại: 2B Đặc,,70000
PLY-0005,Puly truyền động,Puly 3B,Puly 3B Đặc Ø70mm,Đường kính: 70mm | Loại: 3B Đặc,,110000
PLY-0006,Puly truyền động,Puly 1B,Puly 1B Đặc Ø80mm,Đường kính: 80mm | Loại: 1B Đặc,,55000
PLY-0007,Puly truyền động,Puly 2B,Puly 2B Đặc Ø80mm,Đường kính: 80mm | Loại: 2B Đặc,,90000
PLY-0008,Puly truyền động,Puly 2B,Puly 2B Dày Ø80mm,Đường kính: 80mm | Loại: 2B Dày,,70000
PLY-0009,Puly truyền động,Puly 3B,Puly 3B Đặc Ø80mm,Đường kính: 80mm | Loại: 3B Đặc,,130000
PLY-0010,Puly truyền động,Puly 1B,Puly 1B Đặc Ø90mm,Đường kính: 90mm | Loại: 1B Đặc,,70000
PLY-0011,Puly truyền động,Puly 2B,Puly 2B Đặc Ø90mm,Đường kính: 90mm | Loại: 2B Đặc,,100000
PLY-0012,Puly truyền động,Puly 2B,Puly 2B Dày Ø90mm,Đường kính: 90mm | Loại: 2B Dày,,90000
PLY-0013,Puly truyền động,Puly 3B,Puly 3B Đặc Ø90mm,Đường kính: 90mm | Loại: 3B Đặc,,140000
PLY-0014,Puly truyền động,Puly 1B,Puly 1B Đặc Ø100mm,Đường kính: 100mm | Loại: 1B Đặc,,80000
PLY-0015,Puly truyền động,Puly 2B,Puly 2B Đặc Ø100mm,Đường kính: 100mm | Loại: 2B Đặc,,125000
PLY-0016,Puly truyền động,Puly 2B,Puly 2B Dày Ø100mm,Đường kính: 100mm | Loại: 2B Dày,,100000
PLY-0017,Puly truyền động,Puly 3B,Puly 3B Đặc Ø100mm,Đường kính: 100mm | Loại: 3B Đặc,,170000
PLY-0018,Puly truyền động,Puly 4B,Puly 4B Ø100mm,Đường kính: 100mm | Loại: 4B,,305000
PLY-0019,Puly truyền động,Puly 1B,Puly 1B Đặc Ø110mm,Đường kính: 110mm | Loại: 1B Đặc,,90000
PLY-0020,Puly truyền động,Puly 2B,Puly 2B Đặc Ø110mm,Đường kính: 110mm | Loại: 2B Đặc,,155000
PLY-0021,Puly truyền động,Puly 2B,Puly 2B Dày Ø110mm,Đường kính: 110mm | Loại: 2B Dày,,110000
PLY-0022,Puly truyền động,Puly 3B,Puly 3B Đặc Ø110mm,Đường kính: 110mm | Loại: 3B Đặc,,210000
PLY-0023,Puly truyền động,Puly 1B,Puly 1B Đặc Ø120mm,Đường kính: 120mm | Loại: 1B Đặc,,100000
PLY-0024,Puly truyền động,Puly 1B,Puly 1B Mỏng Ø120mm,Đường kính: 120mm | Loại: 1B Mỏng,,75000
PLY-0025,Puly truyền động,Puly 2B,Puly 2B Đặc Ø120mm,Đường kính: 120mm | Loại: 2B Đặc,,175000
PLY-0026,Puly truyền động,Puly 2B,Puly 2B Dày Ø120mm,Đường kính: 120mm | Loại: 2B Dày,,120000
PLY-0027,Puly truyền động,Puly 3B,Puly 3B Đặc Ø120mm,Đường kính: 120mm | Loại: 3B Đặc,,235000
PLY-0028,Puly truyền động,Puly 3B,Puly 3B Dày Ø120mm,Đường kính: 120mm | Loại: 3B Dày,,220000
PLY-0029,Puly truyền động,Puly 4B,Puly 4B Ø120mm,Đường kính: 120mm | Loại: 4B,,330000
PLY-0030,Puly truyền động,Puly 1B,Puly 1B Dày Ø130mm,Đường kính: 130mm | Loại: 1B Dày,,110000
PLY-0031,Puly truyền động,Puly 1B,Puly 1B Mỏng Ø130mm,Đường kính: 130mm | Loại: 1B Mỏng,,85000
PLY-0032,Puly truyền động,Puly 2B,Puly 2B Đặc Ø130mm,Đường kính: 130mm | Loại: 2B Đặc,,200000
PLY-0033,Puly truyền động,Puly 2B,Puly 2B Dày Ø130mm,Đường kính: 130mm | Loại: 2B Dày,,130000
PLY-0034,Puly truyền động,Puly 3B,Puly 3B Đặc Ø130mm,Đường kính: 130mm | Loại: 3B Đặc,,310000
PLY-0035,Puly truyền động,Puly 3B,Puly 3B Dày Ø130mm,Đường kính: 130mm | Loại: 3B Dày,,275000
PLY-0036,Puly truyền động,Puly 1B,Puly 1B Dày Ø140mm,Đường kính: 140mm | Loại: 1B Dày,,115000
PLY-0037,Puly truyền động,Puly 1B,Puly 1B Mỏng Ø140mm,Đường kính: 140mm | Loại: 1B Mỏng,,110000
PLY-0038,Puly truyền động,Puly 2B,Puly 2B Đặc Ø140mm,Đường kính: 140mm | Loại: 2B Đặc,,240000
PLY-0039,Puly truyền động,Puly 2B,Puly 2B Dày Ø140mm,Đường kính: 140mm | Loại: 2B Dày,,150000
PLY-0040,Puly truyền động,Puly 3B,Puly 3B Đặc Ø140mm,Đường kính: 140mm | Loại: 3B Đặc,,355000
PLY-0041,Puly truyền động,Puly 3B,Puly 3B Dày Ø140mm,Đường kính: 140mm | Loại: 3B Dày,,330000
PLY-0042,Puly truyền động,Puly 4B,Puly 4B Ø140mm,Đường kính: 140mm | Loại: 4B,,530000
PLY-0043,Puly truyền động,Puly 1B,Puly 1B Dày Ø150mm,Đường kính: 150mm | Loại: 1B Dày,,120000
PLY-0044,Puly truyền động,Puly 1B,Puly 1B Mỏng Ø150mm,Đường kính: 150mm | Loại: 1B Mỏng,,115000
PLY-0045,Puly truyền động,Puly 2B,Puly 2B Đặc Ø150mm,Đường kính: 150mm | Loại: 2B Đặc,,265000
PLY-0046,Puly truyền động,Puly 2B,Puly 2B Dày Ø150mm,Đường kính: 150mm | Loại: 2B Dày,,175000
PLY-0047,Puly truyền động,Puly 3B,Puly 3B Đặc Ø150mm,Đường kính: 150mm | Loại: 3B Đặc,,385000
PLY-0048,Puly truyền động,Puly 3B,Puly 3B Dày Ø150mm,Đường kính: 150mm | Loại: 3B Dày,,360000
PLY-0049,Puly truyền động,Puly 4B,Puly 4B Ø150mm,Đường kính: 150mm | Loại: 4B,,575000
PLY-0050,Puly truyền động,Puly 1B,Puly 1B Dày Ø160mm,Đường kính: 160mm | Loại: 1B Dày,,130000
PLY-0051,Puly truyền động,Puly 1B,Puly 1B Mỏng Ø160mm,Đường kính: 160mm | Loại: 1B Mỏng,,120000
PLY-0052,Puly truyền động,Puly 2B,Puly 2B Đặc Ø160mm,Đường kính: 160mm | Loại: 2B Đặc,,355000
PLY-0053,Puly truyền động,Puly 2B,Puly 2B Dày Ø160mm,Đường kính: 160mm | Loại: 2B Dày,,220000
PLY-0054,Puly truyền động,Puly 3B,Puly 3B Đặc Ø160mm,Đường kính: 160mm | Loại: 3B Đặc,,445000
PLY-0055,Puly truyền động,Puly 3B,Puly 3B Dày Ø160mm,Đường kính: 160mm | Loại: 3B Dày,,385000
PLY-0056,Puly truyền động,Puly 4B,Puly 4B Ø160mm,Đường kính: 160mm | Loại: 4B,,605000
PLY-0057,Puly truyền động,Puly 1B,Puly 1B Dày Ø180mm,Đường kính: 180mm | Loại: 1B Dày,,145000
PLY-0058,Puly truyền động,Puly 1B,Puly 1B Mỏng Ø180mm,Đường kính: 180mm | Loại: 1B Mỏng,,125000
PLY-0059,Puly truyền động,Puly 2B,Puly 2B Đặc Ø180mm,Đường kính: 180mm | Loại: 2B Đặc,,495000
PLY-0060,Puly truyền động,Puly 2B,Puly 2B Dày Ø180mm,Đường kính: 180mm | Loại: 2B Dày,,240000
PLY-0061,Puly truyền động,Puly 3B,Puly 3B Đặc Ø180mm,Đường kính: 180mm | Loại: 3B Đặc,,545000
PLY-0062,Puly truyền động,Puly 3B,Puly 3B Dĩa Ø180mm,Đường kính: 180mm | Loại: 3B Dĩa,,320000
PLY-0063,Puly truyền động,Puly 3B,Puly 3B Dày Ø180mm,Đường kính: 180mm | Loại: 3B Dày,,395000
PLY-0064,Puly truyền động,Puly 4B,Puly 4B Ø180mm,Đường kính: 180mm | Loại: 4B,,665000
PLY-0065,Puly truyền động,Puly 1B,Puly 1B Dày Ø200mm,Đường kính: 200mm | Loại: 1B Dày,,155000
PLY-0066,Puly truyền động,Puly 1B,Puly 1B Mỏng Ø200mm,Đường kính: 200mm | Loại: 1B Mỏng,,130000
PLY-0067,Puly truyền động,Puly 2B,Puly 2B Đặc Ø200mm,Đường kính: 200mm | Loại: 2B Đặc,,580000
PLY-0068,Puly truyền động,Puly 2B,Puly 2B Dày Ø200mm,Đường kính: 200mm | Loại: 2B Dày,,265000
PLY-0069,Puly truyền động,Puly 3B,Puly 3B Dĩa Ø200mm,Đường kính: 200mm | Loại: 3B Dĩa,,355000
PLY-0070,Puly truyền động,Puly 3B,Puly 3B Dày Ø200mm,Đường kính: 200mm | Loại: 3B Dày,,440000
PLY-0071,Puly truyền động,Puly 4B,Puly 4B Ø200mm,Đường kính: 200mm | Loại: 4B,,700000
PLY-0072,Puly truyền động,Puly 1B,Puly 1B Dày Ø220mm,Đường kính: 220mm | Loại: 1B Dày,,175000
PLY-0073,Puly truyền động,Puly 1B,Puly 1B Mỏng Ø220mm,Đường kính: 220mm | Loại: 1B Mỏng,,155000
PLY-0074,Puly truyền động,Puly 2B,Puly 2B Đặc Ø220mm,Đường kính: 220mm | Loại: 2B Đặc,,715000
PLY-0075,Puly truyền động,Puly 2B,Puly 2B Dày Ø220mm,Đường kính: 220mm | Loại: 2B Dày,,319000
PLY-0076,Puly truyền động,Puly 3B,Puly 3B Dĩa Ø220mm,Đường kính: 220mm | Loại: 3B Dĩa,,420000
PLY-0077,Puly truyền động,Puly 3B,Puly 3B Dày Ø220mm,Đường kính: 220mm | Loại: 3B Dày,,485000
PLY-0078,Puly truyền động,Puly 4B,Puly 4B Ø220mm,Đường kính: 220mm | Loại: 4B,,770000
PLY-0079,Puly truyền động,Puly 1B,Puly 1B Dày Ø250mm,Đường kính: 250mm | Loại: 1B Dày,,200000
PLY-0080,Puly truyền động,Puly 1B,Puly 1B Mỏng Ø250mm,Đường kính: 250mm | Loại: 1B Mỏng,,170000
PLY-0081,Puly truyền động,Puly 2B,Puly 2B Đặc Ø250mm,Đường kính: 250mm | Loại: 2B Đặc,,895000
PLY-0082,Puly truyền động,Puly 2B,Puly 2B Dày Ø250mm,Đường kính: 250mm | Loại: 2B Dày,,335000
PLY-0083,Puly truyền động,Puly 3B,Puly 3B Dĩa Ø250mm,Đường kính: 250mm | Loại: 3B Dĩa,,460000
PLY-0084,Puly truyền động,Puly 3B,Puly 3B Dày Ø250mm,Đường kính: 250mm | Loại: 3B Dày,,405000
PLY-0085,Puly truyền động,Puly 4B,Puly 4B Ø250mm,Đường kính: 250mm | Loại: 4B,,845000
PLY-0086,Puly truyền động,Puly 1B,Puly 1B Dày Ø280mm,Đường kính: 280mm | Loại: 1B Dày,,230000
PLY-0087,Puly truyền động,Puly 1B,Puly 1B Mỏng Ø280mm,Đường kính: 280mm | Loại: 1B Mỏng,,210000
PLY-0088,Puly truyền động,Puly 2B,Puly 2B Dày Ø280mm,Đường kính: 280mm | Loại: 2B Dày,,410000
PLY-0089,Puly truyền động,Puly 3B,Puly 3B Dĩa Ø280mm,Đường kính: 280mm | Loại: 3B Dĩa,,530000
PLY-0090,Puly truyền động,Puly 3B,Puly 3B Dày Ø280mm,Đường kính: 280mm | Loại: 3B Dày,,540000
PLY-0091,Puly truyền động,Puly 1B,Puly 1B Dày Ø300mm,Đường kính: 300mm | Loại: 1B Dày,,240000
PLY-0092,Puly truyền động,Puly 1B,Puly 1B Mỏng Ø300mm,Đường kính: 300mm | Loại: 1B Mỏng,,230000
PLY-0093,Puly truyền động,Puly 2B,Puly 2B Dày Ø300mm,Đường kính: 300mm | Loại: 2B Dày,,450000
PLY-0094,Puly truyền động,Puly 3B,Puly 3B Dĩa Ø300mm,Đường kính: 300mm | Loại: 3B Dĩa,,565000
PLY-0095,Puly truyền động,Puly 3B,Puly 3B Dày Ø300mm,Đường kính: 300mm | Loại: 3B Dày,,665000
PLY-0096,Puly truyền động,Puly 4B,Puly 4B Ø300mm,Đường kính: 300mm | Loại: 4B,,1180000
PLY-0097,Puly truyền động,Puly 1B,Puly 1B Dày Ø350mm,Đường kính: 350mm | Loại: 1B Dày,,285000
PLY-0098,Puly truyền động,Puly 1B,Puly 1B Mỏng Ø350mm,Đường kính: 350mm | Loại: 1B Mỏng,,240000
PLY-0099,Puly truyền động,Puly 2B,Puly 2B Dày Ø350mm,Đường kính: 350mm | Loại: 2B Dày,,520000
PLY-0100,Puly truyền động,Puly 3B,Puly 3B Dĩa Ø350mm,Đường kính: 350mm | Loại: 3B Dĩa,,650000
PLY-0101,Puly truyền động,Puly 3B,Puly 3B Dày Ø350mm,Đường kính: 350mm | Loại: 3B Dày,,825000
PLY-0102,Puly truyền động,Puly 4B,Puly 4B Ø350mm,Đường kính: 350mm | Loại: 4B,,1330000
PLY-0103,Puly truyền động,Puly 1B,Puly 1B Dày Ø400mm,Đường kính: 400mm | Loại: 1B Dày,,310000
PLY-0104,Puly truyền động,Puly 1B,Puly 1B Mỏng Ø400mm,Đường kính: 400mm | Loại: 1B Mỏng,,265000
PLY-0105,Puly truyền động,Puly 2B,Puly 2B Dày Ø400mm,Đường kính: 400mm | Loại: 2B Dày,,690000
PLY-0106,Puly truyền động,Puly 3B,Puly 3B Dĩa Ø400mm,Đường kính: 400mm | Loại: 3B Dĩa,,815000
PLY-0107,Puly truyền động,Puly 3B,Puly 3B Dày Ø400mm,Đường kính: 400mm | Loại: 3B Dày,,1010000
PLY-0108,Puly truyền động,Puly 1B,Puly 1B Dày Ø450mm,Đường kính: 450mm | Loại: 1B Dày,,320000
PLY-0109,Puly truyền động,Puly 1B,Puly 1B Mỏng Ø450mm,Đường kính: 450mm | Loại: 1B Mỏng,,290000
PLY-0110,Puly truyền động,Puly 2B,Puly 2B Dày Ø450mm,Đường kính: 450mm | Loại: 2B Dày,,750000
PLY-0111,Puly truyền động,Puly 3B,Puly 3B Dĩa Ø450mm,Đường kính: 450mm | Loại: 3B Dĩa,,1065000
PLY-0112,Puly truyền động,Puly 3B,Puly 3B Dày Ø450mm,Đường kính: 450mm | Loại: 3B Dày,,1090000
PLY-0113,Puly truyền động,Puly 1B,Puly 1B Dày Ø500mm,Đường kính: 500mm | Loại: 1B Dày,,375000
PLY-0114,Puly truyền động,Puly 1B,Puly 1B Mỏng Ø500mm,Đường kính: 500mm | Loại: 1B Mỏng,,330000
PLY-0115,Puly truyền động,Puly 2B,Puly 2B Dày Ø500mm,Đường kính: 500mm | Loại: 2B Dày,,835000
PLY-0116,Puly truyền động,Puly 3B,Puly 3B Dĩa Ø500mm,Đường kính: 500mm | Loại: 3B Dĩa,,1245000
PLY-0117,Puly truyền động,Puly 2B,Puly 2B Dày Ø550mm,Đường kính: 550mm | Loại: 2B Dày,,1160000
PLY-0118,Puly truyền động,Puly 3B,Puly 3B Dĩa Ø550mm,Đường kính: 550mm | Loại: 3B Dĩa,,1420000
PLY-0119,Puly truyền động,Puly 1B,Puly 1B Mỏng Ø600mm,Đường kính: 600mm | Loại: 1B Mỏng,,520000
PLY-0120,Puly truyền động,Puly 2B,Puly 2B Dày Ø600mm,Đường kính: 600mm | Loại: 2B Dày,,1210000
PLY-0121,Puly truyền động,Puly 3B,Puly 3B Dĩa Ø600mm,Đường kính: 600mm | Loại: 3B Dĩa,,1450000
PLY-0122,Puly truyền động,Puly 5B,Puly 5B Đặc Ø100mm,Đường kính: 100mm | Loại: 5B Đặc,,380000
PLY-0123,Puly truyền động,Puly 3C,Puly 3C Đặc Ø100mm,Đường kính: 100mm | Loại: 3C Đặc,,285000
PLY-0124,Puly truyền động,Puly 4C,Puly 4C Đặc Ø100mm,Đường kính: 100mm | Loại: 4C Đặc,,435000
PLY-0125,Puly truyền động,Puly 5C,Puly 5C Đặc Ø100mm,Đường kính: 100mm | Loại: 5C Đặc,,545000
PLY-0126,Puly truyền động,Puly 5B,Puly 5B Đặc Ø110mm,Đường kính: 110mm | Loại: 5B Đặc,,450000
PLY-0127,Puly truyền động,Puly 2C,Puly 2C Ø110mm,Đường kính: 110mm | Loại: 2C,,260000
PLY-0128,Puly truyền động,Puly 3C,Puly 3C Đặc Ø110mm,Đường kính: 110mm | Loại: 3C Đặc,,310000
PLY-0129,Puly truyền động,Puly 4C,Puly 4C Đặc Ø110mm,Đường kính: 110mm | Loại: 4C Đặc,,445000
PLY-0130,Puly truyền động,Puly 5C,Puly 5C Đặc Ø110mm,Đường kính: 110mm | Loại: 5C Đặc,,605000
PLY-0131,Puly truyền động,Puly 5B,Puly 5B Đặc Ø120mm,Đường kính: 120mm | Loại: 5B Đặc,,480000
PLY-0132,Puly truyền động,Puly 3C,Puly 3C Đặc Ø120mm,Đường kính: 120mm | Loại: 3C Đặc,,380000
PLY-0133,Puly truyền động,Puly 4C,Puly 4C Đặc Ø120mm,Đường kính: 120mm | Loại: 4C Đặc,,515000
PLY-0134,Puly truyền động,Puly 5C,Puly 5C Đặc Ø120mm,Đường kính: 120mm | Loại: 5C Đặc,,800000
PLY-0135,Puly truyền động,Puly 5B,Puly 5B Đặc Ø130mm,Đường kính: 130mm | Loại: 5B Đặc,,560000
PLY-0136,Puly truyền động,Puly 3C,Puly 3C Đặc Ø130mm,Đường kính: 130mm | Loại: 3C Đặc,,405000
PLY-0137,Puly truyền động,Puly 4C,Puly 4C Đặc Ø130mm,Đường kính: 130mm | Loại: 4C Đặc,,685000
PLY-0138,Puly truyền động,Puly 5C,Puly 5C Đặc Ø130mm,Đường kính: 130mm | Loại: 5C Đặc,,845000
PLY-0139,Puly truyền động,Puly 5B,Puly 5B Đặc Ø140mm,Đường kính: 140mm | Loại: 5B Đặc,,690000
PLY-0140,Puly truyền động,Puly 3C,Puly 3C Đặc Ø140mm,Đường kính: 140mm | Loại: 3C Đặc,,485000
PLY-0141,Puly truyền động,Puly 3C,Puly 3C Dĩa Ø140mm,Đường kính: 140mm | Loại: 3C Dĩa,,300000
PLY-0142,Puly truyền động,Puly 4C,Puly 4C Đặc Ø140mm,Đường kính: 140mm | Loại: 4C Đặc,,825000
PLY-0143,Puly truyền động,Puly 5C,Puly 5C Đặc Ø140mm,Đường kính: 140mm | Loại: 5C Đặc,,930000
PLY-0144,Puly truyền động,Puly 5B,Puly 5B Đặc Ø150mm,Đường kính: 150mm | Loại: 5B Đặc,,785000
PLY-0145,Puly truyền động,Puly 3C,Puly 3C Đặc Ø150mm,Đường kính: 150mm | Loại: 3C Đặc,,515000
PLY-0146,Puly truyền động,Puly 4C,Puly 4C Đặc Ø150mm,Đường kính: 150mm | Loại: 4C Đặc,,860000
PLY-0147,Puly truyền động,Puly 5C,Puly 5C Đặc Ø150mm,Đường kính: 150mm | Loại: 5C Đặc,,1040000
PLY-0148,Puly truyền động,Puly 5B,Puly 5B Đặc Ø160mm,Đường kính: 160mm | Loại: 5B Đặc,,880000
PLY-0149,Puly truyền động,Puly 2C,Puly 2C Ø160mm,Đường kính: 160mm | Loại: 2C,,360000
PLY-0150,Puly truyền động,Puly 3C,Puly 3C Đặc Ø160mm,Đường kính: 160mm | Loại: 3C Đặc,,555500
PLY-0151,Puly truyền động,Puly 4C,Puly 4C Đặc Ø160mm,Đường kính: 160mm | Loại: 4C Đặc,,945000
PLY-0152,Puly truyền động,Puly 5C,Puly 5C Đặc Ø160mm,Đường kính: 160mm | Loại: 5C Đặc,,1120000
PLY-0153,Puly truyền động,Puly 5B,Puly 5B Đặc Ø170mm,Đường kính: 170mm | Loại: 5B Đặc,,925000
PLY-0154,Puly truyền động,Puly 3C,Puly 3C Đặc Ø170mm,Đường kính: 170mm | Loại: 3C Đặc,,665000
PLY-0155,Puly truyền động,Puly 4C,Puly 4C Đặc Ø170mm,Đường kính: 170mm | Loại: 4C Đặc,,1120000
PLY-0156,Puly truyền động,Puly 5C,Puly 5C Đặc Ø170mm,Đường kính: 170mm | Loại: 5C Đặc,,1240000
PLY-0157,Puly truyền động,Puly 5B,Puly 5B Đặc Ø180mm,Đường kính: 180mm | Loại: 5B Đặc,,945000
PLY-0158,Puly truyền động,Puly 2C,Puly 2C Ø180mm,Đường kính: 180mm | Loại: 2C,,445000
PLY-0159,Puly truyền động,Puly 3C,Puly 3C Đặc Ø180mm,Đường kính: 180mm | Loại: 3C Đặc,,685000
PLY-0160,Puly truyền động,Puly 3C,Puly 3C Dĩa Ø180mm,Đường kính: 180mm | Loại: 3C Dĩa,,605000
PLY-0161,Puly truyền động,Puly 4C,Puly 4C Đặc Ø180mm,Đường kính: 180mm | Loại: 4C Đặc,,1210000
PLY-0162,Puly truyền động,Puly 5C,Puly 5C Đặc Ø180mm,Đường kính: 180mm | Loại: 5C Đặc,,1285000
PLY-0163,Puly truyền động,Puly 5B,Puly 5B Đặc Ø200mm,Đường kính: 200mm | Loại: 5B Đặc,,980000
PLY-0164,Puly truyền động,Puly 2C,Puly 2C Ø200mm,Đường kính: 200mm | Loại: 2C,,505000
PLY-0165,Puly truyền động,Puly 3C,Puly 3C Đặc Ø200mm,Đường kính: 200mm | Loại: 3C Đặc,,860000
PLY-0166,Puly truyền động,Puly 4C,Puly 4C Đặc Ø200mm,Đường kính: 200mm | Loại: 4C Đặc,,1375000
PLY-0167,Puly truyền động,Puly 4C,Puly 4C Dĩa Ø200mm,Đường kính: 200mm | Loại: 4C Dĩa,,880000
PLY-0168,Puly truyền động,Puly 5C,Puly 5C Đặc Ø200mm,Đường kính: 200mm | Loại: 5C Đặc,,1340000
PLY-0169,Puly truyền động,Puly 5B,Puly 5B Đặc Ø210mm,Đường kính: 210mm | Loại: 5B Đặc,,1080000
PLY-0170,Puly truyền động,Puly 3C,Puly 3C Đặc Ø210mm,Đường kính: 210mm | Loại: 3C Đặc,,1090000
PLY-0171,Puly truyền động,Puly 4C,Puly 4C Đặc Ø210mm,Đường kính: 210mm | Loại: 4C Đặc,,1460000
PLY-0172,Puly truyền động,Puly 5C,Puly 5C Đặc Ø210mm,Đường kính: 210mm | Loại: 5C Đặc,,1650000
PLY-0173,Puly truyền động,Puly 5B,Puly 5B Đặc Ø220mm,Đường kính: 220mm | Loại: 5B Đặc,,1210000
PLY-0174,Puly truyền động,Puly 2C,Puly 2C Ø220mm,Đường kính: 220mm | Loại: 2C,,545000
PLY-0175,Puly truyền động,Puly 3C,Puly 3C Đặc Ø220mm,Đường kính: 220mm | Loại: 3C Đặc,,1120000
PLY-0176,Puly truyền động,Puly 3C,Puly 3C Dĩa Ø220mm,Đường kính: 220mm | Loại: 3C Dĩa,,935000
PLY-0177,Puly truyền động,Puly 4C,Puly 4C Đặc Ø220mm,Đường kính: 220mm | Loại: 4C Đặc,,1640000
PLY-0178,Puly truyền động,Puly 5C,Puly 5C Đặc Ø220mm,Đường kính: 220mm | Loại: 5C Đặc,,1890000
PLY-0179,Puly truyền động,Puly 5B,Puly 5B Dĩa Ø250mm,Đường kính: 250mm | Loại: 5B Dĩa,,1210000
PLY-0180,Puly truyền động,Puly 3C,Puly 3C Dĩa Ø250mm,Đường kính: 250mm | Loại: 3C Dĩa,,770000
PLY-0181,Puly truyền động,Puly 4C,Puly 4C Dĩa Ø250mm,Đường kính: 250mm | Loại: 4C Dĩa,,1210000
PLY-0182,Puly truyền động,Puly 5C,Puly 5C Đặc Ø250mm,Đường kính: 250mm | Loại: 5C Đặc,,2340000
PLY-0183,Puly truyền động,Puly 4C,Puly 4C Dĩa Ø260mm,Đường kính: 260mm | Loại: 4C Dĩa,,1285000
PLY-0184,Puly truyền động,Puly 5B,Puly 5B Dĩa Ø280mm,Đường kính: 280mm | Loại: 5B Dĩa,,1540000
PLY-0185,Puly truyền động,Puly 3C,Puly 3C Dĩa Ø280mm,Đường kính: 280mm | Loại: 3C Dĩa,,945000
PLY-0186,Puly truyền động,Puly 4C,Puly 4C Dĩa Ø280mm,Đường kính: 280mm | Loại: 4C Dĩa,,1545000
PLY-0187,Puly truyền động,Puly 5C,Puly 5C Dĩa Ø280mm,Đường kính: 280mm | Loại: 5C Dĩa,,1725000
PLY-0188,Puly truyền động,Puly 5B,Puly 5B Dĩa Ø300mm,Đường kính: 300mm | Loại: 5B Dĩa,,1630000
PLY-0189,Puly truyền động,Puly 2C,Puly 2C Ø300mm,Đường kính: 300mm | Loại: 2C,,605000
PLY-0190,Puly truyền động,Puly 3C,Puly 3C Dĩa Ø300mm,Đường kính: 300mm | Loại: 3C Dĩa,,970000
PLY-0191,Puly truyền động,Puly 4C,Puly 4C Dĩa Ø300mm,Đường kính: 300mm | Loại: 4C Dĩa,,1650000
PLY-0192,Puly truyền động,Puly 5C,Puly 5C Dĩa Ø300mm,Đường kính: 300mm | Loại: 5C Dĩa,,1890000
PLY-0193,Puly truyền động,Puly 5B,Puly 5B Dĩa Ø320mm,Đường kính: 320mm | Loại: 5B Dĩa,,1725000
PLY-0194,Puly truyền động,Puly 3C,Puly 3C Dĩa Ø320mm,Đường kính: 320mm | Loại: 3C Dĩa,,1040000
PLY-0195,Puly truyền động,Puly 4C,Puly 4C Dĩa Ø320mm,Đường kính: 320mm | Loại: 4C Dĩa,,1725000
PLY-0196,Puly truyền động,Puly 5C,Puly 5C Dĩa Ø320mm,Đường kính: 320mm | Loại: 5C Dĩa,,2065000
PLY-0197,Puly truyền động,Puly 5B,Puly 5B Dĩa Ø350mm,Đường kính: 350mm | Loại: 5B Dĩa,,1815000
PLY-0198,Puly truyền động,Puly 2C,Puly 2C Ø350mm,Đường kính: 350mm | Loại: 2C,,1150000
PLY-0199,Puly truyền động,Puly 3C,Puly 3C Dĩa Ø350mm,Đường kính: 350mm | Loại: 3C Dĩa,,1290000
PLY-0200,Puly truyền động,Puly 4C,Puly 4C Dĩa Ø350mm,Đường kính: 350mm | Loại: 4C Dĩa,,1815000
PLY-0201,Puly truyền động,Puly 5C,Puly 5C Dĩa Ø350mm,Đường kính: 350mm | Loại: 5C Dĩa,,2250000
PLY-0202,Puly truyền động,Puly 5B,Puly 5B Dĩa Ø380mm,Đường kính: 380mm | Loại: 5B Dĩa,,1980000
PLY-0203,Puly truyền động,Puly 3C,Puly 3C Dĩa Ø380mm,Đường kính: 380mm | Loại: 3C Dĩa,,1375000
PLY-0204,Puly truyền động,Puly 4C,Puly 4C Dĩa Ø380mm,Đường kính: 380mm | Loại: 4C Dĩa,,2065000
PLY-0205,Puly truyền động,Puly 5C,Puly 5C Dĩa Ø380mm,Đường kính: 380mm | Loại: 5C Dĩa,,2420000
PLY-0206,Puly truyền động,Puly 5B,Puly 5B Dĩa Ø400mm,Đường kính: 400mm | Loại: 5B Dĩa,,2155000
PLY-0207,Puly truyền động,Puly 3C,Puly 3C Dĩa Ø400mm,Đường kính: 400mm | Loại: 3C Dĩa,,1550000
PLY-0208,Puly truyền động,Puly 4C,Puly 4C Dĩa Ø400mm,Đường kính: 400mm | Loại: 4C Dĩa,,2150000
PLY-0209,Puly truyền động,Puly 5C,Puly 5C Dĩa Ø400mm,Đường kính: 400mm | Loại: 5C Dĩa,,2760000
PLY-0210,Puly truyền động,Puly 5B,Puly 5B Dĩa Ø420mm,Đường kính: 420mm | Loại: 5B Dĩa,,2240000
PLY-0211,Puly truyền động,Puly 3C,Puly 3C Dĩa Ø420mm,Đường kính: 420mm | Loại: 3C Dĩa,,1725000
PLY-0212,Puly truyền động,Puly 4C,Puly 4C Dĩa Ø420mm,Đường kính: 420mm | Loại: 4C Dĩa,,2330000
PLY-0213,Puly truyền động,Puly 5C,Puly 5C Dĩa Ø420mm,Đường kính: 420mm | Loại: 5C Dĩa,,2935000
PLY-0214,Puly truyền động,Puly 5B,Puly 5B Dĩa Ø450mm,Đường kính: 450mm | Loại: 5B Dĩa,,2330000
PLY-0215,Puly truyền động,Puly 3C,Puly 3C Dĩa Ø450mm,Đường kính: 450mm | Loại: 3C Dĩa,,1895000
PLY-0216,Puly truyền động,Puly 4C,Puly 4C Dĩa Ø450mm,Đường kính: 450mm | Loại: 4C Dĩa,,2420000
PLY-0217,Puly truyền động,Puly 5C,Puly 5C Dĩa Ø450mm,Đường kính: 450mm | Loại: 5C Dĩa,,3025000
PLY-0218,Puly truyền động,Puly 5B,Puly 5B Dĩa Ø480mm,Đường kính: 480mm | Loại: 5B Dĩa,,2530000
PLY-0219,Puly truyền động,Puly 4C,Puly 4C Dĩa Ø480mm,Đường kính: 480mm | Loại: 4C Dĩa,,2760000
PLY-0220,Puly truyền động,Puly 5C,Puly 5C Dĩa Ø480mm,Đường kính: 480mm | Loại: 5C Dĩa,,3105000
PLY-0221,Puly truyền động,Puly 5B,Puly 5B Dĩa Ø500mm,Đường kính: 500mm | Loại: 5B Dĩa,,2670000
PLY-0222,Puly truyền động,Puly 3C,Puly 3C Dĩa Ø500mm,Đường kính: 500mm | Loại: 3C Dĩa,,2070000
PLY-0223,Puly truyền động,Puly 4C,Puly 4C Dĩa Ø500mm,Đường kính: 500mm | Loại: 4C Dĩa,,2835000
PLY-0224,Puly truyền động,Puly 5C,Puly 5C Dĩa Ø500mm,Đường kính: 500mm | Loại: 5C Dĩa,,3460000
PLY-0225,Puly truyền động,Puly 5B,Puly 5B Dĩa Ø520mm,Đường kính: 520mm | Loại: 5B Dĩa,,2915000
PLY-0226,Puly truyền động,Puly 3C,Puly 3C Dĩa Ø520mm,Đường kính: 520mm | Loại: 3C Dĩa,,2250000
PLY-0227,Puly truyền động,Puly 4C,Puly 4C Dĩa Ø520mm,Đường kính: 520mm | Loại: 4C Dĩa,,2935000
PLY-0228,Puly truyền động,Puly 5C,Puly 5C Dĩa Ø520mm,Đường kính: 520mm | Loại: 5C Dĩa,,3700000
PLY-0229,Puly truyền động,Puly 5B,Puly 5B Dĩa Ø550mm,Đường kính: 550mm | Loại: 5B Dĩa,,3110000
PLY-0230,Puly truyền động,Puly 3C,Puly 3C Dĩa Ø550mm,Đường kính: 550mm | Loại: 3C Dĩa,,2420000
PLY-0231,Puly truyền động,Puly 4C,Puly 4C Dĩa Ø550mm,Đường kính: 550mm | Loại: 4C Dĩa,,3275000
PLY-0232,Puly truyền động,Puly 5C,Puly 5C Dĩa Ø550mm,Đường kính: 550mm | Loại: 5C Dĩa,,4480000
PLY-0233,Puly truyền động,Puly 5B,Puly 5B Dĩa Ø600mm,Đường kính: 600mm | Loại: 5B Dĩa,,3260000
PLY-0234,Puly truyền động,Puly 3C,Puly 3C Dĩa Ø600mm,Đường kính: 600mm | Loại: 3C Dĩa,,2750000
PLY-0235,Puly truyền động,Puly 4C,Puly 4C Dĩa Ø600mm,Đường kính: 600mm | Loại: 4C Dĩa,,3450000
PLY-0236,Puly truyền động,Puly 5C,Puly 5C Dĩa Ø600mm,Đường kính: 600mm | Loại: 5C Dĩa,,4840000
MTC-0237,Puly truyền động,Mắt trâu,Mắt trâu SA6/SI6,Ren ngoài: SA6 | Ren trong: SI6,,30000
MTC-0238,Puly truyền động,Mắt trâu,Mắt trâu SA8/SI8,Ren ngoài: SA8 | Ren trong: SI8,,40000
MTC-0239,Puly truyền động,Mắt trâu,Mắt trâu SA10/SI10,Ren ngoài: SA10 | Ren trong: SI10,,50000
MTC-0240,Puly truyền động,Mắt trâu,Mắt trâu SA12/SI12,Ren ngoài: SA12 | Ren trong: SI12,,60000
MTC-0241,Puly truyền động,Mắt trâu,Mắt trâu SA14/SI14,Ren ngoài: SA14 | Ren trong: SI14,,80000
MTC-0242,Puly truyền động,Mắt trâu,Mắt trâu SA16/SI16,Ren ngoài: SA16 | Ren trong: SI16,,10000
MTC-0243,Puly truyền động,Mắt trâu,Mắt trâu SA18/SI18,Ren ngoài: SA18 | Ren trong: SI18,,140000
MTC-0244,Puly truyền động,Mắt trâu,Mắt trâu SA20/SI20,Ren ngoài: SA20 | Ren trong: SI20,,180000
BX-0245,Puly truyền động,Bánh xe,Bánh xe 6 Phân,Size: 6 Phân,,50000
BX-0246,Puly truyền động,Bánh xe,Bánh xe 8 Phân,Size: 8 Phân,,70000
BX-0247,Puly truyền động,Bánh xe,Bánh xe 9 Phân,Size: 9 Phân,,85000
BX-0248,Puly truyền động,Bánh xe,Bánh xe 1T,Size: 1T,,95000
BX-0249,Puly truyền động,Bánh xe,Bánh xe 1T2,Size: 1T2,,110000
BX-0250,Puly truyền động,Bánh xe,Bánh xe 120mm,Size: 120mm,,220000
BX-0251,Puly truyền động,Bánh xe,Bánh xe 150mm,Size: 150mm,,300000
BD-0252,Bạc đạn (Vòng bi),Bạc đạn rãnh sâu series 6000,Bạc đạn 6000 NSK,Mã: 6000,NSK,30000
BD-0253,Bạc đạn (Vòng bi),Bạc đạn rãnh sâu series 6000,Bạc đạn 6000 KOYO,Mã: 6000,KOYO,28000
BD-0254,Bạc đạn (Vòng bi),Bạc đạn rãnh sâu series 6000,Bạc đạn 6000 TQ,Mã: 6000,TQ,12000
BD-0255,Bạc đạn (Vòng bi),Bạc đạn rãnh sâu series 6000,Bạc đạn 6001 NSK,Mã: 6001,NSK,35000
BD-0256,Bạc đạn (Vòng bi),Bạc đạn rãnh sâu series 6000,Bạc đạn 6001 KOYO,Mã: 6001,KOYO,30000
BD-0257,Bạc đạn (Vòng bi),Bạc đạn rãnh sâu series 6000,Bạc đạn 6001 TQ,Mã: 6001,TQ,14000
BD-0258,Bạc đạn (Vòng bi),Bạc đạn rãnh sâu series 6000,Bạc đạn 6001 SKF,Mã: 6001,SKF,120000
BD-0259,Bạc đạn (Vòng bi),Bạc đạn rãnh sâu series 6000,Bạc đạn 6002 NSK,Mã: 6002,NSK,40000
BD-0260,Bạc đạn (Vòng bi),Bạc đạn rãnh sâu series 6000,Bạc đạn 6002 KOYO,Mã: 6002,KOYO,40000
BD-0261,Bạc đạn (Vòng bi),Bạc đạn rãnh sâu series 6000,Bạc đạn 6002 TQ,Mã: 6002,TQ,15000
BD-0262,Bạc đạn (Vòng bi),Bạc đạn rãnh sâu series 6000,Bạc đạn 6003 NSK,Mã: 6003,NSK,45000
BD-0263,Bạc đạn (Vòng bi),Bạc đạn rãnh sâu series 6000,Bạc đạn 6003 KOYO,Mã: 6003,KOYO,42000
BD-0264,Bạc đạn (Vòng bi),Bạc đạn rãnh sâu series 6000,Bạc đạn 6003 TQ,Mã: 6003,TQ,16000
BD-0265,Bạc đạn (Vòng bi),Bạc đạn rãnh sâu series 6000,Bạc đạn 6003 SKF,Mã: 6003,SKF,130000
BD-0266,Bạc đạn (Vòng bi),Bạc đạn rãnh sâu series 6000,Bạc đạn 6004 NSK,Mã: 6004,NSK,50000
BD-0267,Bạc đạn (Vòng bi),Bạc đạn rãnh sâu series 6000,Bạc đạn 6004 KOYO,Mã: 6004,KOYO,45000
BD-0268,Bạc đạn (Vòng bi),Bạc đạn rãnh sâu series 6000,Bạc đạn 6004 TQ,Mã: 6004,TQ,18000
BD-0269,Bạc đạn (Vòng bi),Bạc đạn rãnh sâu series 6000,Bạc đạn 6005 NSK,Mã: 6005,NSK,60000
BD-0270,Bạc đạn (Vòng bi),Bạc đạn rãnh sâu series 6000,Bạc đạn 6005 KOYO,Mã: 6005,KOYO,60000
BD-0271,Bạc đạn (Vòng bi),Bạc đạn rãnh sâu series 6000,Bạc đạn 6005 TQ,Mã: 6005,TQ,23000
BD-0272,Bạc đạn (Vòng bi),Bạc đạn rãnh sâu series 6000,Bạc đạn 6005 SKF,Mã: 6005,SKF,160
BD-0273,Bạc đạn (Vòng bi),Bạc đạn rãnh sâu series 6000,Bạc đạn 6006 NSK,Mã: 6006,NSK,80000
BD-0274,Bạc đạn (Vòng bi),Bạc đạn rãnh sâu series 6000,Bạc đạn 6006 KOYO,Mã: 6006,KOYO,70000
BD-0275,Bạc đạn (Vòng bi),Bạc đạn rãnh sâu series 6000,Bạc đạn 6006 TQ,Mã: 6006,TQ,26000
BD-0276,Bạc đạn (Vòng bi),Bạc đạn rãnh sâu series 6000,Bạc đạn 6006 SKF,Mã: 6006,SKF,175000
BD-0277,Bạc đạn (Vòng bi),Bạc đạn rãnh sâu series 6000,Bạc đạn 6007 NSK,Mã: 6007,NSK,90000
BD-0278,Bạc đạn (Vòng bi),Bạc đạn rãnh sâu series 6000,Bạc đạn 6007 KOYO,Mã: 6007,KOYO,75000
BD-0279,Bạc đạn (Vòng bi),Bạc đạn rãnh sâu series 6000,Bạc đạn 6007 TQ,Mã: 6007,TQ,30000
BD-0280,Bạc đạn (Vòng bi),Bạc đạn rãnh sâu series 6000,Bạc đạn 6008 NSK,Mã: 6008,NSK,130000
BD-0281,Bạc đạn (Vòng bi),Bạc đạn rãnh sâu series 6000,Bạc đạn 6008 KOYO,Mã: 6008,KOYO,115000
BD-0282,Bạc đạn (Vòng bi),Bạc đạn rãnh sâu series 6000,Bạc đạn 6008 TQ,Mã: 6008,TQ,40000
BD-0283,Bạc đạn (Vòng bi),Bạc đạn rãnh sâu series 6000,Bạc đạn 6008 SKF,Mã: 6008,SKF,370000
BD-0284,Bạc đạn (Vòng bi),Bạc đạn rãnh sâu series 6000,Bạc đạn 6009 NSK,Mã: 6009,NSK,160000
BD-0285,Bạc đạn (Vòng bi),Bạc đạn rãnh sâu series 6000,Bạc đạn 6009 KOYO,Mã: 6009,KOYO,135000
BD-0286,Bạc đạn (Vòng bi),Bạc đạn rãnh sâu series 6000,Bạc đạn 6009 TQ,Mã: 6009,TQ,55000
BD-0287,Bạc đạn (Vòng bi),Bạc đạn rãnh sâu series 6000,Bạc đạn 6010 NSK,Mã: 6010,NSK,195000
BD-0288,Bạc đạn (Vòng bi),Bạc đạn rãnh sâu series 6000,Bạc đạn 6010 KOYO,Mã: 6010,KOYO,170000
BD-0289,Bạc đạn (Vòng bi),Bạc đạn rãnh sâu series 6000,Bạc đạn 6010 TQ,Mã: 6010,TQ,60000
BD-0290,Bạc đạn (Vòng bi),Bạc đạn rãnh sâu series 6000,Bạc đạn 6010 SKF,Mã: 6010,SKF,520000
BD-0291,Bạc đạn (Vòng bi),Bạc đạn rãnh sâu series 6000,Bạc đạn 6011 NSK,Mã: 6011,NSK,275000
BD-0292,Bạc đạn (Vòng bi),Bạc đạn rãnh sâu series 6000,Bạc đạn 6011 KOYO,Mã: 6011,KOYO,230000
BD-0293,Bạc đạn (Vòng bi),Bạc đạn rãnh sâu series 6000,Bạc đạn 6011 TQ,Mã: 6011,TQ,85000
BD-0294,Bạc đạn (Vòng bi),Bạc đạn rãnh sâu series 6000,Bạc đạn 6012 KOYO,Mã: 6012,KOYO,300000
BD-0295,Bạc đạn (Vòng bi),Bạc đạn rãnh sâu series 6000,Bạc đạn 6012 TQ,Mã: 6012,TQ,115000
BD-0296,Bạc đạn (Vòng bi),Bạc đạn rãnh sâu series 6000,Bạc đạn 6013 KOYO,Mã: 6013,KOYO,385000
BD-0297,Bạc đạn (Vòng bi),Bạc đạn rãnh sâu series 6000,Bạc đạn 6013 TQ,Mã: 6013,TQ,145000
BD-0298,Bạc đạn (Vòng bi),Bạc đạn rãnh sâu series 6000,Bạc đạn 6014 NSK,Mã: 6014,NSK,460000
BD-0299,Bạc đạn (Vòng bi),Bạc đạn rãnh sâu series 6000,Bạc đạn 6014 KOYO,Mã: 6014,KOYO,415000
BD-0300,Bạc đạn (Vòng bi),Bạc đạn rãnh sâu series 6000,Bạc đạn 6014 TQ,Mã: 6014,TQ,16500
BD-0301,Bạc đạn (Vòng bi),Bạc đạn rãnh sâu series 6000,Bạc đạn 6015 KOYO,Mã: 6015,KOYO,470000
BD-0302,Bạc đạn (Vòng bi),Bạc đạn rãnh sâu series 6000,Bạc đạn 6015 TQ,Mã: 6015,TQ,265000
BD-0303,Bạc đạn (Vòng bi),Bạc đạn rãnh sâu series 6000,Bạc đạn 6016 TQ,Mã: 6016,TQ,310000
BD-0304,Bạc đạn (Vòng bi),Bạc đạn rãnh sâu series 6000,Bạc đạn 6018 TQ,Mã: 6018,TQ,320000
BD-0305,Bạc đạn (Vòng bi),Bạc đạn rãnh sâu series 6200,Bạc đạn 6200 NSK,Mã: 6200,NSK,38000
BD-0306,Bạc đạn (Vòng bi),Bạc đạn rãnh sâu series 6200,Bạc đạn 6200 KOYO,Mã: 6200,KOYO,33000
BD-0307,Bạc đạn (Vòng bi),Bạc đạn rãnh sâu series 6200,Bạc đạn 6200 TQ,Mã: 6200,TQ,12000
BD-0308,Bạc đạn (Vòng bi),Bạc đạn rãnh sâu series 6200,Bạc đạn 6201 NSK,Mã: 6201,NSK,40000
BD-0309,Bạc đạn (Vòng bi),Bạc đạn rãnh sâu series 6200,Bạc đạn 6201 KOYO,Mã: 6201,KOYO,35000
BD-0310,Bạc đạn (Vòng bi),Bạc đạn rãnh sâu series 6200,Bạc đạn 6201 TQ,Mã: 6201,TQ,13000
BD-0311,Bạc đạn (Vòng bi),Bạc đạn rãnh sâu series 6200,Bạc đạn 6202 NSK,Mã: 6202,NSK,55000
BD-0312,Bạc đạn (Vòng bi),Bạc đạn rãnh sâu series 6200,Bạc đạn 6202 KOYO,Mã: 6202,KOYO,40000
BD-0313,Bạc đạn (Vòng bi),Bạc đạn rãnh sâu series 6200,Bạc đạn 6202 TQ,Mã: 6202,TQ,14000
BD-0314,Bạc đạn (Vòng bi),Bạc đạn rãnh sâu series 6200,Bạc đạn 6202 SKF,Mã: 6202,SKF,140000
BD-0315,Bạc đạn (Vòng bi),Bạc đạn rãnh sâu series 6200,Bạc đạn 6203 NSK,Mã: 6203,NSK,75000
BD-0316,Bạc đạn (Vòng bi),Bạc đạn rãnh sâu series 6200,Bạc đạn 6203 KOYO,Mã: 6203,KOYO,55000
BD-0317,Bạc đạn (Vòng bi),Bạc đạn rãnh sâu series 6200,Bạc đạn 6203 TQ,Mã: 6203,TQ,16000
BD-0318,Bạc đạn (Vòng bi),Bạc đạn rãnh sâu series 6200,Bạc đạn 6204 NSK,Mã: 6204,NSK,80000
BD-0319,Bạc đạn (Vòng bi),Bạc đạn rãnh sâu series 6200,Bạc đạn 6204 KOYO,Mã: 6204,KOYO,65000
BD-0320,Bạc đạn (Vòng bi),Bạc đạn rãnh sâu series 6200,Bạc đạn 6204 TQ,Mã: 6204,TQ,24000
BD-0321,Bạc đạn (Vòng bi),Bạc đạn rãnh sâu series 6200,Bạc đạn 6204 SKF,Mã: 6204,SKF,175000
BD-0322,Bạc đạn (Vòng bi),Bạc đạn rãnh sâu series 6200,Bạc đạn 6205 NSK,Mã: 6205,NSK,90000
BD-0323,Bạc đạn (Vòng bi),Bạc đạn rãnh sâu series 6200,Bạc đạn 6205 KOYO,Mã: 6205,KOYO,70000
BD-0324,Bạc đạn (Vòng bi),Bạc đạn rãnh sâu series 6200,Bạc đạn 6205 TQ,Mã: 6205,TQ,26000
BD-0325,Bạc đạn (Vòng bi),Bạc đạn rãnh sâu series 6200,Bạc đạn 6206 NSK,Mã: 6206,NSK,100000
BD-0326,Bạc đạn (Vòng bi),Bạc đạn rãnh sâu series 6200,Bạc đạn 6206 KOYO,Mã: 6206,KOYO,80000
BD-0327,Bạc đạn (Vòng bi),Bạc đạn rãnh sâu series 6200,Bạc đạn 6206 TQ,Mã: 6206,TQ,40000
BD-0328,Bạc đạn (Vòng bi),Bạc đạn rãnh sâu series 6200,Bạc đạn 6206 SKF,Mã: 6206,SKF,230000
BD-0329,Bạc đạn (Vòng bi),Bạc đạn rãnh sâu series 6200,Bạc đạn 6207 NSK,Mã: 6207,NSK,130000
BD-0330,Bạc đạn (Vòng bi),Bạc đạn rãnh sâu series 6200,Bạc đạn 6207 KOYO,Mã: 6207,KOYO,115000
BD-0331,Bạc đạn (Vòng bi),Bạc đạn rãnh sâu series 6200,Bạc đạn 6207 TQ,Mã: 6207,TQ,50000
BD-0332,Bạc đạn (Vòng bi),Bạc đạn rãnh sâu series 6200,Bạc đạn 6208 NSK,Mã: 6208,NSK,160000
BD-0333,Bạc đạn (Vòng bi),Bạc đạn rãnh sâu series 6200,Bạc đạn 6208 KOYO,Mã: 6208,KOYO,145000
BD-0334,Bạc đạn (Vòng bi),Bạc đạn rãnh sâu series 6200,Bạc đạn 6208 TQ,Mã: 6208,TQ,70000
BD-0335,Bạc đạn (Vòng bi),Bạc đạn rãnh sâu series 6200,Bạc đạn 6209 NSK,Mã: 6209,NSK,190000
BD-0336,Bạc đạn (Vòng bi),Bạc đạn rãnh sâu series 6200,Bạc đạn 6209 KOYO,Mã: 6209,KOYO,170000
BD-0337,Bạc đạn (Vòng bi),Bạc đạn rãnh sâu series 6200,Bạc đạn 6209 TQ,Mã: 6209,TQ,85000
BD-0338,Bạc đạn (Vòng bi),Bạc đạn rãnh sâu series 6200,Bạc đạn 6210 NSK,Mã: 6210,NSK,255000
BD-0339,Bạc đạn (Vòng bi),Bạc đạn rãnh sâu series 6200,Bạc đạn 6210 KOYO,Mã: 6210,KOYO,225000
BD-0340,Bạc đạn (Vòng bi),Bạc đạn rãnh sâu series 6200,Bạc đạn 6210 TQ,Mã: 6210,TQ,100000
BD-0341,Bạc đạn (Vòng bi),Bạc đạn rãnh sâu series 6200,Bạc đạn 6211 NSK,Mã: 6211,NSK,295000
BD-0342,Bạc đạn (Vòng bi),Bạc đạn rãnh sâu series 6200,Bạc đạn 6211 KOYO,Mã: 6211,KOYO,255000
BD-0343,Bạc đạn (Vòng bi),Bạc đạn rãnh sâu series 6200,Bạc đạn 6211 TQ,Mã: 6211,TQ,115000
BD-0344,Bạc đạn (Vòng bi),Bạc đạn rãnh sâu series 6200,Bạc đạn 6212 NSK,Mã: 6212,NSK,350000
BD-0345,Bạc đạn (Vòng bi),Bạc đạn rãnh sâu series 6200,Bạc đạn 6212 KOYO,Mã: 6212,KOYO,305000
BD-0346,Bạc đạn (Vòng bi),Bạc đạn rãnh sâu series 6200,Bạc đạn 6212 TQ,Mã: 6212,TQ,140000
BD-0347,Bạc đạn (Vòng bi),Bạc đạn rãnh sâu series 6200,Bạc đạn 6213 NSK,Mã: 6213,NSK,500000
BD-0348,Bạc đạn (Vòng bi),Bạc đạn rãnh sâu series 6200,Bạc đạn 6213 KOYO,Mã: 6213,KOYO,435000
BD-0349,Bạc đạn (Vòng bi),Bạc đạn rãnh sâu series 6200,Bạc đạn 6213 TQ,Mã: 6213,TQ,170000
BD-0350,Bạc đạn (Vòng bi),Bạc đạn rãnh sâu series 6200,Bạc đạn 6214 NSK,Mã: 6214,NSK,690000
BD-0351,Bạc đạn (Vòng bi),Bạc đạn rãnh sâu series 6200,Bạc đạn 6214 KOYO,Mã: 6214,KOYO,530000
BD-0352,Bạc đạn (Vòng bi),Bạc đạn rãnh sâu series 6200,Bạc đạn 6214 TQ,Mã: 6214,TQ,200000
BD-0353,Bạc đạn (Vòng bi),Bạc đạn rãnh sâu series 6200,Bạc đạn 6215 NSK,Mã: 6215,NSK,695000
BD-0354,Bạc đạn (Vòng bi),Bạc đạn rãnh sâu series 6200,Bạc đạn 6215 KOYO,Mã: 6215,KOYO,600000
BD-0355,Bạc đạn (Vòng bi),Bạc đạn rãnh sâu series 6200,Bạc đạn 6215 TQ,Mã: 6215,TQ,250000
BD-0356,Bạc đạn (Vòng bi),Bạc đạn rãnh sâu series 6200,Bạc đạn 6216 KOYO,Mã: 6216,KOYO,660000
BD-0357,Bạc đạn (Vòng bi),Bạc đạn rãnh sâu series 6200,Bạc đạn 6216 TQ,Mã: 6216,TQ,275000
BD-0358,Bạc đạn (Vòng bi),Bạc đạn rãnh sâu series 6300,Bạc đạn 6300 NSK,Mã: 6300,NSK,70000
BD-0359,Bạc đạn (Vòng bi),Bạc đạn rãnh sâu series 6300,Bạc đạn 6300 KOYO,Mã: 6300,KOYO,60000
BD-0360,Bạc đạn (Vòng bi),Bạc đạn rãnh sâu series 6300,Bạc đạn 6300 TQ,Mã: 6300,TQ,15000
BD-0361,Bạc đạn (Vòng bi),Bạc đạn rãnh sâu series 6300,Bạc đạn 6301 NSK,Mã: 6301,NSK,75000
BD-0362,Bạc đạn (Vòng bi),Bạc đạn rãnh sâu series 6300,Bạc đạn 6301 KOYO,Mã: 6301,KOYO,65000
BD-0363,Bạc đạn (Vòng bi),Bạc đạn rãnh sâu series 6300,Bạc đạn 6301 TQ,Mã: 6301,TQ,17000
BD-0364,Bạc đạn (Vòng bi),Bạc đạn rãnh sâu series 6300,Bạc đạn 6302 NSK,Mã: 6302,NSK,80000
BD-0365,Bạc đạn (Vòng bi),Bạc đạn rãnh sâu series 6300,Bạc đạn 6302 KOYO,Mã: 6302,KOYO,68000
BD-0366,Bạc đạn (Vòng bi),Bạc đạn rãnh sâu series 6300,Bạc đạn 6302 TQ,Mã: 6302,TQ,22000
BD-0367,Bạc đạn (Vòng bi),Bạc đạn rãnh sâu series 6300,Bạc đạn 6303 NSK,Mã: 6303,NSK,85000
BD-0368,Bạc đạn (Vòng bi),Bạc đạn rãnh sâu series 6300,Bạc đạn 6303 KOYO,Mã: 6303,KOYO,70000
BD-0369,Bạc đạn (Vòng bi),Bạc đạn rãnh sâu series 6300,Bạc đạn 6303 TQ,Mã: 6303,TQ,26000
BD-0370,Bạc đạn (Vòng bi),Bạc đạn rãnh sâu series 6300,Bạc đạn 6304 NSK,Mã: 6304,NSK,90000
BD-0371,Bạc đạn (Vòng bi),Bạc đạn rãnh sâu series 6300,Bạc đạn 6304 KOYO,Mã: 6304,KOYO,75000
BD-0372,Bạc đạn (Vòng bi),Bạc đạn rãnh sâu series 6300,Bạc đạn 6304 TQ,Mã: 6304,TQ,30000
BD-0373,Bạc đạn (Vòng bi),Bạc đạn rãnh sâu series 6300,Bạc đạn 6304 SKF,Mã: 6304,SKF,215000
BD-0374,Bạc đạn (Vòng bi),Bạc đạn rãnh sâu series 6300,Bạc đạn 6305 NSK,Mã: 6305,NSK,100000
BD-0375,Bạc đạn (Vòng bi),Bạc đạn rãnh sâu series 6300,Bạc đạn 6305 KOYO,Mã: 6305,KOYO,85000
BD-0376,Bạc đạn (Vòng bi),Bạc đạn rãnh sâu series 6300,Bạc đạn 6305 TQ,Mã: 6305,TQ,45000
BD-0377,Bạc đạn (Vòng bi),Bạc đạn rãnh sâu series 6300,Bạc đạn 6306 NSK,Mã: 6306,NSK,150000
BD-0378,Bạc đạn (Vòng bi),Bạc đạn rãnh sâu series 6300,Bạc đạn 6306 KOYO,Mã: 6306,KOYO,130000
BD-0379,Bạc đạn (Vòng bi),Bạc đạn rãnh sâu series 6300,Bạc đạn 6306 TQ,Mã: 6306,TQ,65000
BD-0380,Bạc đạn (Vòng bi),Bạc đạn rãnh sâu series 6300,Bạc đạn 6306 SKF,Mã: 6306,SKF,315000
BD-0381,Bạc đạn (Vòng bi),Bạc đạn rãnh sâu series 6300,Bạc đạn 6307 NSK,Mã: 6307,NSK,235000
BD-0382,Bạc đạn (Vòng bi),Bạc đạn rãnh sâu series 6300,Bạc đạn 6307 KOYO,Mã: 6307,KOYO,145000
BD-0383,Bạc đạn (Vòng bi),Bạc đạn rãnh sâu series 6300,Bạc đạn 6307 TQ,Mã: 6307,TQ,75000
BD-0384,Bạc đạn (Vòng bi),Bạc đạn rãnh sâu series 6300,Bạc đạn 6307 SKF,Mã: 6307,SKF,470000
BD-0385,Bạc đạn (Vòng bi),Bạc đạn rãnh sâu series 6300,Bạc đạn 6308 NSK,Mã: 6308,NSK,270000
BD-0386,Bạc đạn (Vòng bi),Bạc đạn rãnh sâu series 6300,Bạc đạn 6308 KOYO,Mã: 6308,KOYO,225000
BD-0387,Bạc đạn (Vòng bi),Bạc đạn rãnh sâu series 6300,Bạc đạn 6308 TQ,Mã: 6308,TQ,110000
BD-0388,Bạc đạn (Vòng bi),Bạc đạn rãnh sâu series 6300,Bạc đạn 6308 SKF,Mã: 6308,SKF,620000
BD-0389,Bạc đạn (Vòng bi),Bạc đạn rãnh sâu series 6300,Bạc đạn 6309 NSK,Mã: 6309,NSK,390000
BD-0390,Bạc đạn (Vòng bi),Bạc đạn rãnh sâu series 6300,Bạc đạn 6309 KOYO,Mã: 6309,KOYO,320000
BD-0391,Bạc đạn (Vòng bi),Bạc đạn rãnh sâu series 6300,Bạc đạn 6309 TQ,Mã: 6309,TQ,155000
BD-0392,Bạc đạn (Vòng bi),Bạc đạn rãnh sâu series 6300,Bạc đạn 6310 NSK,Mã: 6310,NSK,480000
BD-0393,Bạc đạn (Vòng bi),Bạc đạn rãnh sâu series 6300,Bạc đạn 6310 KOYO,Mã: 6310,KOYO,415000
BD-0394,Bạc đạn (Vòng bi),Bạc đạn rãnh sâu series 6300,Bạc đạn 6310 TQ,Mã: 6310,TQ,180000
BD-0395,Bạc đạn (Vòng bi),Bạc đạn mini series 6900,Bạc đạn 6901 NSK,Mã: 6901,NSK,30000
BD-0396,Bạc đạn (Vòng bi),Bạc đạn mini series 6900,Bạc đạn 6901 TQ,Mã: 6901,TQ,15000
BD-0397,Bạc đạn (Vòng bi),Bạc đạn mini series 6900,Bạc đạn 6902 TQ,Mã: 6902,TQ,17000
BD-0398,Bạc đạn (Vòng bi),Bạc đạn mini series 6900,Bạc đạn 6903 TQ,Mã: 6903,TQ,22000
BD-0399,Bạc đạn (Vòng bi),Bạc đạn mini series 6900,Bạc đạn 6904 TQ,Mã: 6904,TQ,28000
BD-0400,Bạc đạn (Vòng bi),Bạc đạn mini series 6900,Bạc đạn 6905 TQ,Mã: 6905,TQ,33000
BD-0401,Bạc đạn (Vòng bi),Bạc đạn mini series 6900,Bạc đạn 6906 TQ,Mã: 6906,TQ,38000
BD-0402,Bạc đạn (Vòng bi),Bạc đạn mini series 6900,Bạc đạn 6907 TQ,Mã: 6907,TQ,44000
BD-0403,Bạc đạn (Vòng bi),Bạc đạn mini series 6900,Bạc đạn 6908 KOYO,Mã: 6908,KOYO,80
BD-0404,Bạc đạn (Vòng bi),Bạc đạn mini series 6900,Bạc đạn 6908 TQ,Mã: 6908,TQ,55000
BD-0405,Bạc đạn (Vòng bi),Bạc đạn mini series 6900,Bạc đạn 6909 TQ,Mã: 6909,TQ,66000
BD-0406,Bạc đạn (Vòng bi),Bạc đạn mini series 6900,Bạc đạn 6910 TQ,Mã: 6910,TQ,77000
BD-0407,Bạc đạn (Vòng bi),Bạc đạn chặn (Thrust Bearing) series 51100,Bạc đạn 51100 TQ,Mã: 51100,TQ,17000
BD-0408,Bạc đạn (Vòng bi),Bạc đạn chặn (Thrust Bearing) series 51100,Bạc đạn 51101 TQ,Mã: 51101,TQ,19000
BD-0409,Bạc đạn (Vòng bi),Bạc đạn chặn (Thrust Bearing) series 51100,Bạc đạn 51102 TQ,Mã: 51102,TQ,20000
BD-0410,Bạc đạn (Vòng bi),Bạc đạn chặn (Thrust Bearing) series 51100,Bạc đạn 51103 TQ,Mã: 51103,TQ,22000
BD-0411,Bạc đạn (Vòng bi),Bạc đạn chặn (Thrust Bearing) series 51100,Bạc đạn 51104 TQ,Mã: 51104,TQ,24000
BD-0412,Bạc đạn (Vòng bi),Bạc đạn chặn (Thrust Bearing) series 51100,Bạc đạn 51104 KYK,Mã: 51104,KYK,30000
BD-0413,Bạc đạn (Vòng bi),Bạc đạn chặn (Thrust Bearing) series 51100,Bạc đạn 51105 TQ,Mã: 51105,TQ,27000
BD-0414,Bạc đạn (Vòng bi),Bạc đạn chặn (Thrust Bearing) series 51100,Bạc đạn 51105 KYK,Mã: 51105,KYK,35000
BD-0415,Bạc đạn (Vòng bi),Bạc đạn chặn (Thrust Bearing) series 51100,Bạc đạn 51106 TQ,Mã: 51106,TQ,33000
BD-0416,Bạc đạn (Vòng bi),Bạc đạn chặn (Thrust Bearing) series 51100,Bạc đạn 51106 KYK,Mã: 51106,KYK,40000
BD-0417,Bạc đạn (Vòng bi),Bạc đạn chặn (Thrust Bearing) series 51100,Bạc đạn 51107 TQ,Mã: 51107,TQ,42000
BD-0418,Bạc đạn (Vòng bi),Bạc đạn chặn (Thrust Bearing) series 51100,Bạc đạn 51107 KYK,Mã: 51107,KYK,50000
BD-0419,Bạc đạn (Vòng bi),Bạc đạn chặn (Thrust Bearing) series 51100,Bạc đạn 51108 TQ,Mã: 51108,TQ,48000
BD-0420,Bạc đạn (Vòng bi),Bạc đạn chặn (Thrust Bearing) series 51100,Bạc đạn 51108 KYK,Mã: 51108,KYK,60000
BD-0421,Bạc đạn (Vòng bi),Bạc đạn chặn (Thrust Bearing) series 51100,Bạc đạn 51109 TQ,Mã: 51109,TQ,55000
BD-0422,Bạc đạn (Vòng bi),Bạc đạn chặn (Thrust Bearing) series 51100,Bạc đạn 51109 KYK,Mã: 51109,KYK,70000
BD-0423,Bạc đạn (Vòng bi),Bạc đạn chặn (Thrust Bearing) series 51100,Bạc đạn 51110 TQ,Mã: 51110,TQ,60000
BD-0424,Bạc đạn (Vòng bi),Bạc đạn chặn (Thrust Bearing) series 51100,Bạc đạn 51110 KYK,Mã: 51110,KYK,75000
BD-0425,Bạc đạn (Vòng bi),Bạc đạn chặn (Thrust Bearing) series 51100,Bạc đạn 51111 TQ,Mã: 51111,TQ,62000
BD-0426,Bạc đạn (Vòng bi),Bạc đạn chặn (Thrust Bearing) series 51100,Bạc đạn 51112 TQ,Mã: 51112,TQ,70000
BD-0427,Bạc đạn (Vòng bi),Bạc đạn chặn (Thrust Bearing) series 51100,Bạc đạn 51113 TQ,Mã: 51113,TQ,82000
BD-0428,Bạc đạn (Vòng bi),Bạc đạn chặn (Thrust Bearing) series 51100,Bạc đạn 51114 TQ,Mã: 51114,TQ,88000
BD-0429,Bạc đạn (Vòng bi),Bạc đạn chặn (Thrust Bearing) series 51100,Bạc đạn 51118 TQ,Mã: 51118,TQ,11000
BD-0430,Bạc đạn (Vòng bi),Bạc đạn rãnh sâu series 6800,Bạc đạn 6800 TQ,Mã: 6800,TQ,20000
BD-0431,Bạc đạn (Vòng bi),Bạc đạn rãnh sâu series 6800,Bạc đạn 6801 TQ,Mã: 6801,TQ,22000
BD-0432,Bạc đạn (Vòng bi),Bạc đạn rãnh sâu series 6800,Bạc đạn 6802 TQ,Mã: 6802,TQ,24000
BD-0433,Bạc đạn (Vòng bi),Bạc đạn rãnh sâu series 6800,Bạc đạn 6803 TQ,Mã: 6803,TQ,30000
BD-0434,Bạc đạn (Vòng bi),Bạc đạn rãnh sâu series 6800,Bạc đạn 6804 TQ,Mã: 6804,TQ,33000
BD-0435,Bạc đạn (Vòng bi),Bạc đạn rãnh sâu series 6800,Bạc đạn 6805 TQ,Mã: 6805,TQ,36000
BD-0436,Bạc đạn (Vòng bi),Bạc đạn côn (Taper Roller) series 302/303,Bạc đạn 30204 TQ,Mã: 30204,TQ,35000
BD-0437,Bạc đạn (Vòng bi),Bạc đạn côn (Taper Roller) series 302/303,Bạc đạn 30204 KYK,Mã: 30204,KYK,40000
BD-0438,Bạc đạn (Vòng bi),Bạc đạn côn (Taper Roller) series 302/303,Bạc đạn 30205 TQ,Mã: 30205,TQ,40000
BD-0439,Bạc đạn (Vòng bi),Bạc đạn côn (Taper Roller) series 302/303,Bạc đạn 30205 KYK,Mã: 30205,KYK,45000
BD-0440,Bạc đạn (Vòng bi),Bạc đạn côn (Taper Roller) series 302/303,Bạc đạn 30206 TQ,Mã: 30206,TQ,50000
BD-0441,Bạc đạn (Vòng bi),Bạc đạn côn (Taper Roller) series 302/303,Bạc đạn 30206 KYK,Mã: 30206,KYK,55000
BD-0442,Bạc đạn (Vòng bi),Bạc đạn côn (Taper Roller) series 302/303,Bạc đạn 30207 NSK,Mã: 30207,NSK,195
BD-0443,Bạc đạn (Vòng bi),Bạc đạn côn (Taper Roller) series 302/303,Bạc đạn 30207 TQ,Mã: 30207,TQ,70000
BD-0444,Bạc đạn (Vòng bi),Bạc đạn côn (Taper Roller) series 302/303,Bạc đạn 30207 KYK,Mã: 30207,KYK,75000
BD-0445,Bạc đạn (Vòng bi),Bạc đạn côn (Taper Roller) series 302/303,Bạc đạn 30208 NSK,Mã: 30208,NSK,240000
BD-0446,Bạc đạn (Vòng bi),Bạc đạn côn (Taper Roller) series 302/303,Bạc đạn 30208 TQ,Mã: 30208,TQ,90000
BD-0447,Bạc đạn (Vòng bi),Bạc đạn côn (Taper Roller) series 302/303,Bạc đạn 30208 KYK,Mã: 30208,KYK,95000
BD-0448,Bạc đạn (Vòng bi),Bạc đạn côn (Taper Roller) series 302/303,Bạc đạn 30209 NSK,Mã: 30209,NSK,255000
BD-0449,Bạc đạn (Vòng bi),Bạc đạn côn (Taper Roller) series 302/303,Bạc đạn 30209 TQ,Mã: 30209,TQ,95000
BD-0450,Bạc đạn (Vòng bi),Bạc đạn côn (Taper Roller) series 302/303,Bạc đạn 30209 KYK,Mã: 30209,KYK,105000
BD-0451,Bạc đạn (Vòng bi),Bạc đạn côn (Taper Roller) series 302/303,Bạc đạn 30210 NSK,Mã: 30210,NSK,280000
BD-0452,Bạc đạn (Vòng bi),Bạc đạn côn (Taper Roller) series 302/303,Bạc đạn 30210 TQ,Mã: 30210,TQ,105000
BD-0453,Bạc đạn (Vòng bi),Bạc đạn côn (Taper Roller) series 302/303,Bạc đạn 30210 KYK,Mã: 30210,KYK,115000
BD-0454,Bạc đạn (Vòng bi),Bạc đạn côn (Taper Roller) series 302/303,Bạc đạn 30211 NSK,Mã: 30211,NSK,350000
BD-0455,Bạc đạn (Vòng bi),Bạc đạn côn (Taper Roller) series 302/303,Bạc đạn 30211 TQ,Mã: 30211,TQ,140000
BD-0456,Bạc đạn (Vòng bi),Bạc đạn côn (Taper Roller) series 302/303,Bạc đạn 30212 NSK,Mã: 30212,NSK,410000
BD-0457,Bạc đạn (Vòng bi),Bạc đạn côn (Taper Roller) series 302/303,Bạc đạn 30212 TQ,Mã: 30212,TQ,165000
BD-0458,Bạc đạn (Vòng bi),Bạc đạn côn (Taper Roller) series 302/303,Bạc đạn 30212 KYK,Mã: 30212,KYK,190000
BD-0459,Bạc đạn (Vòng bi),Bạc đạn côn (Taper Roller) series 302/303,Bạc đạn 30214 TQ,Mã: 30214,TQ,210000
BD-0460,Bạc đạn (Vòng bi),Bạc đạn côn (Taper Roller) series 302/303,Bạc đạn 30305 NSK,Mã: 30305,NSK,170000
BD-0461,Bạc đạn (Vòng bi),Bạc đạn côn (Taper Roller) series 302/303,Bạc đạn 30305 TQ,Mã: 30305,TQ,65000
BD-0462,Bạc đạn (Vòng bi),Bạc đạn côn (Taper Roller) series 302/303,Bạc đạn 30305 KYK,Mã: 30305,KYK,70000
BD-0463,Bạc đạn (Vòng bi),Bạc đạn côn (Taper Roller) series 302/303,Bạc đạn 30307 NSK,Mã: 30307,NSK,255000
BD-0464,Bạc đạn (Vòng bi),Bạc đạn côn (Taper Roller) series 302/303,Bạc đạn 30307 KYK,Mã: 30307,KYK,90000
BD-0465,Bạc đạn (Vòng bi),Bạc đạn côn (Taper Roller) series 302/303,Bạc đạn 30308 NSK,Mã: 30308,NSK,305000
BD-0466,Bạc đạn (Vòng bi),Bạc đạn côn (Taper Roller) series 302/303,Bạc đạn 30308 KYK,Mã: 30308,KYK,115000
BD-0467,Bạc đạn (Vòng bi),Bạc đạn côn (Taper Roller) series 302/303,Bạc đạn 30309 NSK,Mã: 30309,NSK,375000
BD-0468,Bạc đạn (Vòng bi),Bạc đạn côn (Taper Roller) series 302/303,Bạc đạn 30309 KYK,Mã: 30309,KYK,130000
BD-0469,Bạc đạn (Vòng bi),Bạc đạn côn (Taper Roller) series 302/303,Bạc đạn 30310 NSK,Mã: 30310,NSK,465000
BD-0470,Bạc đạn (Vòng bi),Bạc đạn côn (Taper Roller) series 302/303,Bạc đạn 30310 KYK,Mã: 30310,KYK,160000
BD-0471,Bạc đạn (Vòng bi),Bạc đạn côn (Taper Roller) series 302/303,Bạc đạn 30311 KYK,Mã: 30311,KYK,215000
BD-0472,Bạc đạn (Vòng bi),Bạc đạn côn (Taper Roller) series 302/303,Bạc đạn 30312 KYK,Mã: 30312,KYK,260000
BD-0473,Bạc đạn (Vòng bi),Bạc đạn côn (Taper Roller) series 302/303,Bạc đạn 30313 KYK,Mã: 30313,KYK,335000
BD-0474,Bạc đạn (Vòng bi),Bạc đạn côn (Taper Roller) series 302/303,Bạc đạn 30314 KYK,Mã: 30314,KYK,410000
BD-0475,Bạc đạn (Vòng bi),Bạc đạn côn (Taper Roller) series 320/322,Bạc đạn 32004 NSK,Mã: 32004,NSK,115000
BD-0476,Bạc đạn (Vòng bi),Bạc đạn côn (Taper Roller) series 320/322,Bạc đạn 32005 NSK,Mã: 32005,NSK,120000
BD-0477,Bạc đạn (Vòng bi),Bạc đạn côn (Taper Roller) series 320/322,Bạc đạn 32006 NSK,Mã: 32006,NSK,140000
BD-0478,Bạc đạn (Vòng bi),Bạc đạn côn (Taper Roller) series 320/322,Bạc đạn 32007 NSK,Mã: 32007,NSK,160000
BD-0479,Bạc đạn (Vòng bi),Bạc đạn côn (Taper Roller) series 320/322,Bạc đạn 32007 TQ,Mã: 32007,TQ,130000
BD-0480,Bạc đạn (Vòng bi),Bạc đạn côn (Taper Roller) series 320/322,Bạc đạn 32008 NSK,Mã: 32008,NSK,170000
BD-0481,Bạc đạn (Vòng bi),Bạc đạn côn (Taper Roller) series 320/322,Bạc đạn 32009 NSK,Mã: 32009,NSK,210000
BD-0482,Bạc đạn (Vòng bi),Bạc đạn côn (Taper Roller) series 320/322,Bạc đạn 32010 NSK,Mã: 32010,NSK,255000
BD-0483,Bạc đạn (Vòng bi),Bạc đạn côn (Taper Roller) series 320/322,Bạc đạn 32011 NSK,Mã: 32011,NSK,280000
BD-0484,Bạc đạn (Vòng bi),Bạc đạn côn (Taper Roller) series 320/322,Bạc đạn 32012 NSK,Mã: 32012,NSK,330000
BD-0485,Bạc đạn (Vòng bi),Bạc đạn côn (Taper Roller) series 320/322,Bạc đạn 32014 NSK,Mã: 32014,NSK,365000
BD-0486,Bạc đạn (Vòng bi),Bạc đạn côn (Taper Roller) series 320/322,Bạc đạn 32022 TQ,Mã: 32022,TQ,530000
BD-0487,Bạc đạn (Vòng bi),Bạc đạn côn (Taper Roller) series 320/322,Bạc đạn 32024 TQ,Mã: 32024,TQ,565000
BD-0488,Bạc đạn (Vòng bi),Bạc đạn côn (Taper Roller) series 320/322,Bạc đạn 32204 TQ,Mã: 32204,TQ,65000
BD-0489,Bạc đạn (Vòng bi),Bạc đạn côn (Taper Roller) series 320/322,Bạc đạn 32204 KYK,Mã: 32204,KYK,65000
BD-0490,Bạc đạn (Vòng bi),Bạc đạn côn (Taper Roller) series 320/322,Bạc đạn 32205 TQ,Mã: 32205,TQ,70000
BD-0491,Bạc đạn (Vòng bi),Bạc đạn côn (Taper Roller) series 320/322,Bạc đạn 32205 KYK,Mã: 32205,KYK,70000
BD-0492,Bạc đạn (Vòng bi),Bạc đạn côn (Taper Roller) series 320/322,Bạc đạn 32206 NSK,Mã: 32206,NSK,155000
BD-0493,Bạc đạn (Vòng bi),Bạc đạn côn (Taper Roller) series 320/322,Bạc đạn 32206 TQ,Mã: 32206,TQ,75000
BD-0494,Bạc đạn (Vòng bi),Bạc đạn côn (Taper Roller) series 320/322,Bạc đạn 32206 KYK,Mã: 32206,KYK,75000
BD-0495,Bạc đạn (Vòng bi),Bạc đạn côn (Taper Roller) series 320/322,Bạc đạn 32207 NSK,Mã: 32207,NSK,180000
BD-0496,Bạc đạn (Vòng bi),Bạc đạn côn (Taper Roller) series 320/322,Bạc đạn 32207 TQ,Mã: 32207,TQ,90000
BD-0497,Bạc đạn (Vòng bi),Bạc đạn côn (Taper Roller) series 320/322,Bạc đạn 32207 KYK,Mã: 32207,KYK,90000
BD-0498,Bạc đạn (Vòng bi),Bạc đạn côn (Taper Roller) series 320/322,Bạc đạn 32208 NSK,Mã: 32208,NSK,210000
BD-0499,Bạc đạn (Vòng bi),Bạc đạn côn (Taper Roller) series 320/322,Bạc đạn 32208 TQ,Mã: 32208,TQ,100000
BD-0500,Bạc đạn (Vòng bi),Bạc đạn côn (Taper Roller) series 320/322,Bạc đạn 32208 KYK,Mã: 32208,KYK,105000
BD-0501,Bạc đạn (Vòng bi),Bạc đạn côn (Taper Roller) series 320/322,Bạc đạn 32209 NSK,Mã: 32209,NSK,240000
BD-0502,Bạc đạn (Vòng bi),Bạc đạn côn (Taper Roller) series 320/322,Bạc đạn 32209 TQ,Mã: 32209,TQ,110000
BD-0503,Bạc đạn (Vòng bi),Bạc đạn côn (Taper Roller) series 320/322,Bạc đạn 32209 KYK,Mã: 32209,KYK,115000
BD-0504,Bạc đạn (Vòng bi),Bạc đạn côn (Taper Roller) series 320/322,Bạc đạn 32210 NSK,Mã: 32210,NSK,255000
BD-0505,Bạc đạn (Vòng bi),Bạc đạn côn (Taper Roller) series 320/322,Bạc đạn 32210 TQ,Mã: 32210,TQ,115000
BD-0506,Bạc đạn (Vòng bi),Bạc đạn côn (Taper Roller) series 320/322,Bạc đạn 32210 KYK,Mã: 32210,KYK,150000
BD-0507,Bạc đạn (Vòng bi),Bạc đạn côn (Taper Roller) series 320/322,Bạc đạn 32211 TQ,Mã: 32211,TQ,140000
BD-0508,Bạc đạn (Vòng bi),Bạc đạn côn (Taper Roller) series 320/322,Bạc đạn 32211 KYK,Mã: 32211,KYK,185000
BD-0509,Bạc đạn (Vòng bi),Bạc đạn côn (Taper Roller) series 320/322,Bạc đạn 32212 NSK,Mã: 32212,NSK,280000
BD-0510,Bạc đạn (Vòng bi),Bạc đạn côn (Taper Roller) series 320/322,Bạc đạn 32212 TQ,Mã: 32212,TQ,185000
BD-0511,Bạc đạn (Vòng bi),Bạc đạn côn (Taper Roller) series 320/322,Bạc đạn 32212 KYK,Mã: 32212,KYK,250000
BD-0512,Bạc đạn (Vòng bi),Bạc đạn côn (Taper Roller) series 320/322,Bạc đạn 32213 TQ,Mã: 32213,TQ,235000
BD-0513,Bạc đạn (Vòng bi),Bạc đạn côn (Taper Roller) series 320/322,Bạc đạn 32213 KYK,Mã: 32213,KYK,320000
BD-0514,Bạc đạn (Vòng bi),Bạc đạn côn (Taper Roller) series 320/322,Bạc đạn 32214 TQ,Mã: 32214,TQ,250000
BD-0515,Bạc đạn (Vòng bi),Bạc đạn côn (Taper Roller) series 320/322,Bạc đạn 32214 KYK,Mã: 32214,KYK,330000
BD-0516,Bạc đạn (Vòng bi),Bạc đạn côn (Taper Roller) series 320/322,Bạc đạn 32215 TQ,Mã: 32215,TQ,280000
BD-0517,Bạc đạn (Vòng bi),Bạc đạn côn (Taper Roller) series 320/322,Bạc đạn 32215 KYK,Mã: 32215,KYK,360000
BD-0518,Bạc đạn (Vòng bi),Bạc đạn côn (Taper Roller) series 320/322,Bạc đạn 32216 TQ,Mã: 32216,TQ,315000
BD-0519,Bạc đạn (Vòng bi),Bạc đạn côn (Taper Roller) series 320/322,Bạc đạn 32216 KYK,Mã: 32216,KYK,420000
BD-0520,Bạc đạn (Vòng bi),Bạc đạn côn (Taper Roller) series 320/322,Bạc đạn 32217 TQ,Mã: 32217,TQ,380000
BD-0521,Bạc đạn (Vòng bi),Bạc đạn côn (Taper Roller) series 320/322,Bạc đạn 32217 KYK,Mã: 32217,KYK,505000
BD-0522,Bạc đạn (Vòng bi),Bạc đạn côn (Taper Roller) series 320/322,Bạc đạn 32218 TQ,Mã: 32218,TQ,600000
BD-0523,Bạc đạn (Vòng bi),Bạc đạn côn (Taper Roller) series 320/322,Bạc đạn 3984/20 TQ,Mã: 3984/20,TQ,180000
BD-0524,Bạc đạn (Vòng bi),Bạc đạn côn (Taper Roller) series 320/322,Bạc đạn 32219 NSK,Mã: 32219,NSK,1
BD-0525,Bạc đạn (Vòng bi),Bạc đạn côn (Taper Roller) series 320/322,Bạc đạn 32219 TQ,Mã: 32219,TQ,635000
BD-0526,Bạc đạn (Vòng bi),Bạc đạn côn (Taper Roller) series 320/322,Bạc đạn 32220 NSK,Mã: 32220,NSK,1
BD-0527,Bạc đạn (Vòng bi),Bạc đạn côn (Taper Roller) series 320/322,Bạc đạn 32220 TQ,Mã: 32220,TQ,825000
BD-0528,Bạc đạn (Vòng bi),Gối đỡ UCP,Bạc đạn UCP202 TQ,Mã: UCP202,TQ,80000
BD-0529,Bạc đạn (Vòng bi),Gối đỡ UCP,Bạc đạn UCP202 KYK,Mã: UCP202,KYK,95000
BD-0530,Bạc đạn (Vòng bi),Gối đỡ UCP,Bạc đạn UCP203 TQ,Mã: UCP203,TQ,75000
BD-0531,Bạc đạn (Vòng bi),Gối đỡ UCP,Bạc đạn UCP203 KYK,Mã: UCP203,KYK,100000
BD-0532,Bạc đạn (Vòng bi),Gối đỡ UCP,Bạc đạn UCP204 TQ,Mã: UCP204,TQ,70000
BD-0533,Bạc đạn (Vòng bi),Gối đỡ UCP,Bạc đạn UCP204 KYK,Mã: UCP204,KYK,90000
BD-0534,Bạc đạn (Vòng bi),Gối đỡ UCP,Bạc đạn UCP204 ASAHI,Mã: UCP204,ASAHI,180000
BD-0535,Bạc đạn (Vòng bi),Gối đỡ UCP,Bạc đạn UCP205 TQ,Mã: UCP205,TQ,85000
BD-0536,Bạc đạn (Vòng bi),Gối đỡ UCP,Bạc đạn UCP205 KYK,Mã: UCP205,KYK,100000
BD-0537,Bạc đạn (Vòng bi),Gối đỡ UCP,Bạc đạn UCP205 ASAHI,Mã: UCP205,ASAHI,230000
BD-0538,Bạc đạn (Vòng bi),Gối đỡ UCP,Bạc đạn UCP206 TQ,Mã: UCP206,TQ,100000
BD-0539,Bạc đạn (Vòng bi),Gối đỡ UCP,Bạc đạn UCP206 KYK,Mã: UCP206,KYK,130000
BD-0540,Bạc đạn (Vòng bi),Gối đỡ UCP,Bạc đạn UCP206 ASAHI,Mã: UCP206,ASAHI,270000
BD-0541,Bạc đạn (Vòng bi),Gối đỡ UCP,Bạc đạn UCP207 TQ,Mã: UCP207,TQ,130000
BD-0542,Bạc đạn (Vòng bi),Gối đỡ UCP,Bạc đạn UCP207 KYK,Mã: UCP207,KYK,170000
BD-0543,Bạc đạn (Vòng bi),Gối đỡ UCP,Bạc đạn UCP207 ASAHI,Mã: UCP207,ASAHI,320000
BD-0544,Bạc đạn (Vòng bi),Gối đỡ UCP,Bạc đạn UCP208 TQ,Mã: UCP208,TQ,170000
BD-0545,Bạc đạn (Vòng bi),Gối đỡ UCP,Bạc đạn UCP208 KYK,Mã: UCP208,KYK,200000
BD-0546,Bạc đạn (Vòng bi),Gối đỡ UCP,Bạc đạn UCP208 ASAHI,Mã: UCP208,ASAHI,400000
BD-0547,Bạc đạn (Vòng bi),Gối đỡ UCP,Bạc đạn UCP209 TQ,Mã: UCP209,TQ,185000
BD-0548,Bạc đạn (Vòng bi),Gối đỡ UCP,Bạc đạn UCP209 KYK,Mã: UCP209,KYK,235000
BD-0549,Bạc đạn (Vòng bi),Gối đỡ UCP,Bạc đạn UCP209 ASAHI,Mã: UCP209,ASAHI,510000
BD-0550,Bạc đạn (Vòng bi),Gối đỡ UCP,Bạc đạn UCP210 TQ,Mã: UCP210,TQ,220000
BD-0551,Bạc đạn (Vòng bi),Gối đỡ UCP,Bạc đạn UCP210 KYK,Mã: UCP210,KYK,270000
BD-0552,Bạc đạn (Vòng bi),Gối đỡ UCP,Bạc đạn UCP210 ASAHI,Mã: UCP210,ASAHI,590000
BD-0553,Bạc đạn (Vòng bi),Gối đỡ UCP,Bạc đạn UCP211 TQ,Mã: UCP211,TQ,300000
BD-0554,Bạc đạn (Vòng bi),Gối đỡ UCP,Bạc đạn UCP211 KYK,Mã: UCP211,KYK,375000
BD-0555,Bạc đạn (Vòng bi),Gối đỡ UCP,Bạc đạn UCP211 ASAHI,Mã: UCP211,ASAHI,65000
BD-0556,Bạc đạn (Vòng bi),Gối đỡ UCP,Bạc đạn UCP212 TQ,Mã: UCP212,TQ,360000
BD-0557,Bạc đạn (Vòng bi),Gối đỡ UCP,Bạc đạn UCP212 KYK,Mã: UCP212,KYK,460000
BD-0558,Bạc đạn (Vòng bi),Gối đỡ UCP,Bạc đạn UCP212 ASAHI,Mã: UCP212,ASAHI,725000
BD-0559,Bạc đạn (Vòng bi),Gối đỡ UCP,Bạc đạn UCP213 TQ,Mã: UCP213,TQ,430000
BD-0560,Bạc đạn (Vòng bi),Gối đỡ UCP,Bạc đạn UCP213 KYK,Mã: UCP213,KYK,550000
BD-0561,Bạc đạn (Vòng bi),Gối đỡ UCP,Bạc đạn UCP214 TQ,Mã: UCP214,TQ,515000
BD-0562,Bạc đạn (Vòng bi),Gối đỡ UCP,Bạc đạn UCP214 KYK,Mã: UCP214,KYK,605000
BD-0563,Bạc đạn (Vòng bi),Gối đỡ UCP,Bạc đạn UCP214 ASAHI,Mã: UCP214,ASAHI,1540000
BD-0564,Bạc đạn (Vòng bi),Gối đỡ UCP,Bạc đạn UCP215 TQ,Mã: UCP215,TQ,550000
BD-0565,Bạc đạn (Vòng bi),Gối đỡ UCP,Bạc đạn UCP216 TQ,Mã: UCP216,TQ,690000
BD-0566,Bạc đạn (Vòng bi),Gối đỡ UCP,Bạc đạn UCP216 KYK,Mã: UCP216,KYK,790000
BD-0567,Bạc đạn (Vòng bi),Gối đỡ UCP,Bạc đạn UCP217 TQ,Mã: UCP217,TQ,840000
BD-0568,Bạc đạn (Vòng bi),Gối đỡ UCP,Bạc đạn UCP217 KYK,Mã: UCP217,KYK,930000
BD-0569,Bạc đạn (Vòng bi),Gối đỡ UCP,Bạc đạn UCP218 TQ,Mã: UCP218,TQ,1020000
BD-0570,Bạc đạn (Vòng bi),Gối đỡ UCFL,Bạc đạn UCFL202 TQ,Mã: UCFL202,TQ,85000
BD-0571,Bạc đạn (Vòng bi),Gối đỡ UCFL,Bạc đạn UCFL203 TQ,Mã: UCFL203,TQ,80000
BD-0572,Bạc đạn (Vòng bi),Gối đỡ UCFL,Bạc đạn UCFL203 KYK,Mã: UCFL203,KYK,100000
BD-0573,Bạc đạn (Vòng bi),Gối đỡ UCFL,Bạc đạn UCFL204 TQ,Mã: UCFL204,TQ,75000
BD-0574,Bạc đạn (Vòng bi),Gối đỡ UCFL,Bạc đạn UCFL204 KYK,Mã: UCFL204,KYK,95000
BD-0575,Bạc đạn (Vòng bi),Gối đỡ UCFL,Bạc đạn UCFL204 ASAHI,Mã: UCFL204,ASAHI,240000
BD-0576,Bạc đạn (Vòng bi),Gối đỡ UCFL,Bạc đạn UCFL205 TQ,Mã: UCFL205,TQ,85000
BD-0577,Bạc đạn (Vòng bi),Gối đỡ UCFL,Bạc đạn UCFL205 KYK,Mã: UCFL205,KYK,110000
BD-0578,Bạc đạn (Vòng bi),Gối đỡ UCFL,Bạc đạn UCFL205 ASAHI,Mã: UCFL205,ASAHI,260000
BD-0579,Bạc đạn (Vòng bi),Gối đỡ UCFL,Bạc đạn UCFL206 TQ,Mã: UCFL206,TQ,120000
BD-0580,Bạc đạn (Vòng bi),Gối đỡ UCFL,Bạc đạn UCFL206 KYK,Mã: UCFL206,KYK,130000
BD-0581,Bạc đạn (Vòng bi),Gối đỡ UCFL,Bạc đạn UCFL206 ASAHI,Mã: UCFL206,ASAHI,305000
BD-0582,Bạc đạn (Vòng bi),Gối đỡ UCFL,Bạc đạn UCFL207 TQ,Mã: UCFL207,TQ,135000
BD-0583,Bạc đạn (Vòng bi),Gối đỡ UCFL,Bạc đạn UCFL207 ASAHI,Mã: UCFL207,ASAHI,350000
BD-0584,Bạc đạn (Vòng bi),Gối đỡ UCFL,Bạc đạn UCFL208 TQ,Mã: UCFL208,TQ,180000
BD-0585,Bạc đạn (Vòng bi),Gối đỡ UCFL,Bạc đạn UCFL208 ASAHI,Mã: UCFL208,ASAHI,370000
BD-0586,Bạc đạn (Vòng bi),Gối đỡ UCFL,Bạc đạn UCFL209 TQ,Mã: UCFL209,TQ,190000
BD-0587,Bạc đạn (Vòng bi),Gối đỡ UCFL,Bạc đạn UCFL209 KYK,Mã: UCFL209,KYK,275000
BD-0588,Bạc đạn (Vòng bi),Gối đỡ UCFL,Bạc đạn UCFL210 TQ,Mã: UCFL210,TQ,260000
BD-0589,Bạc đạn (Vòng bi),Gối đỡ UCFL,Bạc đạn UCFL211 TQ,Mã: UCFL211,TQ,285000
BD-0590,Bạc đạn (Vòng bi),Gối đỡ UCFC,Bạc đạn UCFC206 TQ,Mã: UCFC206,TQ,170000
BD-0591,Bạc đạn (Vòng bi),Gối đỡ UCFC,Bạc đạn UCFC207 TQ,Mã: UCFC207,TQ,180000
BD-0592,Bạc đạn (Vòng bi),Gối đỡ UCFC,Bạc đạn UCFC212 TQ,Mã: UCFC212,TQ,780000
BD-0593,Bạc đạn (Vòng bi),Gối đỡ UCFC,Bạc đạn UCFC212 KYK,Mã: UCFC212,KYK,415000
BD-0594,Bạc đạn (Vòng bi),Gối đỡ UCPH,Bạc đạn UCPH204 KYK,Mã: UCPH204,KYK,95000
BD-0595,Bạc đạn (Vòng bi),Gối đỡ UCFB,Bạc đạn UCFB 203 TQ,Mã: UCFB 203,TQ,150000
BD-0596,Bạc đạn (Vòng bi),Gối đỡ UCFB,Bạc đạn UCFB 203 ASAHI,Mã: UCFB 203,ASAHI,330000
BD-0597,Bạc đạn (Vòng bi),Gối đỡ UCFC,Bạc đạn UCFC205 TQ,Mã: UCFC205,TQ,140000
BD-0598,Bạc đạn (Vòng bi),Gối đỡ UCFC,Bạc đạn UCFC208 TQ,Mã: UCFC208,TQ,200000
BD-0599,Bạc đạn (Vòng bi),Gối đỡ UCFC,Bạc đạn UCFC208 ASAHI,Mã: UCFC208,ASAHI,530000
BD-0600,Bạc đạn (Vòng bi),Gối đỡ UKP,Bạc đạn UKP 207 TQ,Mã: UKP 207,TQ,180000
BD-0601,Bạc đạn (Vòng bi),Gối đỡ UKP,Bạc đạn UKP 207 KYK,Mã: UKP 207,KYK,240000
BD-0602,Bạc đạn (Vòng bi),Gối đỡ UKP,Bạc đạn UKP 208 TQ,Mã: UKP 208,TQ,240000
BD-0603,Bạc đạn (Vòng bi),Gối đỡ UKP,Bạc đạn UKP 208 KYK,Mã: UKP 208,KYK,255000
BD-0604,Bạc đạn (Vòng bi),Gối đỡ UKP,Bạc đạn UKP 209 TQ,Mã: UKP 209,TQ,270000
BD-0605,Bạc đạn (Vòng bi),Gối đỡ UKP,Bạc đạn UKP 209 KYK,Mã: UKP 209,KYK,335000
BD-0606,Bạc đạn (Vòng bi),Gối đỡ UKP,Bạc đạn UKP 210 TQ,Mã: UKP 210,TQ,330000
BD-0607,Bạc đạn (Vòng bi),Gối đỡ UKP,Bạc đạn UKP 210 KYK,Mã: UKP 210,KYK,415000
BD-0608,Bạc đạn (Vòng bi),Gối đỡ UKP,Bạc đạn UKP 210 ASAHI,Mã: UKP 210,ASAHI,670000
BD-0609,Bạc đạn (Vòng bi),Gối đỡ UKP,Bạc đạn UKP 211 TQ,Mã: UKP 211,TQ,430000
BD-0610,Bạc đạn (Vòng bi),Gối đỡ UKP,Bạc đạn UKP 211 KYK,Mã: UKP 211,KYK,540000
BD-0611,Bạc đạn (Vòng bi),Gối đỡ UKP,Bạc đạn UKP 211 ASAHI,Mã: UKP 211,ASAHI,935000
BD-0612,Bạc đạn (Vòng bi),Gối đỡ UKP,Bạc đạn UKP 212 TQ,Mã: UKP 212,TQ,540000
BD-0613,Bạc đạn (Vòng bi),Gối đỡ UKP,Bạc đạn UKP 212 KYK,Mã: UKP 212,KYK,675000
BD-0614,Bạc đạn (Vòng bi),Gối đỡ UKP,Bạc đạn UKP 213 TQ,Mã: UKP 213,TQ,620000
BD-0615,Bạc đạn (Vòng bi),Gối đỡ UKP,Bạc đạn UKP 213 KYK,Mã: UKP 213,KYK,780000
BD-0616,Bạc đạn (Vòng bi),Gối đỡ UKP,Bạc đạn UKP 213 ASAHI,Mã: UKP 213,ASAHI,1270000
BD-0617,Bạc đạn (Vòng bi),Gối đỡ UKP,Bạc đạn UKP 214 KYK,Mã: UKP 214,KYK,965000
BD-0618,Bạc đạn (Vòng bi),Gối đỡ UKP,Bạc đạn UKP 215 TQ,Mã: UKP 215,TQ,940000
BD-0619,Bạc đạn (Vòng bi),Gối đỡ UKP,Bạc đạn UKP 215 KYK,Mã: UKP 215,KYK,1175000
BD-0620,Bạc đạn (Vòng bi),Gối đỡ UKP,Bạc đạn UKP 216 TQ,Mã: UKP 216,TQ,1060000
BD-0621,Bạc đạn (Vòng bi),Gối đỡ UKP,Bạc đạn UKP 216 KYK,Mã: UKP 216,KYK,1335000
BD-0622,Bạc đạn (Vòng bi),Gối đỡ UKF,Bạc đạn UKF211 TQ,Mã: UKF211,TQ,440000
BD-0623,Bạc đạn (Vòng bi),Gối đỡ UKF,Bạc đạn UKF211 ASAHI,Mã: UKF211,ASAHI,950000
BD-0624,Bạc đạn (Vòng bi),Gối đỡ UCF,Bạc đạn UCF203 TQ,Mã: UCF203,TQ,83000
BD-0625,Bạc đạn (Vòng bi),Gối đỡ UCF,Bạc đạn UCF204 TQ,Mã: UCF204,TQ,85000
BD-0626,Bạc đạn (Vòng bi),Gối đỡ UCF,Bạc đạn UCF204 KYK,Mã: UCF204,KYK,100000
BD-0627,Bạc đạn (Vòng bi),Gối đỡ UCF,Bạc đạn UCF204 ASAHI,Mã: UCF204,ASAHI,210000
BD-0628,Bạc đạn (Vòng bi),Gối đỡ UCF,Bạc đạn UCF205 TQ,Mã: UCF205,TQ,90000
BD-0629,Bạc đạn (Vòng bi),Gối đỡ UCF,Bạc đạn UCF205 KYK,Mã: UCF205,KYK,110000
BD-0630,Bạc đạn (Vòng bi),Gối đỡ UCF,Bạc đạn UCF205 ASAHI,Mã: UCF205,ASAHI,270000
BD-0631,Bạc đạn (Vòng bi),Gối đỡ UCF,Bạc đạn UCF206 TQ,Mã: UCF206,TQ,115000
BD-0632,Bạc đạn (Vòng bi),Gối đỡ UCF,Bạc đạn UCF206 KYK,Mã: UCF206,KYK,135000
BD-0633,Bạc đạn (Vòng bi),Gối đỡ UCF,Bạc đạn UCF206 ASAHI,Mã: UCF206,ASAHI,305000
BD-0634,Bạc đạn (Vòng bi),Gối đỡ UCF,Bạc đạn UCF207 TQ,Mã: UCF207,TQ,140000
BD-0635,Bạc đạn (Vòng bi),Gối đỡ UCF,Bạc đạn UCF207 KYK,Mã: UCF207,KYK,175000
BD-0636,Bạc đạn (Vòng bi),Gối đỡ UCF,Bạc đạn UCF207 ASAHI,Mã: UCF207,ASAHI,340000
BD-0637,Bạc đạn (Vòng bi),Gối đỡ UCF,Bạc đạn UCF208 TQ,Mã: UCF208,TQ,175000
BD-0638,Bạc đạn (Vòng bi),Gối đỡ UCF,Bạc đạn UCF208 KYK,Mã: UCF208,KYK,220000
BD-0639,Bạc đạn (Vòng bi),Gối đỡ UCF,Bạc đạn UCF208 ASAHI,Mã: UCF208,ASAHI,410000
BD-0640,Bạc đạn (Vòng bi),Gối đỡ UCF,Bạc đạn UCF209 TQ,Mã: UCF209,TQ,190000
BD-0641,Bạc đạn (Vòng bi),Gối đỡ UCF,Bạc đạn UCF209 KYK,Mã: UCF209,KYK,240000
BD-0642,Bạc đạn (Vòng bi),Gối đỡ UCF,Bạc đạn UCF209 ASAHI,Mã: UCF209,ASAHI,570000
BD-0643,Bạc đạn (Vòng bi),Gối đỡ UCF,Bạc đạn UCF210 TQ,Mã: UCF210,TQ,255000
BD-0644,Bạc đạn (Vòng bi),Gối đỡ UCF,Bạc đạn UCF210 KYK,Mã: UCF210,KYK,320000
BD-0645,Bạc đạn (Vòng bi),Gối đỡ UCF,Bạc đạn UCF210 ASAHI,Mã: UCF210,ASAHI,665000
BD-0646,Bạc đạn (Vòng bi),Gối đỡ UCF,Bạc đạn UCF211 TQ,Mã: UCF211,TQ,310000
BD-0647,Bạc đạn (Vòng bi),Gối đỡ UCF,Bạc đạn UCF211 KYK,Mã: UCF211,KYK,390000
BD-0648,Bạc đạn (Vòng bi),Gối đỡ UCF,Bạc đạn UCF212 TQ,Mã: UCF212,TQ,410000
BD-0649,Bạc đạn (Vòng bi),Gối đỡ UCF,Bạc đạn UCF212 KYK,Mã: UCF212,KYK,510000
BD-0650,Bạc đạn (Vòng bi),Gối đỡ UCF,Bạc đạn UCF213 KYK,Mã: UCF213,KYK,605000
BD-0651,Bạc đạn (Vòng bi),Gối đỡ UCF,Bạc đạn UCF214 TQ,Mã: UCF214,TQ,530000
BD-0652,Bạc đạn (Vòng bi),Gối đỡ UCF,Bạc đạn UCF214 KYK,Mã: UCF214,KYK,690000
BD-0653,Bạc đạn (Vòng bi),Gối đỡ UCF,Bạc đạn UCF216 TQ,Mã: UCF216,TQ,705000
BD-0654,Bạc đạn (Vòng bi),Gối đỡ UCF,Bạc đạn UCF216 ASAHI,Mã: UCF216,ASAHI,2150000
BD-0655,Bạc đạn (Vòng bi),Gối đỡ UCF,Bạc đạn UCF217 KYK,Mã: UCF217,KYK,825000
BD-0656,Bạc đạn (Vòng bi),Gối đỡ UCT,Bạc đạn UCT 204 TQ,Mã: UCT 204,TQ,90000
BD-0657,Bạc đạn (Vòng bi),Gối đỡ UCT,Bạc đạn UCT 204 KYK,Mã: UCT 204,KYK,110000
BD-0658,Bạc đạn (Vòng bi),Gối đỡ UCT,Bạc đạn UCT 205 TQ,Mã: UCT 205,TQ,100000
BD-0659,Bạc đạn (Vòng bi),Gối đỡ UCT,Bạc đạn UCT 205 KYK,Mã: UCT 205,KYK,125000
BD-0660,Bạc đạn (Vòng bi),Gối đỡ UCT,Bạc đạn UCT 206 TQ,Mã: UCT 206,TQ,120000
BD-0661,Bạc đạn (Vòng bi),Gối đỡ UCT,Bạc đạn UCT 206 KYK,Mã: UCT 206,KYK,150000
BD-0662,Bạc đạn (Vòng bi),Gối đỡ UCT,Bạc đạn UCT 206 ASAHI,Mã: UCT 206,ASAHI,370000
BD-0663,Bạc đạn (Vòng bi),Gối đỡ UCT,Bạc đạn UCT 207 TQ,Mã: UCT 207,TQ,140000
BD-0664,Bạc đạn (Vòng bi),Gối đỡ UCT,Bạc đạn UCT 207 KYK,Mã: UCT 207,KYK,180000
BD-0665,Bạc đạn (Vòng bi),Gối đỡ UCT,Bạc đạn UCT 207 ASAHI,Mã: UCT 207,ASAHI,460000
BD-0666,Bạc đạn (Vòng bi),Gối đỡ UCT,Bạc đạn UCT 208 TQ,Mã: UCT 208,TQ,185000
BD-0667,Bạc đạn (Vòng bi),Gối đỡ UCT,Bạc đạn UCT 208 KYK,Mã: UCT 208,KYK,235000
BD-0668,Bạc đạn (Vòng bi),Gối đỡ UCT,Bạc đạn UCT 209 TQ,Mã: UCT 209,TQ,260000
BD-0669,Bạc đạn (Vòng bi),Gối đỡ UCT,Bạc đạn UCT 209 KYK,Mã: UCT 209,KYK,330000
BD-0670,Bạc đạn (Vòng bi),Gối đỡ UCT,Bạc đạn UCT 210 TQ,Mã: UCT 210,TQ,320000
BD-0671,Bạc đạn (Vòng bi),Gối đỡ UCT,Bạc đạn UCT 210 KYK,Mã: UCT 210,KYK,400000
BD-0672,Bạc đạn (Vòng bi),Gối đỡ UCT,Bạc đạn UCT 211 TQ,Mã: UCT 211,TQ,385000
BD-0673,Bạc đạn (Vòng bi),Gối đỡ UCT,Bạc đạn UCT 212 TQ,Mã: UCT 212,TQ,530000
BD-0674,Bạc đạn (Vòng bi),Gối đỡ UCT,Bạc đạn UCT 212 ASAHI,Mã: UCT 212,ASAHI,230000
BD-0675,Bạc đạn (Vòng bi),Gối đỡ UCHA,Bạc đạn UCHA205 TQ,Mã: UCHA205,TQ,150000
BD-0676,Bạc đạn (Vòng bi),Gối đỡ UCHA,Bạc đạn UCHA205 ASAHI,Mã: UCHA205,ASAHI,275000
BD-0677,Bạc đạn (Vòng bi),Gối đỡ UCFB,Bạc đạn UCFB 205 TQ,Mã: UCFB 205,TQ,125000
BD-0678,Bạc đạn (Vòng bi),Gối đỡ UCFB,Bạc đạn UCFB 205 ASAHI,Mã: UCFB 205,ASAHI,1265000
BD-0679,Bạc đạn (Vòng bi),Gối đỡ UCFB,Bạc đạn UCFB 206 TQ,Mã: UCFB 206,TQ,150000
BD-0680,Bạc đạn (Vòng bi),Gối đỡ UCFB,Bạc đạn UCFB 206 ASAHI,Mã: UCFB 206,ASAHI,2420000
BD-0681,Bạc đạn (Vòng bi),Gối đỡ UCFB,Bạc đạn UCFB 207 TQ,Mã: UCFB 207,TQ,155000
BD-0682,Bạc đạn (Vòng bi),Gối đỡ UCPA,Bạc đạn UCPA204 TQ,Mã: UCPA204,TQ,70000
BD-0683,Bạc đạn (Vòng bi),Gối đỡ UCPA,Bạc đạn UCPA204 ASAHI,Mã: UCPA204,ASAHI,50000
BD-0684,Bạc đạn (Vòng bi),Gối đỡ UCPA,Bạc đạn UCPA205 TQ,Mã: UCPA205,TQ,80000
BD-0685,Bạc đạn (Vòng bi),Gối đỡ UCPA,Bạc đạn UCPA206 TQ,Mã: UCPA206,TQ,110000
BD-0686,Bạc đạn (Vòng bi),Gối đỡ UCPA,Bạc đạn UCPA206 ASAHI,Mã: UCPA206,ASAHI,40000
BD-0687,Bạc đạn (Vòng bi),Gối đỡ UCPA,Bạc đạn UCPA207 TQ,Mã: UCPA207,TQ,155000
BD-0688,Bạc đạn (Vòng bi),Gối đỡ UCPA,Bạc đạn UCPA208 TQ,Mã: UCPA208,TQ,180000
BD-0689,Bạc đạn (Vòng bi),Gối đỡ LM,Bạc đạn LM 20UU TQ,Mã: LM 20UU,TQ,70000
BD-0690,Bạc đạn (Vòng bi),Gối đỡ LM,Bạc đạn LM 20UU ASAHI,Mã: LM 20UU,ASAHI,90000
BD-0691,Bạc đạn (Vòng bi),Gối đỡ SCS,Bạc đạn SCS 30UU TQ,Mã: SCS 30UU,TQ,185000
BD-0692,Bạc đạn (Vòng bi),Gối đỡ SCS,Bạc đạn SCS 30UU ASAHI,Mã: SCS 30UU,ASAHI,120000
XIC-0693,Xích truyền động,Dây xích con lăn,Dây xích 05B TQ,Quy cách: 05B,TQ,350
XIC-0694,Xích truyền động,Dây xích con lăn,Dây xích 06B-1R TQ,Quy cách: 06B-1R,TQ,200
XIC-0695,Xích truyền động,Dây xích con lăn,Dây xích 06B-2R TQ,Quy cách: 06B-2R,TQ,380
XIC-0696,Xích truyền động,Dây xích con lăn,Dây xích 08B-1R TQ,Quy cách: 08B-1R,TQ,200
XIC-0697,Xích truyền động,Dây xích con lăn,Dây xích 08B-1R Nhật,Quy cách: 08B-1R,Nhật,230
XIC-0698,Xích truyền động,Dây xích con lăn,Dây xích 25-1R TQ,Quy cách: 25-1R,TQ,195
XIC-0699,Xích truyền động,Dây xích con lăn,Dây xích 25-1R KANA ĐEN,Quy cách: 25-1R,KANA ĐEN,470
XIC-0700,Xích truyền động,Dây xích con lăn,Dây xích 25-2R TQ,Quy cách: 25-2R,TQ,485
XIC-0701,Xích truyền động,Dây xích con lăn,Dây xích 25-2R KANA ĐEN,Quy cách: 25-2R,KANA ĐEN,1045
XIC-0702,Xích truyền động,Dây xích con lăn,Dây xích 35-1R TQ,Quy cách: 35-1R,TQ,155
XIC-0703,Xích truyền động,Dây xích con lăn,Dây xích 35-1R HQ,Quy cách: 35-1R,HQ,275
XIC-0704,Xích truyền động,Dây xích con lăn,Dây xích 35-1R KANA ĐEN,Quy cách: 35-1R,KANA ĐEN,440
XIC-0705,Xích truyền động,Dây xích con lăn,Dây xích 35-2R TQ,Quy cách: 35-2R,TQ,390
XIC-0706,Xích truyền động,Dây xích con lăn,Dây xích 35-2R HQ,Quy cách: 35-2R,HQ,550
XIC-0707,Xích truyền động,Dây xích con lăn,Dây xích 35-2R KANA ĐEN,Quy cách: 35-2R,KANA ĐEN,935
XIC-0708,Xích truyền động,Dây xích con lăn,Dây xích 40-1R TQ,Quy cách: 40-1R,TQ,160
XIC-0709,Xích truyền động,Dây xích con lăn,Dây xích 40-1R HQ,Quy cách: 40-1R,HQ,275
XIC-0710,Xích truyền động,Dây xích con lăn,Dây xích 40-1R Nhật,Quy cách: 40-1R,Nhật,460
XIC-0711,Xích truyền động,Dây xích con lăn,Dây xích 40-1R KANA ĐEN,Quy cách: 40-1R,KANA ĐEN,565
XIC-0712,Xích truyền động,Dây xích con lăn,Dây xích 40-2R TQ,Quy cách: 40-2R,TQ,380
XIC-0713,Xích truyền động,Dây xích con lăn,Dây xích 40-2R HQ,Quy cách: 40-2R,HQ,544
XIC-0714,Xích truyền động,Dây xích con lăn,Dây xích 40-2R KANA ĐEN,Quy cách: 40-2R,KANA ĐEN,1240
XIC-0715,Xích truyền động,Dây xích con lăn,Dây xích 50-1R TQ,Quy cách: 50-1R,TQ,200
XIC-0716,Xích truyền động,Dây xích con lăn,Dây xích 50-1R HQ,Quy cách: 50-1R,HQ,385
XIC-0717,Xích truyền động,Dây xích con lăn,Dây xích 50-1R KANA ĐEN,Quy cách: 50-1R,KANA ĐEN,775
XIC-0718,Xích truyền động,Dây xích con lăn,Dây xích 50-2R TQ,Quy cách: 50-2R,TQ,490
XIC-0719,Xích truyền động,Dây xích con lăn,Dây xích 50-2R HQ,Quy cách: 50-2R,HQ,800
XIC-0720,Xích truyền động,Dây xích con lăn,Dây xích 50-2R KANA ĐEN,Quy cách: 50-2R,KANA ĐEN,1875
XIC-0721,Xích truyền động,Dây xích con lăn,Dây xích 60-1R TQ,Quy cách: 60-1R,TQ,295
XIC-0722,Xích truyền động,Dây xích con lăn,Dây xích 60-1R HQ,Quy cách: 60-1R,HQ,565
XIC-0723,Xích truyền động,Dây xích con lăn,Dây xích 60-1R Nhật,Quy cách: 60-1R,Nhật,950
XIC-0724,Xích truyền động,Dây xích con lăn,Dây xích 60-1R KANA ĐEN,Quy cách: 60-1R,KANA ĐEN,1165
XIC-0725,Xích truyền động,Dây xích con lăn,Dây xích 60-2R TQ,Quy cách: 60-2R,TQ,640
XIC-0726,Xích truyền động,Dây xích con lăn,Dây xích 60-2R HQ,Quy cách: 60-2R,HQ,1155
XIC-0727,Xích truyền động,Dây xích con lăn,Dây xích 60-2R KANA ĐEN,Quy cách: 60-2R,KANA ĐEN,2600
XIC-0728,Xích truyền động,Dây xích con lăn,Dây xích 80-1R TQ,Quy cách: 80-1R,TQ,450
XIC-0729,Xích truyền động,Dây xích con lăn,Dây xích 80-1R HQ,Quy cách: 80-1R,HQ,1050
XIC-0730,Xích truyền động,Dây xích con lăn,Dây xích 80-1R KANA ĐEN,Quy cách: 80-1R,KANA ĐEN,1815
XIC-0731,Xích truyền động,Dây xích con lăn,Dây xích 80-1R tsubaki KANA ĐEN,Quy cách: 80-1R tsubaki,KANA ĐEN,2000
XIC-0732,Xích truyền động,Dây xích con lăn,Dây xích 80-2R TQ,Quy cách: 80-2R,TQ,980
XIC-0733,Xích truyền động,Dây xích con lăn,Dây xích 80-2R HQ,Quy cách: 80-2R,HQ,1935
XIC-0734,Xích truyền động,Dây xích con lăn,Dây xích 80-2R KANA ĐEN,Quy cách: 80-2R,KANA ĐEN,4440
XIC-0735,Xích truyền động,Dây xích con lăn,Dây xích 100-1R TQ,Quy cách: 100-1R,TQ,740
XIC-0736,Xích truyền động,Dây xích con lăn,Dây xích 100-1R HQ,Quy cách: 100-1R,HQ,1430
XIC-0737,Xích truyền động,Dây xích con lăn,Dây xích 100-1R KANA ĐEN,Quy cách: 100-1R,KANA ĐEN,3485
XIC-0738,Xích truyền động,Dây xích con lăn,Dây xích 100-2R TQ,Quy cách: 100-2R,TQ,1750
XIC-0739,Xích truyền động,Dây xích con lăn,Dây xích 100-2R HQ,Quy cách: 100-2R,HQ,2860
XIC-0740,Xích truyền động,Dây xích con lăn,Dây xích 100-2R KANA ĐEN,Quy cách: 100-2R,KANA ĐEN,7380
XIC-0741,Xích truyền động,Dây xích con lăn,Dây xích 120-1R TQ,Quy cách: 120-1R,TQ,1050
XIC-0742,Xích truyền động,Dây xích con lăn,Dây xích 120-1R HQ,Quy cách: 120-1R,HQ,2120
XIC-0743,Xích truyền động,Dây xích con lăn,Dây xích 120-1R KANA ĐEN,Quy cách: 120-1R,KANA ĐEN,4720
XIC-0744,Xích truyền động,Dây xích con lăn,Dây xích 120-2R TQ,Quy cách: 120-2R,TQ,2100
XIC-0745,Xích truyền động,Dây xích con lăn,Dây xích 120-2R HQ,Quy cách: 120-2R,HQ,4349
XIC-0746,Xích truyền động,Dây xích con lăn,Dây xích 120-2R KANA ĐEN,Quy cách: 120-2R,KANA ĐEN,5840
XIC-0747,Xích truyền động,Dây xích con lăn,Dây xích 140-1R TQ,Quy cách: 140-1R,TQ,1900
XIC-0748,Xích truyền động,Dây xích con lăn,Dây xích 140-1R HQ,Quy cách: 140-1R,HQ,2854
XIC-0749,Xích truyền động,Dây xích con lăn,Dây xích 140-1R KANA ĐEN,Quy cách: 140-1R,KANA ĐEN,7985
XIC-0750,Xích truyền động,Dây xích con lăn,Dây xích 140-2R TQ,Quy cách: 140-2R,TQ,3740
XIC-0751,Xích truyền động,Dây xích con lăn,Dây xích 140-2R HQ,Quy cách: 140-2R,HQ,6120
XIC-0752,Xích truyền động,Dây xích con lăn,Dây xích 140-2R KANA ĐEN,Quy cách: 140-2R,KANA ĐEN,8900
XIC-0753,Xích truyền động,Dây xích con lăn,Dây xích 160-1R TQ,Quy cách: 160-1R,TQ,2100
XIC-0754,Xích truyền động,Dây xích con lăn,Dây xích 160-1R KANA ĐEN,Quy cách: 160-1R,KANA ĐEN,9729
XIC-0755,Xích truyền động,Dây xích con lăn,Dây xích 160-2R TQ,Quy cách: 160-2R,TQ,4300
XIC-0756,Xích truyền động,Dây xích con lăn,Dây xích 160-2R KANA ĐEN,Quy cách: 160-2R,KANA ĐEN,11000
XIC-0757,Xích truyền động,Dây xích inox,Dây xích 35 INOX TQ,Quy cách: 35 INOX,TQ,720
XIC-0758,Xích truyền động,Dây xích inox,Dây xích 40 INOX TQ,Quy cách: 40 INOX,TQ,785
XIC-0759,Xích truyền động,Dây xích inox,Dây xích 50 INOX TQ,Quy cách: 50 INOX,TQ,1149
XIC-0760,Xích truyền động,Dây xích inox,Dây xích 50 INOX Nhật,Quy cách: 50 INOX,Nhật,3430
XIC-0761,Xích truyền động,Dây xích inox,Dây xích 50 INOX KANA ĐEN,Quy cách: 50 INOX,KANA ĐEN,3815
XIC-0762,Xích truyền động,Dây xích inox,Dây xích 60 INOX TQ,Quy cách: 60 INOX,TQ,1770
XIC-0763,Xích truyền động,Dây xích inox,Dây xích 60 INOX Nhật,Quy cách: 60 INOX,Nhật,4950
XIC-0764,Xích truyền động,Dây xích inox,Dây xích 60 INOX KANA ĐEN,Quy cách: 60 INOX,KANA ĐEN,5500
XIC-0765,Xích truyền động,Dây xích inox,Dây xích 80 INOX TQ,Quy cách: 80 INOX,TQ,3245
XIC-0766,Xích truyền động,Dây xích inox,Dây xích 80 INOX Nhật,Quy cách: 80 INOX,Nhật,8900
XIC-0767,Xích truyền động,Dây xích inox,Dây xích 80 INOX KANA ĐEN,Quy cách: 80 INOX,KANA ĐEN,10000
XIC-0768,Xích truyền động,Dây xích con lăn,Dây xích C2050 SS TQ,Quy cách: C2050 SS,TQ,1150
XIC-0769,Xích truyền động,Dây xích con lăn,Dây xích C2060 TQ,Quy cách: C2060,TQ,665
XIC-0770,Xích truyền động,Dây xích con lăn,Dây xích C2062 TQ,Quy cách: C2062,TQ,605
XIC-0771,Xích truyền động,Dây xích con lăn,Dây xích C2082 TQ,Quy cách: C2082,TQ,1635
XIC-0772,Xích truyền động,Dây xích con lăn,Dây xích 12B-1R TQ,Quy cách: 12B-1R,TQ,570
XIC-0773,Xích truyền động,Dây xích con lăn,Dây xích 12B-1R Nhật,Quy cách: 12B-1R,Nhật,940
XIC-0774,Xích truyền động,Dây xích con lăn,Dây xích 12B-1R KANA ĐEN,Quy cách: 12B-1R,KANA ĐEN,1
KX-0775,Xích truyền động,Khóa xích,Khóa xích 05B-1R Đơn,Cỡ xích: 05B-1R | Kiểu: Đơn,,15000
KX-0776,Xích truyền động,Khóa xích,Khóa xích 06B-1R Đơn,Cỡ xích: 06B-1R | Kiểu: Đơn,,15000
KX-0777,Xích truyền động,Khóa xích,Khóa xích 08B-1R Đơn,Cỡ xích: 08B-1R | Kiểu: Đơn,,15000
KX-0778,Xích truyền động,Khóa xích,Khóa xích 25-1R Đơn,Cỡ xích: 25-1R | Kiểu: Đơn,,10000
KX-0779,Xích truyền động,Khóa xích,Khóa xích 35-1R Đơn,Cỡ xích: 35-1R | Kiểu: Đơn,,10000
KX-0780,Xích truyền động,Khóa xích,Khóa xích 35-1R Eo,Cỡ xích: 35-1R | Kiểu: Eo,,10000
KX-0781,Xích truyền động,Khóa xích,Khóa xích 35-1R Đôi,Cỡ xích: 35-1R | Kiểu: Đôi,,15000
KX-0782,Xích truyền động,Khóa xích,Khóa xích 35-1R Eo đôi,Cỡ xích: 35-1R | Kiểu: Eo đôi,,20000
KX-0783,Xích truyền động,Khóa xích,Khóa xích 40-1R Đơn,Cỡ xích: 40-1R | Kiểu: Đơn,,10000
KX-0784,Xích truyền động,Khóa xích,Khóa xích 40-1R Eo,Cỡ xích: 40-1R | Kiểu: Eo,,12000
KX-0785,Xích truyền động,Khóa xích,Khóa xích 40-1R Đôi,Cỡ xích: 40-1R | Kiểu: Đôi,,15000
KX-0786,Xích truyền động,Khóa xích,Khóa xích 40-1R Eo đôi,Cỡ xích: 40-1R | Kiểu: Eo đôi,,20000
KX-0787,Xích truyền động,Khóa xích,Khóa xích 50-1R Đơn,Cỡ xích: 50-1R | Kiểu: Đơn,,14000
KX-0788,Xích truyền động,Khóa xích,Khóa xích 50-1R Eo,Cỡ xích: 50-1R | Kiểu: Eo,,16000
KX-0789,Xích truyền động,Khóa xích,Khóa xích 50-1R Đôi,Cỡ xích: 50-1R | Kiểu: Đôi,,25000
KX-0790,Xích truyền động,Khóa xích,Khóa xích 50-1R Eo đôi,Cỡ xích: 50-1R | Kiểu: Eo đôi,,30000
KX-0791,Xích truyền động,Khóa xích,Khóa xích 60-1R Đơn,Cỡ xích: 60-1R | Kiểu: Đơn,,17000
KX-0792,Xích truyền động,Khóa xích,Khóa xích 60-1R Eo,Cỡ xích: 60-1R | Kiểu: Eo,,20000
KX-0793,Xích truyền động,Khóa xích,Khóa xích 60-1R Đôi,Cỡ xích: 60-1R | Kiểu: Đôi,,30000
KX-0794,Xích truyền động,Khóa xích,Khóa xích 60-1R Eo đôi,Cỡ xích: 60-1R | Kiểu: Eo đôi,,35000
KX-0795,Xích truyền động,Khóa xích,Khóa xích 80-1R Đơn,Cỡ xích: 80-1R | Kiểu: Đơn,,22000
KX-0796,Xích truyền động,Khóa xích,Khóa xích 80-1R Eo,Cỡ xích: 80-1R | Kiểu: Eo,,27000
KX-0797,Xích truyền động,Khóa xích,Khóa xích 80-1R Đôi,Cỡ xích: 80-1R | Kiểu: Đôi,,40000
KX-0798,Xích truyền động,Khóa xích,Khóa xích 80-1R Eo đôi,Cỡ xích: 80-1R | Kiểu: Eo đôi,,50000
KX-0799,Xích truyền động,Khóa xích,Khóa xích 100-1R Đơn,Cỡ xích: 100-1R | Kiểu: Đơn,,35000
KX-0800,Xích truyền động,Khóa xích,Khóa xích 100-1R Eo,Cỡ xích: 100-1R | Kiểu: Eo,,50000
KX-0801,Xích truyền động,Khóa xích,Khóa xích 100-1R Đôi,Cỡ xích: 100-1R | Kiểu: Đôi,,65000
KX-0802,Xích truyền động,Khóa xích,Khóa xích 100-1R Eo đôi,Cỡ xích: 100-1R | Kiểu: Eo đôi,,90000
KX-0803,Xích truyền động,Khóa xích,Khóa xích 120-1R Đơn,Cỡ xích: 120-1R | Kiểu: Đơn,,50000
KX-0804,Xích truyền động,Khóa xích,Khóa xích 120-1R Eo,Cỡ xích: 120-1R | Kiểu: Eo,,95000
KX-0805,Xích truyền động,Khóa xích,Khóa xích 120-1R Đôi,Cỡ xích: 120-1R | Kiểu: Đôi,,90000
KX-0806,Xích truyền động,Khóa xích,Khóa xích 120-1R Eo đôi,Cỡ xích: 120-1R | Kiểu: Eo đôi,,190000
KX-0807,Xích truyền động,Khóa xích,Khóa xích 140-1R Đơn,Cỡ xích: 140-1R | Kiểu: Đơn,,90000
KX-0808,Xích truyền động,Khóa xích,Khóa xích 140-1R Eo,Cỡ xích: 140-1R | Kiểu: Eo,,120000
KX-0809,Xích truyền động,Khóa xích,Khóa xích 140-1R Đôi,Cỡ xích: 140-1R | Kiểu: Đôi,,170000
KX-0810,Xích truyền động,Khóa xích,Khóa xích 140-1R Eo đôi,Cỡ xích: 140-1R | Kiểu: Eo đôi,,250000
KX-0811,Xích truyền động,Khóa xích,Khóa xích 160-1R Đơn,Cỡ xích: 160-1R | Kiểu: Đơn,,125000
KX-0812,Xích truyền động,Khóa xích,Khóa xích 160-1R Eo,Cỡ xích: 160-1R | Kiểu: Eo,,190000
KX-0813,Xích truyền động,Khóa xích,Khóa xích 160-1R Đôi,Cỡ xích: 160-1R | Kiểu: Đôi,,250000
KX-0814,Xích truyền động,Khóa xích,Khóa xích 160-1R Eo đôi,Cỡ xích: 160-1R | Kiểu: Eo đôi,,460000
KX-0815,Xích truyền động,Khóa xích,Khóa xích 40 INOX Đơn,Cỡ xích: 40 INOX | Kiểu: Đơn,,25000
KX-0816,Xích truyền động,Khóa xích,Khóa xích 50 INOX Đơn,Cỡ xích: 50 INOX | Kiểu: Đơn,,30000
KX-0817,Xích truyền động,Khóa xích,Khóa xích 60 INOX Đơn,Cỡ xích: 60 INOX | Kiểu: Đơn,,50000
KX-0818,Xích truyền động,Khóa xích,Khóa xích 60 INOX Eo,Cỡ xích: 60 INOX | Kiểu: Eo,,65000
KX-0819,Xích truyền động,Khóa xích,Khóa xích 80 INOX Đơn,Cỡ xích: 80 INOX | Kiểu: Đơn,,80000
KX-0820,Xích truyền động,Khóa xích,Khóa xích C2052 Đơn,Cỡ xích: C2052 | Kiểu: Đơn,,22000
KX-0821,Xích truyền động,Khóa xích,Khóa xích C2062 Đơn,Cỡ xích: C2062 | Kiểu: Đơn,,22000
KX-0822,Xích truyền động,Khóa xích,Khóa xích C2082 Đơn,Cỡ xích: C2082 | Kiểu: Đơn,,38000
KX-0823,Xích truyền động,Khóa xích,Khóa xích 12B-1R Đơn,Cỡ xích: 12B-1R | Kiểu: Đơn,,16000
KX-0824,Xích truyền động,Khóa xích,Khóa xích Khóa 50-3R Đơn,Cỡ xích: Khóa 50-3R | Kiểu: Đơn,,85000
KX-0825,Xích truyền động,Khóa xích,Khóa xích Khóa 35-1 Eo,Cỡ xích: Khóa 35-1 | Kiểu: Eo,,22000
KX-0826,Xích truyền động,Khóa xích,Khóa xích Khóa 40-1 Đơn,Cỡ xích: Khóa 40-1 | Kiểu: Đơn,,25000
KX-0827,Xích truyền động,Khóa xích,Khóa xích Khóa 50-1 Đơn,Cỡ xích: Khóa 50-1 | Kiểu: Đơn,,35000
KX-0828,Xích truyền động,Khóa xích,Khóa xích Khóa 60-1 Đơn,Cỡ xích: Khóa 60-1 | Kiểu: Đơn,,5000
KX-0829,Xích truyền động,Khóa xích,Khóa xích Khóa 80-1 Đơn,Cỡ xích: Khóa 80-1 | Kiểu: Đơn,,75000
KX-0830,Xích truyền động,Khóa xích,Khóa xích Khóa 100-1 Đơn,Cỡ xích: Khóa 100-1 | Kiểu: Đơn,,85000
KX-0831,Xích truyền động,Khóa xích,Khóa xích Khóa C2062 Eo,Cỡ xích: Khóa C2062 | Kiểu: Eo,,60000
KX-0832,Xích truyền động,Khóa xích,Khóa xích Khóa 120-1R Đơn,Cỡ xích: Khóa 120-1R | Kiểu: Đơn,,95000
KX-0833,Xích truyền động,Khóa xích,Khóa xích Khóa 08-3R Đơn,Cỡ xích: Khóa 08-3R | Kiểu: Đơn,,60000
KN-0834,Khớp nối,Khớp nối xích,Khớp nối xích 40-12 STAR,Cỡ xích: 40-12,STAR,45000
KN-0835,Khớp nối,Khớp nối xích,Khớp nối xích 40-12 CHC,Cỡ xích: 40-12,CHC,45000
KN-0836,Khớp nối,Khớp nối xích,Khớp nối xích 40-14 STAR,Cỡ xích: 40-14,STAR,50000
KN-0837,Khớp nối,Khớp nối xích,Khớp nối xích 40-14 CHC,Cỡ xích: 40-14,CHC,60000
KN-0838,Khớp nối,Khớp nối xích,Khớp nối xích 40-16 STAR,Cỡ xích: 40-16,STAR,60000
KN-0839,Khớp nối,Khớp nối xích,Khớp nối xích 40-16 CHC,Cỡ xích: 40-16,CHC,75000
KN-0840,Khớp nối,Khớp nối xích,Khớp nối xích 50-14 STAR,Cỡ xích: 50-14,STAR,70000
KN-0841,Khớp nối,Khớp nối xích,Khớp nối xích 50-14 CHC,Cỡ xích: 50-14,CHC,95000
KN-0842,Khớp nối,Khớp nối xích,Khớp nối xích 50-16 STAR,Cỡ xích: 50-16,STAR,90000
KN-0843,Khớp nối,Khớp nối xích,Khớp nối xích 50-16 CHC,Cỡ xích: 50-16,CHC,110000
KN-0844,Khớp nối,Khớp nối xích,Khớp nối xích 50-18 STAR,Cỡ xích: 50-18,STAR,105000
KN-0845,Khớp nối,Khớp nối xích,Khớp nối xích 50-18 CHC,Cỡ xích: 50-18,CHC,130000
KN-0846,Khớp nối,Khớp nối xích,Khớp nối xích 60-18 STAR,Cỡ xích: 60-18,STAR,150000
KN-0847,Khớp nối,Khớp nối xích,Khớp nối xích 60-18 CHC,Cỡ xích: 60-18,CHC,180000
KN-0848,Khớp nối,Khớp nối xích,Khớp nối xích 60-20 STAR,Cỡ xích: 60-20,STAR,160000
KN-0849,Khớp nối,Khớp nối xích,Khớp nối xích 60-20 CHC,Cỡ xích: 60-20,CHC,220000
KN-0850,Khớp nối,Khớp nối xích,Khớp nối xích 60-22 STAR,Cỡ xích: 60-22,STAR,170000
KN-0851,Khớp nối,Khớp nối xích,Khớp nối xích 60-22 CHC,Cỡ xích: 60-22,CHC,265000
KN-0852,Khớp nối,Khớp nối xích,Khớp nối xích 80-18 STAR,Cỡ xích: 80-18,STAR,220000
KN-0853,Khớp nối,Khớp nối xích,Khớp nối xích 80-18 CHC,Cỡ xích: 80-18,CHC,310000
KN-0854,Khớp nối,Khớp nối xích,Khớp nối xích 80-20 STAR,Cỡ xích: 80-20,STAR,225000
KN-0855,Khớp nối,Khớp nối xích,Khớp nối xích 80-20 CHC,Cỡ xích: 80-20,CHC,345000
KN-0856,Khớp nối,Khớp nối xích,Khớp nối xích 80-22 STAR,Cỡ xích: 80-22,STAR,231000
KN-0857,Khớp nối,Khớp nối xích,Khớp nối xích 80-22 CHC,Cỡ xích: 80-22,CHC,400000
KN-0858,Khớp nối,Khớp nối xích,Khớp nối xích 40-12 TQ,Cỡ: 40-12,TQ,225000
KN-0859,Khớp nối,Khớp nối xích,Khớp nối xích 40-12 CHC,Cỡ: 40-12,CHC,20000
KN-0860,Khớp nối,Khớp nối bulong (Flange Coupling),Khớp nối bulong CL 90,Cỡ: CL 90,,220000
KN-0861,Khớp nối,Khớp nối 4 cánh (Jaw Coupling),Khớp nối 4 cánh L050,Cỡ: L050,,135000
KN-0862,Khớp nối,Khớp nối đàn hồi NM,Khớp nối đàn hồi NM 67,Cỡ: NM 67,,220000
KN-0863,Khớp nối,Khớp nối xích,Khớp nối xích 40-14 TQ,Cỡ: 40-14,TQ,240000
KN-0864,Khớp nối,Khớp nối xích,Khớp nối xích 40-14 CHC,Cỡ: 40-14,CHC,275000
KN-0865,Khớp nối,Khớp nối bulong (Flange Coupling),Khớp nối bulong CL100,Cỡ: CL100,,30000
KN-0866,Khớp nối,Khớp nối 4 cánh (Jaw Coupling),Khớp nối 4 cánh L070,Cỡ: L070,,160000
KN-0867,Khớp nối,Khớp nối đàn hồi NM,Khớp nối đàn hồi NM 82,Cỡ: NM 82,,275000
KN-0868,Khớp nối,Khớp nối xích,Khớp nối xích 40-16 TQ,Cỡ: 40-16,TQ,260000
KN-0869,Khớp nối,Khớp nối xích,Khớp nối xích 40-16 CHC,Cỡ: 40-16,CHC,300000
KN-0870,Khớp nối,Khớp nối bulong (Flange Coupling),Khớp nối bulong CL112,Cỡ: CL112,,395000
KN-0871,Khớp nối,Khớp nối 4 cánh (Jaw Coupling),Khớp nối 4 cánh L075,Cỡ: L075,,175000
KN-0872,Khớp nối,Khớp nối đàn hồi NM,Khớp nối đàn hồi NM 97,Cỡ: NM 97,,430000
KN-0873,Khớp nối,Khớp nối xích,Khớp nối xích 50-14 TQ,Cỡ: 50-14,TQ,340000
KN-0874,Khớp nối,Khớp nối xích,Khớp nối xích 50-14 CHC,Cỡ: 50-14,CHC,390000
KN-0875,Khớp nối,Khớp nối bulong (Flange Coupling),Khớp nối bulong CL125,Cỡ: CL125,,500000
KN-0876,Khớp nối,Khớp nối 4 cánh (Jaw Coupling),Khớp nối 4 cánh L090,Cỡ: L090,,200000
KN-0877,Khớp nối,Khớp nối đàn hồi NM,Khớp nối đàn hồi NM 112,Cỡ: NM 112,,615000
KN-0878,Khớp nối,Khớp nối xích,Khớp nối xích 50-16 TQ,Cỡ: 50-16,TQ,400000
KN-0879,Khớp nối,Khớp nối xích,Khớp nối xích 50-16 CHC,Cỡ: 50-16,CHC,460000
KN-0880,Khớp nối,Khớp nối bulong (Flange Coupling),Khớp nối bulong CL140,Cỡ: CL140,,580000
KN-0881,Khớp nối,Khớp nối 4 cánh (Jaw Coupling),Khớp nối 4 cánh L095,Cỡ: L095,,265000
KN-0882,Khớp nối,Khớp nối đàn hồi NM,Khớp nối đàn hồi NM 128,Cỡ: NM 128,,795000
KN-0883,Khớp nối,Khớp nối xích,Khớp nối xích 50-18 TQ,Cỡ: 50-18,TQ,460000
KN-0884,Khớp nối,Khớp nối xích,Khớp nối xích 50-18 CHC,Cỡ: 50-18,CHC,530000
KN-0885,Khớp nối,Khớp nối bulong (Flange Coupling),Khớp nối bulong CL160,Cỡ: CL160,,905000
KN-0886,Khớp nối,Khớp nối 4 cánh (Jaw Coupling),Khớp nối 4 cánh L100,Cỡ: L100,,340000
KN-0887,Khớp nối,Khớp nối đàn hồi NM,Khớp nối đàn hồi NM 148,Cỡ: NM 148,,1210000
KN-0888,Khớp nối,Khớp nối xích,Khớp nối xích 60-18 TQ,Cỡ: 60-18,TQ,760000
KN-0889,Khớp nối,Khớp nối xích,Khớp nối xích 60-18 CHC,Cỡ: 60-18,CHC,880000
KN-0890,Khớp nối,Khớp nối bulong (Flange Coupling),Khớp nối bulong CL180,Cỡ: CL180,,1050000
KN-0891,Khớp nối,Khớp nối 4 cánh (Jaw Coupling),Khớp nối 4 cánh L110,Cỡ: L110,,61500
KN-0892,Khớp nối,Khớp nối đàn hồi NM,Khớp nối đàn hồi NM 168,Cỡ: NM 168,,2200000
KN-0893,Khớp nối,Khớp nối xích,Khớp nối xích 60-20 TQ,Cỡ: 60-20,TQ,940000
KN-0894,Khớp nối,Khớp nối xích,Khớp nối xích 60-20 CHC,Cỡ: 60-20,CHC,1080000
KN-0895,Khớp nối,Khớp nối bulong (Flange Coupling),Khớp nối bulong CL200,Cỡ: CL200,,1690000
KN-0896,Khớp nối,Khớp nối 4 cánh (Jaw Coupling),Khớp nối 4 cánh L150,Cỡ: L150,,900000
KN-0897,Khớp nối,Khớp nối đàn hồi NM,Khớp nối đàn hồi NM 194,Cỡ: NM 194,,3300000
KN-0898,Khớp nối,Khớp nối xích,Khớp nối xích 60-22 TQ,Cỡ: 60-22,TQ,990000
KN-0899,Khớp nối,Khớp nối xích,Khớp nối xích 60-22 CHC,Cỡ: 60-22,CHC,1140000
KN-0900,Khớp nối,Khớp nối bulong (Flange Coupling),Khớp nối bulong CL224,Cỡ: CL224,,2610000
KN-0901,Khớp nối,Khớp nối 4 cánh (Jaw Coupling),Khớp nối 4 cánh L190,Cỡ: L190,,1155000
KN-0902,Khớp nối,Khớp nối đàn hồi NM,Khớp nối đàn hồi NM 214,Cỡ: NM 214,,5060000
KN-0903,Khớp nối,Khớp nối xích,Khớp nối xích 80-18 TQ,Cỡ: 80-18,TQ,1450000
KN-0904,Khớp nối,Khớp nối xích,Khớp nối xích 80-18 CHC,Cỡ: 80-18,CHC,1670000
KN-0905,Khớp nối,Khớp nối bulong (Flange Coupling),Khớp nối bulong CL250,Cỡ: CL250,,3210000
KN-0906,Khớp nối,Khớp nối 4 cánh (Jaw Coupling),Khớp nối 4 cánh L225,Cỡ: L225,,1430000
KN-0907,Khớp nối,Khớp nối xích,Khớp nối xích 80-20 TQ,Cỡ: 80-20,TQ,1750000
KN-0908,Khớp nối,Khớp nối xích,Khớp nối xích 80-20 CHC,Cỡ: 80-20,CHC,2020000
KN-0909,Khớp nối,Khớp nối bulong (Flange Coupling),Khớp nối bulong CL280,Cỡ: CL280,,5445000
KN-0910,Khớp nối,Khớp nối 4 cánh (Jaw Coupling),Khớp nối 4 cánh GE14,Cỡ: GE14,,360000
KN-0911,Khớp nối,Khớp nối đàn hồi NM,Khớp nối đàn hồi GE55,Cỡ: GE55,,2050000
KN-0912,Khớp nối,Khớp nối xích,Khớp nối xích 80-22 TQ,Cỡ: 80-22,TQ,2100000
KN-0913,Khớp nối,Khớp nối xích,Khớp nối xích 80-22 CHC,Cỡ: 80-22,CHC,2440000
KN-0914,Khớp nối,Khớp nối bulong (Flange Coupling),Khớp nối bulong CL315,Cỡ: CL315,,6510000
KN-0915,Khớp nối,Khớp nối 4 cánh (Jaw Coupling),Khớp nối 4 cánh GE19,Cỡ: GE19,,420000
KN-0916,Khớp nối,Khớp nối xích,Khớp nối xích 100-18 TQ,Cỡ: 100-18,TQ,4200000
KN-0917,Khớp nối,Khớp nối xích,Khớp nối xích 100-18 CHC,Cỡ: 100-18,CHC,4950000
KN-0918,Khớp nối,Khớp nối bulong (Flange Coupling),Khớp nối bulong CL355,Cỡ: CL355,,9410000
KN-0919,Khớp nối,Khớp nối 4 cánh (Jaw Coupling),Khớp nối 4 cánh GE24,Cỡ: GE24,,540000
KN-0920,Khớp nối,Khớp nối xích,Khớp nối xích 100-20 TQ,Cỡ: 100-20,TQ,4600000
KN-0921,Khớp nối,Khớp nối xích,Khớp nối xích 100-20 CHC,Cỡ: 100-20,CHC,5350000
KN-0922,Khớp nối,Khớp nối bulong (Flange Coupling),Khớp nối bulong CL400,Cỡ: CL400,,12100000
KN-0923,Khớp nối,Khớp nối 4 cánh (Jaw Coupling),Khớp nối 4 cánh GR28,Cỡ: GR28,,580000
KN-0924,Khớp nối,Khớp nối xích,Khớp nối xích 120-18 TQ,Cỡ: 120-18,TQ,7350000
KN-0925,Khớp nối,Khớp nối xích,Khớp nối xích 120-18 CHC,Cỡ: 120-18,CHC,8470000
KN-0926,Khớp nối,Khớp nối bulong (Flange Coupling),Khớp nối bulong CL450,Cỡ: CL450,,17730000
KN-0927,Khớp nối,Khớp nối 4 cánh (Jaw Coupling),Khớp nối 4 cánh GE38,Cỡ: GE38,,945000
KN-0928,Khớp nối,Khớp nối xích,Khớp nối xích 120-22 TQ,Cỡ: 120-22,TQ,7950000
KN-0929,Khớp nối,Khớp nối xích,Khớp nối xích 120-22 CHC,Cỡ: 120-22,CHC,9150000
KN-0930,Khớp nối,Khớp nối 4 cánh (Jaw Coupling),Khớp nối 4 cánh GE42,Cỡ: GE42,,1210000
KN-0931,Khớp nối,Khớp nối xích,Khớp nối xích 160-18 TQ,Cỡ: 160-18,TQ,13300000
KN-0932,Khớp nối,Khớp nối xích,Khớp nối xích 160-18 CHC,Cỡ: 160-18,CHC,15300000
KN-0933,Khớp nối,Khớp nối 4 cánh (Jaw Coupling),Khớp nối 4 cánh GE48,Cỡ: GE48,,1570000
THN-0934,Khớp nối,Then (Parallel Key),Then 8X40mm,Kích thước: 8X40mm,,6000
OC-0935,Khớp nối,Ốc chìm,Ốc chìm M6,Cỡ: M6,,500
TQY-0936,Khớp nối,Tay quay,Tay quay 8P cùi nhỏ,Cỡ: 8P cùi nhỏ,,40000
PC-0937,Khớp nối,Phe cài,Phe cài PHI 20,Phi: PHI 20,,2000
THN-0938,Khớp nối,Then (Parallel Key),Then 8X50mm,Kích thước: 8X50mm,,70000
OC-0939,Khớp nối,Ốc chìm,Ốc chìm M8,Cỡ: M8,,1000
TQY-0940,Khớp nối,Tay quay,Tay quay 8P cùi lớn,Cỡ: 8P cùi lớn,,50000
PC-0941,Khớp nối,Phe cài,Phe cài PHI 25,Phi: PHI 25,,2000
THN-0942,Khớp nối,Then (Parallel Key),Then 8X80mm,Kích thước: 8X80mm,,10000
OC-0943,Khớp nối,Ốc chìm,Ốc chìm M10,Cỡ: M10,,1000
TQY-0944,Khớp nối,Tay quay,Tay quay 1T,Cỡ: 1T,,65000
PC-0945,Khớp nối,Phe cài,Phe cài PHI 30,Phi: PHI 30,,3000
THN-0946,Khớp nối,Then (Parallel Key),Then 8X100mm,Kích thước: 8X100mm,,12000
OC-0947,Khớp nối,Ốc chìm,Ốc chìm M12,Cỡ: M12,,2000
TQY-0948,Khớp nối,Tay quay,Tay quay 1T2,Cỡ: 1T2,,70000
PC-0949,Khớp nối,Phe cài,Phe cài PHI 32,Phi: PHI 32,,3000
THN-0950,Khớp nối,Then (Parallel Key),Then 10X60mm,Kích thước: 10X60mm,,8000
OC-0951,Khớp nối,Ốc chìm,Ốc chìm M14,Cỡ: M14,,3500
TQY-0952,Khớp nối,Tay quay,Tay quay 1T2  DÀY,Cỡ: 1T2  DÀY,,75000
PC-0953,Khớp nối,Phe cài,Phe cài PHI 35,Phi: PHI 35,,3000
THN-0954,Khớp nối,Then (Parallel Key),Then 10X80mm,Kích thước: 10X80mm,,10000
TQY-0955,Khớp nối,Tay quay,Tay quay 1T4,Cỡ: 1T4,,90000
PC-0956,Khớp nối,Phe cài,Phe cài PHI 37,Phi: PHI 37,,3000
THN-0957,Khớp nối,Then (Parallel Key),Then 10X100mm,Kích thước: 10X100mm,,14000
OC-0958,Khớp nối,Ốc chìm,Ốc chìm 8X1M,Cỡ: 8X1M,,65000
TQY-0959,Khớp nối,Tay quay,Tay quay 1T5,Cỡ: 1T5,,100000
PC-0960,Khớp nối,Phe cài,Phe cài PHI 40,Phi: PHI 40,,4000
THN-0961,Khớp nối,Then (Parallel Key),Then 12X60mm,Kích thước: 12X60mm,,10000
OC-0962,Khớp nối,Ốc chìm,Ốc chìm 10X1M,Cỡ: 10X1M,,80000
TQY-0963,Khớp nối,Tay quay,Tay quay 1T6,Cỡ: 1T6,,110000
PC-0964,Khớp nối,Phe cài,Phe cài PHI 42,Phi: PHI 42,,4000
THN-0965,Khớp nối,Then (Parallel Key),Then 12X80mm,Kích thước: 12X80mm,,14000
OC-0966,Khớp nối,Ốc chìm,Ốc chìm 12X1M,Cỡ: 12X1M,,95000
TQY-0967,Khớp nối,Tay quay,Tay quay 1T8,Cỡ: 1T8,,125000
PC-0968,Khớp nối,Phe cài,Phe cài PHI 45,Phi: PHI 45,,5000
THN-0969,Khớp nối,Then (Parallel Key),Then 12X100mm,Kích thước: 12X100mm,,16000
OC-0970,Khớp nối,Ốc chìm,Ốc chìm 14X1M,Cỡ: 14X1M,,130000
TQY-0971,Khớp nối,Tay quay,Tay quay 2T,Cỡ: 2T,,230000
PC-0972,Khớp nối,Phe cài,Phe cài PHI 47,Phi: PHI 47,,5000
THN-0973,Khớp nối,Then (Parallel Key),Then 14X60mm,Kích thước: 14X60mm,,13000
OC-0974,Khớp nối,Ốc chìm,Ốc chìm 16X1M,Cỡ: 16X1M,,140000
TQY-0975,Khớp nối,Tay quay,Tay quay 2T2,Cỡ: 2T2,,270000
PC-0976,Khớp nối,Phe cài,Phe cài PHI 50,Phi: PHI 50,,5000
THN-0977,Khớp nối,Then (Parallel Key),Then 14X80mm,Kích thước: 14X80mm,,16000
OC-0978,Khớp nối,Ốc chìm,Ốc chìm vuông 6x1m,Cỡ: vuông 6x1m,,60000
TQY-0979,Khớp nối,Tay quay,Tay quay 2T4,Cỡ: 2T4,,290000
PC-0980,Khớp nối,Phe cài,Phe cài PHI 52,Phi: PHI 52,,5500
THN-0981,Khớp nối,Then (Parallel Key),Then 14X100mm,Kích thước: 14X100mm,,18000
OC-0982,Khớp nối,Ốc chìm,Ốc chìm vuông 8x1m,Cỡ: vuông 8x1m,,70000
TQY-0983,Khớp nối,Tay quay,Tay quay 2T5,Cỡ: 2T5,,320000
PC-0984,Khớp nối,Phe cài,Phe cài PHI 55,Phi: PHI 55,,5500
THN-0985,Khớp nối,Then (Parallel Key),Then 16X100mm,Kích thước: 16X100mm,,28000
OC-0986,Khớp nối,Ốc chìm,Ốc chìm vuông 10x1m,Cỡ: vuông 10x1m,,85000
TQY-0987,Khớp nối,Tay quay,Tay quay 2T8,Cỡ: 2T8,,390000
PC-0988,Khớp nối,Phe cài,Phe cài PHI 60,Phi: PHI 60,,6500
THN-0989,Khớp nối,Then (Parallel Key),Then 18X100mm,Kích thước: 18X100mm,,42000
OC-0990,Khớp nối,Ốc chìm,Ốc chìm vuông 12x1m,Cỡ: vuông 12x1m,,120000
TQY-0991,Khớp nối,Tay quay,Tay quay 3T,Cỡ: 3T,,425000
PC-0992,Khớp nối,Phe cài,Phe cài PHI 65,Phi: PHI 65,,8000
THN-0993,Khớp nối,Then (Parallel Key),Then 20 X 100mm,Kích thước: 20 X 100mm,,45000
OC-0994,Khớp nối,Ốc chìm,Ốc chìm vuông 14x1m,Cỡ: vuông 14x1m,,130000
TQY-0995,Khớp nối,Tay quay,Tay quay 3T5,Cỡ: 3T5,,480000
PC-0996,Khớp nối,Phe cài,Phe cài PHI 70,Phi: PHI 70,,12000
CS-0997,Khớp nối,Cao su khớp nối CL,Cao su khớp nối CL L050,Cỡ: L050,,17000
CS-0998,Khớp nối,Cao su khớp nối NM,Cao su khớp nối NM NM 67,Cỡ: NM 67,,35000
CS-0999,Khớp nối,Cao su khớp nối FCL,Cao su khớp nối FCL số 2,Cỡ: số 2,,25000
CS-1000,Khớp nối,Cao su khớp nối CL,Cao su khớp nối CL L070,Cỡ: L070,,22000
CS-1001,Khớp nối,Cao su khớp nối NM,Cao su khớp nối NM NM 82,Cỡ: NM 82,,40000
CS-1002,Khớp nối,Cao su khớp nối FCL,Cao su khớp nối FCL số 3,Cỡ: số 3,,35000
CS-1003,Khớp nối,Cao su khớp nối CL,Cao su khớp nối CL L075,Cỡ: L075,,30000
CS-1004,Khớp nối,Cao su khớp nối NM,Cao su khớp nối NM NM 97,Cỡ: NM 97,,60000
CS-1005,Khớp nối,Cao su khớp nối FCL,Cao su khớp nối FCL số 4,Cỡ: số 4,,45000
CS-1006,Khớp nối,Cao su khớp nối CL,Cao su khớp nối CL L090/95,Cỡ: L090/95,,35000
CS-1007,Khớp nối,Cao su khớp nối NM,Cao su khớp nối NM NM 112,Cỡ: NM 112,,65000
CS-1008,Khớp nối,Cao su khớp nối FCL,Cao su khớp nối FCL số 5,Cỡ: số 5,,50000
CS-1009,Khớp nối,Cao su khớp nối CL,Cao su khớp nối CL L99/100,Cỡ: L99/100,,45000
CS-1010,Khớp nối,Cao su khớp nối NM,Cao su khớp nối NM NM 128,Cỡ: NM 128,,105000
CS-1011,Khớp nối,Cao su khớp nối FCL,Cao su khớp nối FCL số 6,Cỡ: số 6,,60000
CS-1012,Khớp nối,Cao su khớp nối CL,Cao su khớp nối CL L110,Cỡ: L110,,60000
CS-1013,Khớp nối,Cao su khớp nối NM,Cao su khớp nối NM NM 148,Cỡ: NM 148,,120000
CS-1014,Khớp nối,Cao su khớp nối CL,Cao su khớp nối CL L150,Cỡ: L150,,90000
CS-1015,Khớp nối,Cao su khớp nối NM,Cao su khớp nối NM NM 168,Cỡ: NM 168,,160000
CS-1016,Khớp nối,Cao su khớp nối FCL,Cao su khớp nối FCL GR 14,Cỡ: GR 14,,20000
CS-1017,Khớp nối,Cao su khớp nối CL,Cao su khớp nối CL L190,Cỡ: L190,,140000
CS-1018,Khớp nối,Cao su khớp nối NM,Cao su khớp nối NM NM 194,Cỡ: NM 194,,180000
CS-1019,Khớp nối,Cao su khớp nối FCL,Cao su khớp nối FCL GR 19,Cỡ: GR 19,,25000
CS-1020,Khớp nối,Cao su khớp nối CL,Cao su khớp nối CL L225,Cỡ: L225,,175000
CS-1021,Khớp nối,Cao su khớp nối NM,Cao su khớp nối NM NM 214,Cỡ: NM 214,,220000
CS-1022,Khớp nối,Cao su khớp nối FCL,Cao su khớp nối FCL GR 24,Cỡ: GR 24,,30000
CS-1023,Khớp nối,Cao su khớp nối CL,Cao su khớp nối CL HRC 70,Cỡ: HRC 70,,40000
CS-1024,Khớp nối,Cao su khớp nối NM,Cao su khớp nối NM HRC 130,Cỡ: HRC 130,,150000
CS-1025,Khớp nối,Cao su khớp nối FCL,Cao su khớp nối FCL GR 28,Cỡ: GR 28,,40000
CS-1026,Khớp nối,Cao su khớp nối CL,Cao su khớp nối CL HRC 90,Cỡ: HRC 90,,85000
CS-1027,Khớp nối,Cao su khớp nối NM,Cao su khớp nối NM HRC 150,Cỡ: HRC 150,,200000
CS-1028,Khớp nối,Cao su khớp nối FCL,Cao su khớp nối FCL GR 38,Cỡ: GR 38,,75000
CS-1029,Khớp nối,Cao su khớp nối CL,Cao su khớp nối CL HRC 110,Cỡ: HRC 110,,100000
NMT-1030,Nhông đĩa xích,Nhông miếng không cùi (Sprocket TA),Nhông RS50 Z8,Cỡ xích: RS50 | Số răng: 8,,17000
NMT-1031,Nhông đĩa xích,Nhông miếng không cùi (Sprocket TA),Nhông RS60 Z8,Cỡ xích: RS60 | Số răng: 8,,25000
NMT-1032,Nhông đĩa xích,Nhông miếng không cùi (Sprocket TA),Nhông RS80 Z8,Cỡ xích: RS80 | Số răng: 8,,39000
NMT-1033,Nhông đĩa xích,Nhông miếng không cùi (Sprocket TA),Nhông RS100 Z8,Cỡ xích: RS100 | Số răng: 8,,73000
NMT-1034,Nhông đĩa xích,Nhông miếng không cùi (Sprocket TA),Nhông RS120 Z8,Cỡ xích: RS120 | Số răng: 8,,138000
NMT-1035,Nhông đĩa xích,Nhông miếng không cùi (Sprocket TA),Nhông RS140 Z8,Cỡ xích: RS140 | Số răng: 8,,225000
NMT-1036,Nhông đĩa xích,Nhông miếng không cùi (Sprocket TA),Nhông RS50 Z9,Cỡ xích: RS50 | Số răng: 9,,20000
NMT-1037,Nhông đĩa xích,Nhông miếng không cùi (Sprocket TA),Nhông RS60 Z9,Cỡ xích: RS60 | Số răng: 9,,28000
NMT-1038,Nhông đĩa xích,Nhông miếng không cùi (Sprocket TA),Nhông RS80 Z9,Cỡ xích: RS80 | Số răng: 9,,44000
NMT-1039,Nhông đĩa xích,Nhông miếng không cùi (Sprocket TA),Nhông RS100 Z9,Cỡ xích: RS100 | Số răng: 9,,81000
NMT-1040,Nhông đĩa xích,Nhông miếng không cùi (Sprocket TA),Nhông RS120 Z9,Cỡ xích: RS120 | Số răng: 9,,165000
NMT-1041,Nhông đĩa xích,Nhông miếng không cùi (Sprocket TA),Nhông RS140 Z9,Cỡ xích: RS140 | Số răng: 9,,273000
NMT-1042,Nhông đĩa xích,Nhông miếng không cùi (Sprocket TA),Nhông RS40 Z10,Cỡ xích: RS40 | Số răng: 10,,16000
NMT-1043,Nhông đĩa xích,Nhông miếng không cùi (Sprocket TA),Nhông RS50 Z10,Cỡ xích: RS50 | Số răng: 10,,22000
NMT-1044,Nhông đĩa xích,Nhông miếng không cùi (Sprocket TA),Nhông RS60 Z10,Cỡ xích: RS60 | Số răng: 10,,29000
NMT-1045,Nhông đĩa xích,Nhông miếng không cùi (Sprocket TA),Nhông RS80 Z10,Cỡ xích: RS80 | Số răng: 10,,53000
NMT-1046,Nhông đĩa xích,Nhông miếng không cùi (Sprocket TA),Nhông RS100 Z10,Cỡ xích: RS100 | Số răng: 10,,98000
NMT-1047,Nhông đĩa xích,Nhông miếng không cùi (Sprocket TA),Nhông RS120 Z10,Cỡ xích: RS120 | Số răng: 10,,197000
NMT-1048,Nhông đĩa xích,Nhông miếng không cùi (Sprocket TA),Nhông RS140 Z10,Cỡ xích: RS140 | Số răng: 10,,324000
NMT-1049,Nhông đĩa xích,Nhông miếng không cùi (Sprocket TA),Nhông RS40 Z11,Cỡ xích: RS40 | Số răng: 11,,18000
NMT-1050,Nhông đĩa xích,Nhông miếng không cùi (Sprocket TA),Nhông RS50 Z11,Cỡ xích: RS50 | Số răng: 11,,25000
NMT-1051,Nhông đĩa xích,Nhông miếng không cùi (Sprocket TA),Nhông RS60 Z11,Cỡ xích: RS60 | Số răng: 11,,31000
NMT-1052,Nhông đĩa xích,Nhông miếng không cùi (Sprocket TA),Nhông RS80 Z11,Cỡ xích: RS80 | Số răng: 11,,61000
NMT-1053,Nhông đĩa xích,Nhông miếng không cùi (Sprocket TA),Nhông RS100 Z11,Cỡ xích: RS100 | Số răng: 11,,115000
NMT-1054,Nhông đĩa xích,Nhông miếng không cùi (Sprocket TA),Nhông RS120 Z11,Cỡ xích: RS120 | Số răng: 11,,228000
NMT-1055,Nhông đĩa xích,Nhông miếng không cùi (Sprocket TA),Nhông RS140 Z11,Cỡ xích: RS140 | Số răng: 11,,381000
NMT-1056,Nhông đĩa xích,Nhông miếng không cùi (Sprocket TA),Nhông RS40 Z12,Cỡ xích: RS40 | Số răng: 12,,20000
NMT-1057,Nhông đĩa xích,Nhông miếng không cùi (Sprocket TA),Nhông RS50 Z12,Cỡ xích: RS50 | Số răng: 12,,27000
NMT-1058,Nhông đĩa xích,Nhông miếng không cùi (Sprocket TA),Nhông RS60 Z12,Cỡ xích: RS60 | Số răng: 12,,33000
NMT-1059,Nhông đĩa xích,Nhông miếng không cùi (Sprocket TA),Nhông RS80 Z12,Cỡ xích: RS80 | Số răng: 12,,73000
NMT-1060,Nhông đĩa xích,Nhông miếng không cùi (Sprocket TA),Nhông RS100 Z12,Cỡ xích: RS100 | Số răng: 12,,131000
NMT-1061,Nhông đĩa xích,Nhông miếng không cùi (Sprocket TA),Nhông RS120 Z12,Cỡ xích: RS120 | Số răng: 12,,264000
NMT-1062,Nhông đĩa xích,Nhông miếng không cùi (Sprocket TA),Nhông RS140 Z12,Cỡ xích: RS140 | Số răng: 12,,442000
NMT-1063,Nhông đĩa xích,Nhông miếng không cùi (Sprocket TA),Nhông RS40 Z13,Cỡ xích: RS40 | Số răng: 13,,22000
NMT-1064,Nhông đĩa xích,Nhông miếng không cùi (Sprocket TA),Nhông RS50 Z13,Cỡ xích: RS50 | Số răng: 13,,29000
NMT-1065,Nhông đĩa xích,Nhông miếng không cùi (Sprocket TA),Nhông RS60 Z13,Cỡ xích: RS60 | Số răng: 13,,39000
NMT-1066,Nhông đĩa xích,Nhông miếng không cùi (Sprocket TA),Nhông RS80 Z13,Cỡ xích: RS80 | Số răng: 13,,82000
NMT-1067,Nhông đĩa xích,Nhông miếng không cùi (Sprocket TA),Nhông RS100 Z13,Cỡ xích: RS100 | Số răng: 13,,150000
NMT-1068,Nhông đĩa xích,Nhông miếng không cùi (Sprocket TA),Nhông RS120 Z13,Cỡ xích: RS120 | Số răng: 13,,305000
NMT-1069,Nhông đĩa xích,Nhông miếng không cùi (Sprocket TA),Nhông RS140 Z13,Cỡ xích: RS140 | Số răng: 13,,505000
NMT-1070,Nhông đĩa xích,Nhông miếng không cùi (Sprocket TA),Nhông RS40 Z14,Cỡ xích: RS40 | Số răng: 14,,24000
NMT-1071,Nhông đĩa xích,Nhông miếng không cùi (Sprocket TA),Nhông RS50 Z14,Cỡ xích: RS50 | Số răng: 14,,31000
NMT-1072,Nhông đĩa xích,Nhông miếng không cùi (Sprocket TA),Nhông RS60 Z14,Cỡ xích: RS60 | Số răng: 14,,44000
NMT-1073,Nhông đĩa xích,Nhông miếng không cùi (Sprocket TA),Nhông RS80 Z14,Cỡ xích: RS80 | Số răng: 14,,93000
NMT-1074,Nhông đĩa xích,Nhông miếng không cùi (Sprocket TA),Nhông RS100 Z14,Cỡ xích: RS100 | Số răng: 14,,170000
NMT-1075,Nhông đĩa xích,Nhông miếng không cùi (Sprocket TA),Nhông RS120 Z14,Cỡ xích: RS120 | Số răng: 14,,349000
NMT-1076,Nhông đĩa xích,Nhông miếng không cùi (Sprocket TA),Nhông RS140 Z14,Cỡ xích: RS140 | Số răng: 14,,576000
NMT-1077,Nhông đĩa xích,Nhông miếng không cùi (Sprocket TA),Nhông RS40 Z15,Cỡ xích: RS40 | Số răng: 15,,25000
NMT-1078,Nhông đĩa xích,Nhông miếng không cùi (Sprocket TA),Nhông RS50 Z15,Cỡ xích: RS50 | Số răng: 15,,33000
NMT-1079,Nhông đĩa xích,Nhông miếng không cùi (Sprocket TA),Nhông RS60 Z15,Cỡ xích: RS60 | Số răng: 15,,49000
NMT-1080,Nhông đĩa xích,Nhông miếng không cùi (Sprocket TA),Nhông RS80 Z15,Cỡ xích: RS80 | Số răng: 15,,116000
NMT-1081,Nhông đĩa xích,Nhông miếng không cùi (Sprocket TA),Nhông RS100 Z15,Cỡ xích: RS100 | Số răng: 15,,192000
NMT-1082,Nhông đĩa xích,Nhông miếng không cùi (Sprocket TA),Nhông RS120 Z15,Cỡ xích: RS120 | Số răng: 15,,390000
NMT-1083,Nhông đĩa xích,Nhông miếng không cùi (Sprocket TA),Nhông RS140 Z15,Cỡ xích: RS140 | Số răng: 15,,649000
NMT-1084,Nhông đĩa xích,Nhông miếng không cùi (Sprocket TA),Nhông RS40 Z16,Cỡ xích: RS40 | Số răng: 16,,26000
NMT-1085,Nhông đĩa xích,Nhông miếng không cùi (Sprocket TA),Nhông RS50 Z16,Cỡ xích: RS50 | Số răng: 16,,38000
NMT-1086,Nhông đĩa xích,Nhông miếng không cùi (Sprocket TA),Nhông RS60 Z16,Cỡ xích: RS60 | Số răng: 16,,52000
NMT-1087,Nhông đĩa xích,Nhông miếng không cùi (Sprocket TA),Nhông RS80 Z16,Cỡ xích: RS80 | Số răng: 16,,126000
NMT-1088,Nhông đĩa xích,Nhông miếng không cùi (Sprocket TA),Nhông RS100 Z16,Cỡ xích: RS100 | Số răng: 16,,216000
NMT-1089,Nhông đĩa xích,Nhông miếng không cùi (Sprocket TA),Nhông RS120 Z16,Cỡ xích: RS120 | Số răng: 16,,440000
NMT-1090,Nhông đĩa xích,Nhông miếng không cùi (Sprocket TA),Nhông RS140 Z16,Cỡ xích: RS140 | Số răng: 16,,729000
NMT-1091,Nhông đĩa xích,Nhông miếng không cùi (Sprocket TA),Nhông RS40 Z17,Cỡ xích: RS40 | Số răng: 17,,28000
NMT-1092,Nhông đĩa xích,Nhông miếng không cùi (Sprocket TA),Nhông RS50 Z17,Cỡ xích: RS50 | Số răng: 17,,40000
NMT-1093,Nhông đĩa xích,Nhông miếng không cùi (Sprocket TA),Nhông RS60 Z17,Cỡ xích: RS60 | Số răng: 17,,55000
NMT-1094,Nhông đĩa xích,Nhông miếng không cùi (Sprocket TA),Nhông RS80 Z17,Cỡ xích: RS80 | Số răng: 17,,140000
NMT-1095,Nhông đĩa xích,Nhông miếng không cùi (Sprocket TA),Nhông RS100 Z17,Cỡ xích: RS100 | Số răng: 17,,242000
NMT-1096,Nhông đĩa xích,Nhông miếng không cùi (Sprocket TA),Nhông RS120 Z17,Cỡ xích: RS120 | Số răng: 17,,488000
NMT-1097,Nhông đĩa xích,Nhông miếng không cùi (Sprocket TA),Nhông RS140 Z17,Cỡ xích: RS140 | Số răng: 17,,813000
NMT-1098,Nhông đĩa xích,Nhông miếng không cùi (Sprocket TA),Nhông RS40 Z18,Cỡ xích: RS40 | Số răng: 18,,32000
NMT-1099,Nhông đĩa xích,Nhông miếng không cùi (Sprocket TA),Nhông RS50 Z18,Cỡ xích: RS50 | Số răng: 18,,50000
NMT-1100,Nhông đĩa xích,Nhông miếng không cùi (Sprocket TA),Nhông RS60 Z18,Cỡ xích: RS60 | Số răng: 18,,63000
NMT-1101,Nhông đĩa xích,Nhông miếng không cùi (Sprocket TA),Nhông RS80 Z18,Cỡ xích: RS80 | Số răng: 18,,160000
NMT-1102,Nhông đĩa xích,Nhông miếng không cùi (Sprocket TA),Nhông RS100 Z18,Cỡ xích: RS100 | Số răng: 18,,264000
NMT-1103,Nhông đĩa xích,Nhông miếng không cùi (Sprocket TA),Nhông RS120 Z18,Cỡ xích: RS120 | Số răng: 18,,539000
NMT-1104,Nhông đĩa xích,Nhông miếng không cùi (Sprocket TA),Nhông RS140 Z18,Cỡ xích: RS140 | Số răng: 18,,900000
NMT-1105,Nhông đĩa xích,Nhông miếng không cùi (Sprocket TA),Nhông RS40 Z19,Cỡ xích: RS40 | Số răng: 19,,35000
NMT-1106,Nhông đĩa xích,Nhông miếng không cùi (Sprocket TA),Nhông RS50 Z19,Cỡ xích: RS50 | Số răng: 19,,52000
NMT-1107,Nhông đĩa xích,Nhông miếng không cùi (Sprocket TA),Nhông RS60 Z19,Cỡ xích: RS60 | Số răng: 19,,70000
NMT-1108,Nhông đĩa xích,Nhông miếng không cùi (Sprocket TA),Nhông RS80 Z19,Cỡ xích: RS80 | Số răng: 19,,168000
NMT-1109,Nhông đĩa xích,Nhông miếng không cùi (Sprocket TA),Nhông RS100 Z19,Cỡ xích: RS100 | Số răng: 19,,293000
NMT-1110,Nhông đĩa xích,Nhông miếng không cùi (Sprocket TA),Nhông RS120 Z19,Cỡ xích: RS120 | Số răng: 19,,593000
NMT-1111,Nhông đĩa xích,Nhông miếng không cùi (Sprocket TA),Nhông RS140 Z19,Cỡ xích: RS140 | Số răng: 19,,994000
NMT-1112,Nhông đĩa xích,Nhông miếng không cùi (Sprocket TA),Nhông RS40 Z20,Cỡ xích: RS40 | Số răng: 20,,38000
NMT-1113,Nhông đĩa xích,Nhông miếng không cùi (Sprocket TA),Nhông RS50 Z20,Cỡ xích: RS50 | Số răng: 20,,55000
NMT-1114,Nhông đĩa xích,Nhông miếng không cùi (Sprocket TA),Nhông RS60 Z20,Cỡ xích: RS60 | Số răng: 20,,82000
NMT-1115,Nhông đĩa xích,Nhông miếng không cùi (Sprocket TA),Nhông RS80 Z20,Cỡ xích: RS80 | Số răng: 20,,190000
NMT-1116,Nhông đĩa xích,Nhông miếng không cùi (Sprocket TA),Nhông RS100 Z20,Cỡ xích: RS100 | Số răng: 20,,319000
NMT-1117,Nhông đĩa xích,Nhông miếng không cùi (Sprocket TA),Nhông RS120 Z20,Cỡ xích: RS120 | Số răng: 20,,652000
NMT-1118,Nhông đĩa xích,Nhông miếng không cùi (Sprocket TA),Nhông RS140 Z20,Cỡ xích: RS140 | Số răng: 20,,1089000
NMT-1119,Nhông đĩa xích,Nhông miếng không cùi (Sprocket TA),Nhông RS40 Z21,Cỡ xích: RS40 | Số răng: 21,,40000
NMT-1120,Nhông đĩa xích,Nhông miếng không cùi (Sprocket TA),Nhông RS50 Z21,Cỡ xích: RS50 | Số răng: 21,,58000
NMT-1121,Nhông đĩa xích,Nhông miếng không cùi (Sprocket TA),Nhông RS60 Z21,Cỡ xích: RS60 | Số răng: 21,,88000
NMT-1122,Nhông đĩa xích,Nhông miếng không cùi (Sprocket TA),Nhông RS80 Z21,Cỡ xích: RS80 | Số răng: 21,,207000
NMT-1123,Nhông đĩa xích,Nhông miếng không cùi (Sprocket TA),Nhông RS100 Z21,Cỡ xích: RS100 | Số răng: 21,,349000
NMT-1124,Nhông đĩa xích,Nhông miếng không cùi (Sprocket TA),Nhông RS120 Z21,Cỡ xích: RS120 | Số răng: 21,,711000
NMT-1125,Nhông đĩa xích,Nhông miếng không cùi (Sprocket TA),Nhông RS140 Z21,Cỡ xích: RS140 | Số răng: 21,,1191000
NMT-1126,Nhông đĩa xích,Nhông miếng không cùi (Sprocket TA),Nhông RS40 Z22,Cỡ xích: RS40 | Số răng: 22,,42000
NMT-1127,Nhông đĩa xích,Nhông miếng không cùi (Sprocket TA),Nhông RS50 Z22,Cỡ xích: RS50 | Số răng: 22,,60000
NMT-1128,Nhông đĩa xích,Nhông miếng không cùi (Sprocket TA),Nhông RS60 Z22,Cỡ xích: RS60 | Số răng: 22,,96000
NMT-1129,Nhông đĩa xích,Nhông miếng không cùi (Sprocket TA),Nhông RS80 Z22,Cỡ xích: RS80 | Số răng: 22,,233000
NMT-1130,Nhông đĩa xích,Nhông miếng không cùi (Sprocket TA),Nhông RS100 Z22,Cỡ xích: RS100 | Số răng: 22,,381000
NMT-1131,Nhông đĩa xích,Nhông miếng không cùi (Sprocket TA),Nhông RS120 Z22,Cỡ xích: RS120 | Số răng: 22,,776000
NMT-1132,Nhông đĩa xích,Nhông miếng không cùi (Sprocket TA),Nhông RS140 Z22,Cỡ xích: RS140 | Số răng: 22,,1296000
NMT-1133,Nhông đĩa xích,Nhông miếng không cùi (Sprocket TA),Nhông RS40 Z23,Cỡ xích: RS40 | Số răng: 23,,45000
NMT-1134,Nhông đĩa xích,Nhông miếng không cùi (Sprocket TA),Nhông RS50 Z23,Cỡ xích: RS50 | Số răng: 23,,63000
NMT-1135,Nhông đĩa xích,Nhông miếng không cùi (Sprocket TA),Nhông RS60 Z23,Cỡ xích: RS60 | Số răng: 23,,103000
NMT-1136,Nhông đĩa xích,Nhông miếng không cùi (Sprocket TA),Nhông RS80 Z23,Cỡ xích: RS80 | Số răng: 23,,245000
NMT-1137,Nhông đĩa xích,Nhông miếng không cùi (Sprocket TA),Nhông RS100 Z23,Cỡ xích: RS100 | Số răng: 23,,413000
NMT-1138,Nhông đĩa xích,Nhông miếng không cùi (Sprocket TA),Nhông RS120 Z23,Cỡ xích: RS120 | Số răng: 23,,839000
NMT-1139,Nhông đĩa xích,Nhông miếng không cùi (Sprocket TA),Nhông RS140 Z23,Cỡ xích: RS140 | Số răng: 23,,1406000
NMT-1140,Nhông đĩa xích,Nhông miếng không cùi (Sprocket TA),Nhông RS40 Z24,Cỡ xích: RS40 | Số răng: 24,,47000
NMT-1141,Nhông đĩa xích,Nhông miếng không cùi (Sprocket TA),Nhông RS50 Z24,Cỡ xích: RS50 | Số răng: 24,,66000
NMT-1142,Nhông đĩa xích,Nhông miếng không cùi (Sprocket TA),Nhông RS60 Z24,Cỡ xích: RS60 | Số răng: 24,,112000
NMT-1143,Nhông đĩa xích,Nhông miếng không cùi (Sprocket TA),Nhông RS80 Z24,Cỡ xích: RS80 | Số răng: 24,,261000
NMT-1144,Nhông đĩa xích,Nhông miếng không cùi (Sprocket TA),Nhông RS100 Z24,Cỡ xích: RS100 | Số răng: 24,,449000
NMT-1145,Nhông đĩa xích,Nhông miếng không cùi (Sprocket TA),Nhông RS120 Z24,Cỡ xích: RS120 | Số răng: 24,,906000
NMT-1146,Nhông đĩa xích,Nhông miếng không cùi (Sprocket TA),Nhông RS140 Z24,Cỡ xích: RS140 | Số răng: 24,,1521000
NMT-1147,Nhông đĩa xích,Nhông miếng không cùi (Sprocket TA),Nhông RS40 Z25,Cỡ xích: RS40 | Số răng: 25,,48000
NMT-1148,Nhông đĩa xích,Nhông miếng không cùi (Sprocket TA),Nhông RS50 Z25,Cỡ xích: RS50 | Số răng: 25,,73000
NMT-1149,Nhông đĩa xích,Nhông miếng không cùi (Sprocket TA),Nhông RS60 Z25,Cỡ xích: RS60 | Số răng: 25,,119000
NMT-1150,Nhông đĩa xích,Nhông miếng không cùi (Sprocket TA),Nhông RS80 Z25,Cỡ xích: RS80 | Số răng: 25,,284000
NMT-1151,Nhông đĩa xích,Nhông miếng không cùi (Sprocket TA),Nhông RS100 Z25,Cỡ xích: RS100 | Số răng: 25,,482000
NMT-1152,Nhông đĩa xích,Nhông miếng không cùi (Sprocket TA),Nhông RS120 Z25,Cỡ xích: RS120 | Số răng: 25,,978000
NMT-1153,Nhông đĩa xích,Nhông miếng không cùi (Sprocket TA),Nhông RS140 Z25,Cỡ xích: RS140 | Số răng: 25,,1641000
NMT-1154,Nhông đĩa xích,Nhông miếng không cùi (Sprocket TA),Nhông RS40 Z26,Cỡ xích: RS40 | Số răng: 26,,50000
NMT-1155,Nhông đĩa xích,Nhông miếng không cùi (Sprocket TA),Nhông RS50 Z26,Cỡ xích: RS50 | Số răng: 26,,80000
NMT-1156,Nhông đĩa xích,Nhông miếng không cùi (Sprocket TA),Nhông RS60 Z26,Cỡ xích: RS60 | Số răng: 26,,126000
NMT-1157,Nhông đĩa xích,Nhông miếng không cùi (Sprocket TA),Nhông RS80 Z26,Cỡ xích: RS80 | Số răng: 26,,305000
NMT-1158,Nhông đĩa xích,Nhông miếng không cùi (Sprocket TA),Nhông RS100 Z26,Cỡ xích: RS100 | Số răng: 26,,516000
NMT-1159,Nhông đĩa xích,Nhông miếng không cùi (Sprocket TA),Nhông RS120 Z26,Cỡ xích: RS120 | Số răng: 26,,1053000
NMT-1160,Nhông đĩa xích,Nhông miếng không cùi (Sprocket TA),Nhông RS140 Z26,Cỡ xích: RS140 | Số răng: 26,,1873000
NMT-1161,Nhông đĩa xích,Nhông miếng không cùi (Sprocket TA),Nhông RS40 Z27,Cỡ xích: RS40 | Số răng: 27,,53000
NMT-1162,Nhông đĩa xích,Nhông miếng không cùi (Sprocket TA),Nhông RS50 Z27,Cỡ xích: RS50 | Số răng: 27,,84000
NMT-1163,Nhông đĩa xích,Nhông miếng không cùi (Sprocket TA),Nhông RS60 Z27,Cỡ xích: RS60 | Số răng: 27,,134000
NMT-1164,Nhông đĩa xích,Nhông miếng không cùi (Sprocket TA),Nhông RS80 Z27,Cỡ xích: RS80 | Số răng: 27,,332000
NMT-1165,Nhông đĩa xích,Nhông miếng không cùi (Sprocket TA),Nhông RS100 Z27,Cỡ xích: RS100 | Số răng: 27,,557000
NMT-1166,Nhông đĩa xích,Nhông miếng không cùi (Sprocket TA),Nhông RS120 Z27,Cỡ xích: RS120 | Số răng: 27,,1131000
NMT-1167,Nhông đĩa xích,Nhông miếng không cùi (Sprocket TA),Nhông RS140 Z27,Cỡ xích: RS140 | Số răng: 27,,1894000
NMT-1168,Nhông đĩa xích,Nhông miếng không cùi (Sprocket TA),Nhông RS40 Z28,Cỡ xích: RS40 | Số răng: 28,,60000
NMT-1169,Nhông đĩa xích,Nhông miếng không cùi (Sprocket TA),Nhông RS50 Z28,Cỡ xích: RS50 | Số răng: 28,,87000
NMT-1170,Nhông đĩa xích,Nhông miếng không cùi (Sprocket TA),Nhông RS60 Z28,Cỡ xích: RS60 | Số răng: 28,,149000
NMT-1171,Nhông đĩa xích,Nhông miếng không cùi (Sprocket TA),Nhông RS80 Z28,Cỡ xích: RS80 | Số răng: 28,,351000
NMT-1172,Nhông đĩa xích,Nhông miếng không cùi (Sprocket TA),Nhông RS100 Z28,Cỡ xích: RS100 | Số răng: 28,,593000
NMT-1173,Nhông đĩa xích,Nhông miếng không cùi (Sprocket TA),Nhông RS120 Z28,Cỡ xích: RS120 | Số răng: 28,,1210000
NMT-1174,Nhông đĩa xích,Nhông miếng không cùi (Sprocket TA),Nhông RS140 Z28,Cỡ xích: RS140 | Số răng: 28,,2024000
NMT-1175,Nhông đĩa xích,Nhông miếng không cùi (Sprocket TA),Nhông RS40 Z29,Cỡ xích: RS40 | Số răng: 29,,62000
NMT-1176,Nhông đĩa xích,Nhông miếng không cùi (Sprocket TA),Nhông RS50 Z29,Cỡ xích: RS50 | Số răng: 29,,94000
NMT-1177,Nhông đĩa xích,Nhông miếng không cùi (Sprocket TA),Nhông RS60 Z29,Cỡ xích: RS60 | Số răng: 29,,163000
NMT-1178,Nhông đĩa xích,Nhông miếng không cùi (Sprocket TA),Nhông RS80 Z29,Cỡ xích: RS80 | Số răng: 29,,371000
NMT-1179,Nhông đĩa xích,Nhông miếng không cùi (Sprocket TA),Nhông RS100 Z29,Cỡ xích: RS100 | Số răng: 29,,633000
NMT-1180,Nhông đĩa xích,Nhông miếng không cùi (Sprocket TA),Nhông RS120 Z29,Cỡ xích: RS120 | Số răng: 29,,1304000
NMT-1181,Nhông đĩa xích,Nhông miếng không cùi (Sprocket TA),Nhông RS140 Z29,Cỡ xích: RS140 | Số răng: 29,,2162000
NMT-1182,Nhông đĩa xích,Nhông miếng không cùi (Sprocket TA),Nhông RS40 Z30,Cỡ xích: RS40 | Số răng: 30,,66000
NMT-1183,Nhông đĩa xích,Nhông miếng không cùi (Sprocket TA),Nhông RS50 Z30,Cỡ xích: RS50 | Số răng: 30,,98000
NMT-1184,Nhông đĩa xích,Nhông miếng không cùi (Sprocket TA),Nhông RS60 Z30,Cỡ xích: RS60 | Số răng: 30,,169000
NMT-1185,Nhông đĩa xích,Nhông miếng không cùi (Sprocket TA),Nhông RS80 Z30,Cỡ xích: RS80 | Số răng: 30,,398000
NMT-1186,Nhông đĩa xích,Nhông miếng không cùi (Sprocket TA),Nhông RS100 Z30,Cỡ xích: RS100 | Số răng: 30,,674000
NMT-1187,Nhông đĩa xích,Nhông miếng không cùi (Sprocket TA),Nhông RS120 Z30,Cỡ xích: RS120 | Số răng: 30,,1378000
NMT-1188,Nhông đĩa xích,Nhông miếng không cùi (Sprocket TA),Nhông RS140 Z30,Cỡ xích: RS140 | Số răng: 30,,2304000
NMT-1189,Nhông đĩa xích,Nhông miếng không cùi (Sprocket TA),Nhông RS40 Z31,Cỡ xích: RS40 | Số răng: 31,,70000
NMT-1190,Nhông đĩa xích,Nhông miếng không cùi (Sprocket TA),Nhông RS50 Z31,Cỡ xích: RS50 | Số răng: 31,,105000
NMT-1191,Nhông đĩa xích,Nhông miếng không cùi (Sprocket TA),Nhông RS60 Z31,Cỡ xích: RS60 | Số răng: 31,,211000
NMT-1192,Nhông đĩa xích,Nhông miếng không cùi (Sprocket TA),Nhông RS80 Z31,Cỡ xích: RS80 | Số răng: 31,,425000
NMT-1193,Nhông đĩa xích,Nhông miếng không cùi (Sprocket TA),Nhông RS100 Z31,Cỡ xích: RS100 | Số răng: 31,,717000
NMT-1194,Nhông đĩa xích,Nhông miếng không cùi (Sprocket TA),Nhông RS120 Z31,Cỡ xích: RS120 | Số răng: 31,,1599000
NMT-1195,Nhông đĩa xích,Nhông miếng không cùi (Sprocket TA),Nhông RS140 Z31,Cỡ xích: RS140 | Số răng: 31,,2450000
NMT-1196,Nhông đĩa xích,Nhông miếng không cùi (Sprocket TA),Nhông RS40 Z32,Cỡ xích: RS40 | Số răng: 32,,73000
NMT-1197,Nhông đĩa xích,Nhông miếng không cùi (Sprocket TA),Nhông RS50 Z32,Cỡ xích: RS50 | Số răng: 32,,110000
NMT-1198,Nhông đĩa xích,Nhông miếng không cùi (Sprocket TA),Nhông RS60 Z32,Cỡ xích: RS60 | Số răng: 32,,224000
NMT-1199,Nhông đĩa xích,Nhông miếng không cùi (Sprocket TA),Nhông RS80 Z32,Cỡ xích: RS80 | Số răng: 32,,450000
NMT-1200,Nhông đĩa xích,Nhông miếng không cùi (Sprocket TA),Nhông RS100 Z32,Cỡ xích: RS100 | Số răng: 32,,759000
NMT-1201,Nhông đĩa xích,Nhông miếng không cùi (Sprocket TA),Nhông RS120 Z32,Cỡ xích: RS120 | Số răng: 32,,1696000
NMT-1202,Nhông đĩa xích,Nhông miếng không cùi (Sprocket TA),Nhông RS140 Z32,Cỡ xích: RS140 | Số răng: 32,,2600000
NMT-1203,Nhông đĩa xích,Nhông miếng không cùi (Sprocket TA),Nhông RS40 Z33,Cỡ xích: RS40 | Số răng: 33,,76000
NMT-1204,Nhông đĩa xích,Nhông miếng không cùi (Sprocket TA),Nhông RS50 Z33,Cỡ xích: RS50 | Số răng: 33,,117000
NMT-1205,Nhông đĩa xích,Nhông miếng không cùi (Sprocket TA),Nhông RS60 Z33,Cỡ xích: RS60 | Số răng: 33,,238000
NMT-1206,Nhông đĩa xích,Nhông miếng không cùi (Sprocket TA),Nhông RS80 Z33,Cỡ xích: RS80 | Số răng: 33,,476000
NMT-1207,Nhông đĩa xích,Nhông miếng không cùi (Sprocket TA),Nhông RS100 Z33,Cỡ xích: RS100 | Số răng: 33,,801000
NMT-1208,Nhông đĩa xích,Nhông miếng không cùi (Sprocket TA),Nhông RS120 Z33,Cỡ xích: RS120 | Số răng: 33,,1798000
NMT-1209,Nhông đĩa xích,Nhông miếng không cùi (Sprocket TA),Nhông RS140 Z33,Cỡ xích: RS140 | Số răng: 33,,2757000
NMT-1210,Nhông đĩa xích,Nhông miếng không cùi (Sprocket TA),Nhông RS40 Z34,Cỡ xích: RS40 | Số răng: 34,,80000
NMT-1211,Nhông đĩa xích,Nhông miếng không cùi (Sprocket TA),Nhông RS50 Z34,Cỡ xích: RS50 | Số răng: 34,,121000
NMT-1212,Nhông đĩa xích,Nhông miếng không cùi (Sprocket TA),Nhông RS60 Z34,Cỡ xích: RS60 | Số răng: 34,,252000
NMT-1213,Nhông đĩa xích,Nhông miếng không cùi (Sprocket TA),Nhông RS80 Z34,Cỡ xích: RS80 | Số răng: 34,,505000
NMT-1214,Nhông đĩa xích,Nhông miếng không cùi (Sprocket TA),Nhông RS100 Z34,Cỡ xích: RS100 | Số răng: 34,,852000
NMT-1215,Nhông đĩa xích,Nhông miếng không cùi (Sprocket TA),Nhông RS120 Z34,Cỡ xích: RS120 | Số răng: 34,,1902000
NMT-1216,Nhông đĩa xích,Nhông miếng không cùi (Sprocket TA),Nhông RS140 Z34,Cỡ xích: RS140 | Số răng: 34,,2917000
NMT-1217,Nhông đĩa xích,Nhông miếng không cùi (Sprocket TA),Nhông RS40 Z35,Cỡ xích: RS40 | Số răng: 35,,88000
NMT-1218,Nhông đĩa xích,Nhông miếng không cùi (Sprocket TA),Nhông RS50 Z35,Cỡ xích: RS50 | Số răng: 35,,131000
NMT-1219,Nhông đĩa xích,Nhông miếng không cùi (Sprocket TA),Nhông RS60 Z35,Cỡ xích: RS60 | Số răng: 35,,266000
NMT-1220,Nhông đĩa xích,Nhông miếng không cùi (Sprocket TA),Nhông RS80 Z35,Cỡ xích: RS80 | Số răng: 35,,535000
NMT-1221,Nhông đĩa xích,Nhông miếng không cùi (Sprocket TA),Nhông RS100 Z35,Cỡ xích: RS100 | Số răng: 35,,902000
NMT-1222,Nhông đĩa xích,Nhông miếng không cùi (Sprocket TA),Nhông RS120 Z35,Cỡ xích: RS120 | Số răng: 35,,2010000
NMT-1223,Nhông đĩa xích,Nhông miếng không cùi (Sprocket TA),Nhông RS140 Z35,Cỡ xích: RS140 | Số răng: 35,,2959000
NMT-1224,Nhông đĩa xích,Nhông miếng không cùi (Sprocket TA),Nhông RS40 Z36,Cỡ xích: RS40 | Số răng: 36,,93000
NMT-1225,Nhông đĩa xích,Nhông miếng không cùi (Sprocket TA),Nhông RS50 Z36,Cỡ xích: RS50 | Số răng: 36,,143000
NMT-1226,Nhông đĩa xích,Nhông miếng không cùi (Sprocket TA),Nhông RS60 Z36,Cỡ xích: RS60 | Số răng: 36,,281000
NMT-1227,Nhông đĩa xích,Nhông miếng không cùi (Sprocket TA),Nhông RS80 Z36,Cỡ xích: RS80 | Số răng: 36,,561000
NMT-1228,Nhông đĩa xích,Nhông miếng không cùi (Sprocket TA),Nhông RS100 Z36,Cỡ xích: RS100 | Số răng: 36,,949000
NMT-1229,Nhông đĩa xích,Nhông miếng không cùi (Sprocket TA),Nhông RS120 Z36,Cỡ xích: RS120 | Số răng: 36,,2120000
NMT-1230,Nhông đĩa xích,Nhông miếng không cùi (Sprocket TA),Nhông RS140 Z36,Cỡ xích: RS140 | Số răng: 36,,3250000
NMT-1231,Nhông đĩa xích,Nhông miếng không cùi (Sprocket TA),Nhông RS40 Z37,Cỡ xích: RS40 | Số răng: 37,,97000
NMT-1232,Nhông đĩa xích,Nhông miếng không cùi (Sprocket TA),Nhông RS50 Z37,Cỡ xích: RS50 | Số răng: 37,,149000
NMT-1233,Nhông đĩa xích,Nhông miếng không cùi (Sprocket TA),Nhông RS60 Z37,Cỡ xích: RS60 | Số răng: 37,,294000
NMT-1234,Nhông đĩa xích,Nhông miếng không cùi (Sprocket TA),Nhông RS80 Z37,Cỡ xích: RS80 | Số răng: 37,,587000
NMT-1235,Nhông đĩa xích,Nhông miếng không cùi (Sprocket TA),Nhông RS100 Z37,Cỡ xích: RS100 | Số răng: 37,,997000
NMT-1236,Nhông đĩa xích,Nhông miếng không cùi (Sprocket TA),Nhông RS120 Z37,Cỡ xích: RS120 | Số răng: 37,,2232000
NMT-1237,Nhông đĩa xích,Nhông miếng không cùi (Sprocket TA),Nhông RS140 Z37,Cỡ xích: RS140 | Số răng: 37,,3421000
NMT-1238,Nhông đĩa xích,Nhông miếng không cùi (Sprocket TA),Nhông RS40 Z38,Cỡ xích: RS40 | Số răng: 38,,100000
NMT-1239,Nhông đĩa xích,Nhông miếng không cùi (Sprocket TA),Nhông RS50 Z38,Cỡ xích: RS50 | Số răng: 38,,154000
NMT-1240,Nhông đĩa xích,Nhông miếng không cùi (Sprocket TA),Nhông RS60 Z38,Cỡ xích: RS60 | Số răng: 38,,308000
NMT-1241,Nhông đĩa xích,Nhông miếng không cùi (Sprocket TA),Nhông RS80 Z38,Cỡ xích: RS80 | Số răng: 38,,622000
NMT-1242,Nhông đĩa xích,Nhông miếng không cùi (Sprocket TA),Nhông RS100 Z38,Cỡ xích: RS100 | Số răng: 38,,1053000
NMT-1243,Nhông đĩa xích,Nhông miếng không cùi (Sprocket TA),Nhông RS120 Z38,Cỡ xích: RS120 | Số răng: 38,,2349000
NMT-1244,Nhông đĩa xích,Nhông miếng không cùi (Sprocket TA),Nhông RS140 Z38,Cỡ xích: RS140 | Số răng: 38,,3600000
NMT-1245,Nhông đĩa xích,Nhông miếng không cùi (Sprocket TA),Nhông RS40 Z39,Cỡ xích: RS40 | Số răng: 39,,102000
NMT-1246,Nhông đĩa xích,Nhông miếng không cùi (Sprocket TA),Nhông RS50 Z39,Cỡ xích: RS50 | Số răng: 39,,160000
NMT-1247,Nhông đĩa xích,Nhông miếng không cùi (Sprocket TA),Nhông RS60 Z39,Cỡ xích: RS60 | Số răng: 39,,323000
NMT-1248,Nhông đĩa xích,Nhông miếng không cùi (Sprocket TA),Nhông RS80 Z39,Cỡ xích: RS80 | Số răng: 39,,656000
NMT-1249,Nhông đĩa xích,Nhông miếng không cùi (Sprocket TA),Nhông RS100 Z39,Cỡ xích: RS100 | Số răng: 39,,1106000
NMT-1250,Nhông đĩa xích,Nhông miếng không cùi (Sprocket TA),Nhông RS120 Z39,Cỡ xích: RS120 | Số răng: 39,,2467000
NMT-1251,Nhông đĩa xích,Nhông miếng không cùi (Sprocket TA),Nhông RS140 Z39,Cỡ xích: RS140 | Số răng: 39,,3782000
NMT-1252,Nhông đĩa xích,Nhông miếng không cùi (Sprocket TA),Nhông RS40 Z40,Cỡ xích: RS40 | Số răng: 40,,104000
NMT-1253,Nhông đĩa xích,Nhông miếng không cùi (Sprocket TA),Nhông RS50 Z40,Cỡ xích: RS50 | Số răng: 40,,165000
NMT-1254,Nhông đĩa xích,Nhông miếng không cùi (Sprocket TA),Nhông RS60 Z40,Cỡ xích: RS60 | Số răng: 40,,334000
NMT-1255,Nhông đĩa xích,Nhông miếng không cùi (Sprocket TA),Nhông RS80 Z40,Cỡ xích: RS80 | Số răng: 40,,685000
NMT-1256,Nhông đĩa xích,Nhông miếng không cùi (Sprocket TA),Nhông RS100 Z40,Cỡ xích: RS100 | Số răng: 40,,1160000
NMT-1257,Nhông đĩa xích,Nhông miếng không cùi (Sprocket TA),Nhông RS120 Z40,Cỡ xích: RS120 | Số răng: 40,,2588000
NMT-1258,Nhông đĩa xích,Nhông miếng không cùi (Sprocket TA),Nhông RS140 Z40,Cỡ xích: RS140 | Số răng: 40,,3970000
NMT-1259,Nhông đĩa xích,Nhông miếng không cùi (Sprocket TA),Nhông RS40 Z41,Cỡ xích: RS40 | Số răng: 41,,106000
NMT-1260,Nhông đĩa xích,Nhông miếng không cùi (Sprocket TA),Nhông RS50 Z41,Cỡ xích: RS50 | Số răng: 41,,176000
NMT-1261,Nhông đĩa xích,Nhông miếng không cùi (Sprocket TA),Nhông RS60 Z41,Cỡ xích: RS60 | Số răng: 41,,354000
NMT-1262,Nhông đĩa xích,Nhông miếng không cùi (Sprocket TA),Nhông RS80 Z41,Cỡ xích: RS80 | Số răng: 41,,728000
NMT-1263,Nhông đĩa xích,Nhông miếng không cùi (Sprocket TA),Nhông RS40 Z42,Cỡ xích: RS40 | Số răng: 42,,115000
NMT-1264,Nhông đĩa xích,Nhông miếng không cùi (Sprocket TA),Nhông RS50 Z42,Cỡ xích: RS50 | Số răng: 42,,183000
NMT-1265,Nhông đĩa xích,Nhông miếng không cùi (Sprocket TA),Nhông RS60 Z42,Cỡ xích: RS60 | Số răng: 42,,374000
NMT-1266,Nhông đĩa xích,Nhông miếng không cùi (Sprocket TA),Nhông RS80 Z42,Cỡ xích: RS80 | Số răng: 42,,795000
NMT-1267,Nhông đĩa xích,Nhông miếng không cùi (Sprocket TA),Nhông RS40 Z43,Cỡ xích: RS40 | Số răng: 43,,120000
NMT-1268,Nhông đĩa xích,Nhông miếng không cùi (Sprocket TA),Nhông RS50 Z43,Cỡ xích: RS50 | Số răng: 43,,193000
NMT-1269,Nhông đĩa xích,Nhông miếng không cùi (Sprocket TA),Nhông RS60 Z43,Cỡ xích: RS60 | Số răng: 43,,392000
NMT-1270,Nhông đĩa xích,Nhông miếng không cùi (Sprocket TA),Nhông RS80 Z43,Cỡ xích: RS80 | Số răng: 43,,840000
NMT-1271,Nhông đĩa xích,Nhông miếng không cùi (Sprocket TA),Nhông RS40 Z44,Cỡ xích: RS40 | Số răng: 44,,122000
NMT-1272,Nhông đĩa xích,Nhông miếng không cùi (Sprocket TA),Nhông RS50 Z44,Cỡ xích: RS50 | Số răng: 44,,201000
NMT-1273,Nhông đĩa xích,Nhông miếng không cùi (Sprocket TA),Nhông RS60 Z44,Cỡ xích: RS60 | Số răng: 44,,406000
NMT-1274,Nhông đĩa xích,Nhông miếng không cùi (Sprocket TA),Nhông RS80 Z44,Cỡ xích: RS80 | Số răng: 44,,887000
NMT-1275,Nhông đĩa xích,Nhông miếng không cùi (Sprocket TA),Nhông RS40 Z45,Cỡ xích: RS40 | Số răng: 45,,125000
NMT-1276,Nhông đĩa xích,Nhông miếng không cùi (Sprocket TA),Nhông RS50 Z45,Cỡ xích: RS50 | Số răng: 45,,206000
NMT-1277,Nhông đĩa xích,Nhông miếng không cùi (Sprocket TA),Nhông RS60 Z45,Cỡ xích: RS60 | Số răng: 45,,426000
NMT-1278,Nhông đĩa xích,Nhông miếng không cùi (Sprocket TA),Nhông RS80 Z45,Cỡ xích: RS80 | Số răng: 45,,911000
NMT-1279,Nhông đĩa xích,Nhông miếng không cùi (Sprocket TA),Nhông RS40 Z46,Cỡ xích: RS40 | Số răng: 46,,130000
NMT-1280,Nhông đĩa xích,Nhông miếng không cùi (Sprocket TA),Nhông RS50 Z46,Cỡ xích: RS50 | Số răng: 46,,216000
NMT-1281,Nhông đĩa xích,Nhông miếng không cùi (Sprocket TA),Nhông RS60 Z46,Cỡ xích: RS60 | Số răng: 46,,448000
NMT-1282,Nhông đĩa xích,Nhông miếng không cùi (Sprocket TA),Nhông RS80 Z46,Cỡ xích: RS80 | Số răng: 46,,960000
NMT-1283,Nhông đĩa xích,Nhông miếng không cùi (Sprocket TA),Nhông RS40 Z47,Cỡ xích: RS40 | Số răng: 47,,135000
NMT-1284,Nhông đĩa xích,Nhông miếng không cùi (Sprocket TA),Nhông RS50 Z47,Cỡ xích: RS50 | Số răng: 47,,224000
NMT-1285,Nhông đĩa xích,Nhông miếng không cùi (Sprocket TA),Nhông RS60 Z47,Cỡ xích: RS60 | Số răng: 47,,459000
NMT-1286,Nhông đĩa xích,Nhông miếng không cùi (Sprocket TA),Nhông RS80 Z47,Cỡ xích: RS80 | Số răng: 47,,1009000
NMT-1287,Nhông đĩa xích,Nhông miếng không cùi (Sprocket TA),Nhông RS40 Z48,Cỡ xích: RS40 | Số răng: 48,,142000
NMT-1288,Nhông đĩa xích,Nhông miếng không cùi (Sprocket TA),Nhông RS50 Z48,Cỡ xích: RS50 | Số răng: 48,,233000
NMT-1289,Nhông đĩa xích,Nhông miếng không cùi (Sprocket TA),Nhông RS60 Z48,Cỡ xích: RS60 | Số răng: 48,,481000
NMT-1290,Nhông đĩa xích,Nhông miếng không cùi (Sprocket TA),Nhông RS80 Z48,Cỡ xích: RS80 | Số răng: 48,,1034000
NMT-1291,Nhông đĩa xích,Nhông miếng không cùi (Sprocket TA),Nhông RS40 Z49,Cỡ xích: RS40 | Số răng: 49,,145000
NMT-1292,Nhông đĩa xích,Nhông miếng không cùi (Sprocket TA),Nhông RS50 Z49,Cỡ xích: RS50 | Số răng: 49,,242000
NMT-1293,Nhông đĩa xích,Nhông miếng không cùi (Sprocket TA),Nhông RS60 Z49,Cỡ xích: RS60 | Số răng: 49,,499000
NMT-1294,Nhông đĩa xích,Nhông miếng không cùi (Sprocket TA),Nhông RS80 Z49,Cỡ xích: RS80 | Số răng: 49,,1085000
NMT-1295,Nhông đĩa xích,Nhông miếng không cùi (Sprocket TA),Nhông RS40 Z50,Cỡ xích: RS40 | Số răng: 50,,150000
NMT-1296,Nhông đĩa xích,Nhông miếng không cùi (Sprocket TA),Nhông RS50 Z50,Cỡ xích: RS50 | Số răng: 50,,253000
NMT-1297,Nhông đĩa xích,Nhông miếng không cùi (Sprocket TA),Nhông RS60 Z50,Cỡ xích: RS60 | Số răng: 50,,517000
NMT-1298,Nhông đĩa xích,Nhông miếng không cùi (Sprocket TA),Nhông RS80 Z50,Cỡ xích: RS80 | Số răng: 50,,1114000
NMT-1299,Nhông đĩa xích,Nhông miếng không cùi (Sprocket TA),Nhông RS40 Z52,Cỡ xích: RS40 | Số răng: 52,,165000
NMT-1300,Nhông đĩa xích,Nhông miếng không cùi (Sprocket TA),Nhông RS50 Z52,Cỡ xích: RS50 | Số răng: 52,,275000
NMT-1301,Nhông đĩa xích,Nhông miếng không cùi (Sprocket TA),Nhông RS60 Z52,Cỡ xích: RS60 | Số răng: 52,,565000
NMT-1302,Nhông đĩa xích,Nhông miếng không cùi (Sprocket TA),Nhông RS80 Z52,Cỡ xích: RS80 | Số răng: 52,,1220000
NMT-1303,Nhông đĩa xích,Nhông miếng không cùi (Sprocket TA),Nhông RS40 Z55,Cỡ xích: RS40 | Số răng: 55,,185000
NMT-1304,Nhông đĩa xích,Nhông miếng không cùi (Sprocket TA),Nhông RS50 Z55,Cỡ xích: RS50 | Số răng: 55,,313000
NMT-1305,Nhông đĩa xích,Nhông miếng không cùi (Sprocket TA),Nhông RS60 Z55,Cỡ xích: RS60 | Số răng: 55,,611000
NMT-1306,Nhông đĩa xích,Nhông miếng không cùi (Sprocket TA),Nhông RS80 Z55,Cỡ xích: RS80 | Số răng: 55,,1356000
NMT-1307,Nhông đĩa xích,Nhông miếng không cùi (Sprocket TA),Nhông RS40 Z56,Cỡ xích: RS40 | Số răng: 56,,193000
NMT-1308,Nhông đĩa xích,Nhông miếng không cùi (Sprocket TA),Nhông RS50 Z56,Cỡ xích: RS50 | Số răng: 56,,326000
NMT-1309,Nhông đĩa xích,Nhông miếng không cùi (Sprocket TA),Nhông RS60 Z56,Cỡ xích: RS60 | Số răng: 56,,638000
NMT-1310,Nhông đĩa xích,Nhông miếng không cùi (Sprocket TA),Nhông RS80 Z56,Cỡ xích: RS80 | Số răng: 56,,1393000
NMT-1311,Nhông đĩa xích,Nhông miếng không cùi (Sprocket TA),Nhông RS40 Z60,Cỡ xích: RS40 | Số răng: 60,,230000
NMT-1312,Nhông đĩa xích,Nhông miếng không cùi (Sprocket TA),Nhông RS50 Z60,Cỡ xích: RS50 | Số răng: 60,,363000
NMT-1313,Nhông đĩa xích,Nhông miếng không cùi (Sprocket TA),Nhông RS60 Z60,Cỡ xích: RS60 | Số răng: 60,,742000
NMT-1314,Nhông đĩa xích,Nhông miếng không cùi (Sprocket TA),Nhông RS80 Z60,Cỡ xích: RS80 | Số răng: 60,,1608000
NMT-1315,Nhông đĩa xích,Nhông miếng không cùi (Sprocket TA),Nhông RS40 Z64,Cỡ xích: RS40 | Số răng: 64,,265000
NMT-1316,Nhông đĩa xích,Nhông miếng không cùi (Sprocket TA),Nhông RS50 Z64,Cỡ xích: RS50 | Số răng: 64,,418000
NMT-1317,Nhông đĩa xích,Nhông miếng không cùi (Sprocket TA),Nhông RS60 Z64,Cỡ xích: RS60 | Số răng: 64,,806000
NMT-1318,Nhông đĩa xích,Nhông miếng không cùi (Sprocket TA),Nhông RS80 Z64,Cỡ xích: RS80 | Số răng: 64,,1788000
NMT-1319,Nhông đĩa xích,Nhông miếng không cùi (Sprocket TA),Nhông RS40 Z65,Cỡ xích: RS40 | Số răng: 65,,310000
NMT-1320,Nhông đĩa xích,Nhông miếng không cùi (Sprocket TA),Nhông RS50 Z65,Cỡ xích: RS50 | Số răng: 65,,434000
NMT-1321,Nhông đĩa xích,Nhông miếng không cùi (Sprocket TA),Nhông RS60 Z65,Cỡ xích: RS60 | Số răng: 65,,853000
NMT-1322,Nhông đĩa xích,Nhông miếng không cùi (Sprocket TA),Nhông RS80 Z65,Cỡ xích: RS80 | Số răng: 65,,1873000
NMT-1323,Nhông đĩa xích,Nhông miếng không cùi (Sprocket TA),Nhông RS40 Z70,Cỡ xích: RS40 | Số răng: 70,,385000
NMT-1324,Nhông đĩa xích,Nhông miếng không cùi (Sprocket TA),Nhông RS40 Z72,Cỡ xích: RS40 | Số răng: 72,,400000
NMT-1325,Nhông đĩa xích,Nhông miếng không cùi (Sprocket TA),Nhông RS60 Z72,Cỡ xích: RS60 | Số răng: 72,,1271000
NMT-1326,Nhông đĩa xích,Nhông miếng không cùi (Sprocket TA),Nhông RS40 Z75,Cỡ xích: RS40 | Số răng: 75,,440000
NMT-1327,Nhông đĩa xích,Nhông miếng không cùi (Sprocket TA),Nhông RS60 Z75,Cỡ xích: RS60 | Số răng: 75,,1392000
NMT-1328,Nhông đĩa xích,Nhông miếng không cùi (Sprocket TA),Nhông RS40 Z80,Cỡ xích: RS40 | Số răng: 80,,500000
DLD-1329,Phụ kiện điện-cơ,Xích luồn dây điện (Cable Carrier),Xích luồn điện 7*7mm,W×H: 7*7mm,,105000
DLD-1330,Phụ kiện điện-cơ,Xích luồn dây điện (Cable Carrier),Xích luồn điện 30*50mm,W×H: 30*50mm,,350000
DLD-1331,Phụ kiện điện-cơ,Xích luồn dây điện (Cable Carrier),Xích luồn điện 10*10mm,W×H: 10*10mm,,110000
DLD-1332,Phụ kiện điện-cơ,Xích luồn dây điện (Cable Carrier),Xích luồn điện 30*57mm,W×H: 30*57mm,,385000
DLD-1333,Phụ kiện điện-cơ,Xích luồn dây điện (Cable Carrier),Xích luồn điện 10*15mm,W×H: 10*15mm,,130000
DLD-1334,Phụ kiện điện-cơ,Xích luồn dây điện (Cable Carrier),Xích luồn điện 30*75mm,W×H: 30*75mm,,430000
DLD-1335,Phụ kiện điện-cơ,Xích luồn dây điện (Cable Carrier),Xích luồn điện 10*20mm,W×H: 10*20mm,,185000
DLD-1336,Phụ kiện điện-cơ,Xích luồn dây điện (Cable Carrier),Xích luồn điện 30*100mm,W×H: 30*100mm,,460000
DLD-1337,Phụ kiện điện-cơ,Xích luồn dây điện (Cable Carrier),Xích luồn điện 15*15mm,W×H: 15*15mm,,200000
DLD-1338,Phụ kiện điện-cơ,Xích luồn dây điện (Cable Carrier),Xích luồn điện 35*50mm,W×H: 35*50mm,,395000
DLD-1339,Phụ kiện điện-cơ,Xích luồn dây điện (Cable Carrier),Xích luồn điện 15*20mm,W×H: 15*20mm,,220000
DLD-1340,Phụ kiện điện-cơ,Xích luồn dây điện (Cable Carrier),Xích luồn điện 35*60mm,W×H: 35*60mm,,405000
DLD-1341,Phụ kiện điện-cơ,Xích luồn dây điện (Cable Carrier),Xích luồn điện 15*30mm,W×H: 15*30mm,,240000
DLD-1342,Phụ kiện điện-cơ,Xích luồn dây điện (Cable Carrier),Xích luồn điện 35*75mm,W×H: 35*75mm,,435000
DLD-1343,Phụ kiện điện-cơ,Xích luồn dây điện (Cable Carrier),Xích luồn điện 15*40mm,W×H: 15*40mm,,250000
DLD-1344,Phụ kiện điện-cơ,Xích luồn dây điện (Cable Carrier),Xích luồn điện 35*100mm,W×H: 35*100mm,,465000
DLD-1345,Phụ kiện điện-cơ,Xích luồn dây điện (Cable Carrier),Xích luồn điện 15*50mm,W×H: 15*50mm,,265000
DLD-1346,Phụ kiện điện-cơ,Xích luồn dây điện (Cable Carrier),Xích luồn điện 35*125mm,W×H: 35*125mm,,485000
DLD-1347,Phụ kiện điện-cơ,Xích luồn dây điện (Cable Carrier),Xích luồn điện 18*25mm,W×H: 18*25mm,,205000
DLD-1348,Phụ kiện điện-cơ,Xích luồn dây điện (Cable Carrier),Xích luồn điện 35*150mm,W×H: 35*150mm,,500000
DLD-1349,Phụ kiện điện-cơ,Xích luồn dây điện (Cable Carrier),Xích luồn điện 18*37mm,W×H: 18*37mm,,220000
DLD-1350,Phụ kiện điện-cơ,Xích luồn dây điện (Cable Carrier),Xích luồn điện 35*175mm,W×H: 35*175mm,,650000
DLD-1351,Phụ kiện điện-cơ,Xích luồn dây điện (Cable Carrier),Xích luồn điện 18*50mm,W×H: 18*50mm,,240000
DLD-1352,Phụ kiện điện-cơ,Xích luồn dây điện (Cable Carrier),Xích luồn điện 35*200mm,W×H: 35*200mm,,705000
DLD-1353,Phụ kiện điện-cơ,Xích luồn dây điện (Cable Carrier),Xích luồn điện 25*25mm,W×H: 25*25mm,,230000
DLD-1354,Phụ kiện điện-cơ,Xích luồn dây điện (Cable Carrier),Xích luồn điện 45*50mm,W×H: 45*50mm,,530000
DLD-1355,Phụ kiện điện-cơ,Xích luồn dây điện (Cable Carrier),Xích luồn điện 25*38mm,W×H: 25*38mm,,260000
DLD-1356,Phụ kiện điện-cơ,Xích luồn dây điện (Cable Carrier),Xích luồn điện 45*60mm,W×H: 45*60mm,,555000
DLD-1357,Phụ kiện điện-cơ,Xích luồn dây điện (Cable Carrier),Xích luồn điện 25*50mm,W×H: 25*50mm,,280000
DLD-1358,Phụ kiện điện-cơ,Xích luồn dây điện (Cable Carrier),Xích luồn điện 45*75mm,W×H: 45*75mm,,580000
DLD-1359,Phụ kiện điện-cơ,Xích luồn dây điện (Cable Carrier),Xích luồn điện 25*57mm,W×H: 25*57mm,,290000
DLD-1360,Phụ kiện điện-cơ,Xích luồn dây điện (Cable Carrier),Xích luồn điện 45*100mm,W×H: 45*100mm,,600000
DLD-1361,Phụ kiện điện-cơ,Xích luồn dây điện (Cable Carrier),Xích luồn điện 25*60mm,W×H: 25*60mm,,330000
DLD-1362,Phụ kiện điện-cơ,Xích luồn dây điện (Cable Carrier),Xích luồn điện 45*125mm,W×H: 45*125mm,,640000
DLD-1363,Phụ kiện điện-cơ,Xích luồn dây điện (Cable Carrier),Xích luồn điện 25*75mm,W×H: 25*75mm,,340000
DLD-1364,Phụ kiện điện-cơ,Xích luồn dây điện (Cable Carrier),Xích luồn điện 45*150mm,W×H: 45*150mm,,665000
DLD-1365,Phụ kiện điện-cơ,Xích luồn dây điện (Cable Carrier),Xích luồn điện 25*100mm,W×H: 25*100mm,,360000
DLD-1366,Phụ kiện điện-cơ,Xích luồn dây điện (Cable Carrier),Xích luồn điện 45*175mm,W×H: 45*175mm,,795000
DLD-1367,Phụ kiện điện-cơ,Xích luồn dây điện (Cable Carrier),Xích luồn điện 30*38mm,W×H: 30*38mm,,360000
DLD-1368,Phụ kiện điện-cơ,Xích luồn dây điện (Cable Carrier),Xích luồn điện 45*200mm,W×H: 45*200mm,,860000
CUR-1369,Dây curoa,Dây curoa răng profile A,Dây curoa A20 -->25,Mã: A20 -->25 | Profile: A,,38000
CUR-1370,Dây curoa,Dây curoa răng profile B,Dây curoa B20 -->25,Mã: B20 -->25 | Profile: B,,47000
CUR-1371,Dây curoa,Dây curoa răng profile C,Dây curoa C47,Mã: C47 | Profile: C,,88000
CUR-1372,Dây curoa,Dây curoa răng profile A,Dây curoa A26 -->29,Mã: A26 -->29 | Profile: A,,40000
CUR-1373,Dây curoa,Dây curoa răng profile B,Dây curoa B26 -->29,Mã: B26 -->29 | Profile: B,,52000
CUR-1374,Dây curoa,Dây curoa răng profile C,Dây curoa C48,Mã: C48 | Profile: C,,88000
CUR-1375,Dây curoa,Dây curoa răng profile A,Dây curoa A30-->35,Mã: A30-->35 | Profile: A,,42000
CUR-1376,Dây curoa,Dây curoa răng profile B,Dây curoa B30-->35,Mã: B30-->35 | Profile: B,,52000
CUR-1377,Dây curoa,Dây curoa răng profile C,Dây curoa C49,Mã: C49 | Profile: C,,88000
CUR-1378,Dây curoa,Dây curoa răng profile A,Dây curoa A36-->39,Mã: A36-->39 | Profile: A,,44000
CUR-1379,Dây curoa,Dây curoa răng profile B,Dây curoa B36-->39,Mã: B36-->39 | Profile: B,,54000
CUR-1380,Dây curoa,Dây curoa răng profile C,Dây curoa C56,Mã: C56 | Profile: C,,110000
CUR-1381,Dây curoa,Dây curoa răng profile A,Dây curoa A40-->45,Mã: A40-->45 | Profile: A,,47000
CUR-1382,Dây curoa,Dây curoa răng profile B,Dây curoa B40-->45,Mã: B40-->45 | Profile: B,,63000
CUR-1383,Dây curoa,Dây curoa răng profile C,Dây curoa C63,Mã: C63 | Profile: C,,132000
CUR-1384,Dây curoa,Dây curoa răng profile A,Dây curoa A46-->49,Mã: A46-->49 | Profile: A,,50000
CUR-1385,Dây curoa,Dây curoa răng profile B,Dây curoa B46-->49,Mã: B46-->49 | Profile: B,,66000
CUR-1386,Dây curoa,Dây curoa răng profile C,Dây curoa C79 TRƠN,Mã: C79 TRƠN | Profile: C,,132000
CUR-1387,Dây curoa,Dây curoa răng profile A,Dây curoa A50-->55,Mã: A50-->55 | Profile: A,,55000
CUR-1388,Dây curoa,Dây curoa răng profile B,Dây curoa B50-->55,Mã: B50-->55 | Profile: B,,73000
CUR-1389,Dây curoa,Dây curoa răng profile C,Dây curoa C123 Trơn,Mã: C123 Trơn | Profile: C,,176000
CUR-1390,Dây curoa,Dây curoa răng profile A,Dây curoa A56-->59,Mã: A56-->59 | Profile: A,,60000
CUR-1391,Dây curoa,Dây curoa răng profile B,Dây curoa B56-->59,Mã: B56-->59 | Profile: B,,77000
CUR-1392,Dây curoa,Dây curoa răng profile C,Dây curoa C146 trơn,Mã: C146 trơn | Profile: C,,215000
CUR-1393,Dây curoa,Dây curoa răng profile A,Dây curoa A60-->65,Mã: A60-->65 | Profile: A,,66000
CUR-1394,Dây curoa,Dây curoa răng profile B,Dây curoa B60-->65,Mã: B60-->65 | Profile: B,,84000
CUR-1395,Dây curoa,Dây curoa răng profile C,Dây curoa B69 Trơn,Mã: B69 Trơn | Profile: C,,45000
CUR-1396,Dây curoa,Dây curoa răng profile A,Dây curoa A66-->69,Mã: A66-->69 | Profile: A,,76000
CUR-1397,Dây curoa,Dây curoa răng profile B,Dây curoa B66-->69,Mã: B66-->69 | Profile: B,,88000
CUR-1398,Dây curoa,Dây curoa răng profile C,Dây curoa B84 Trơn,Mã: B84 Trơn | Profile: C,,50000
CUR-1399,Dây curoa,Dây curoa răng profile A,Dây curoa A70-->75,Mã: A70-->75 | Profile: A,,86000
CUR-1400,Dây curoa,Dây curoa răng profile B,Dây curoa B70-->75,Mã: B70-->75 | Profile: B,,97000
CUR-1401,Dây curoa,Dây curoa răng profile C,Dây curoa B87 Trơn,Mã: B87 Trơn | Profile: C,,55000
CUR-1402,Dây curoa,Dây curoa răng profile A,Dây curoa A76-->79,Mã: A76-->79 | Profile: A,,100000
CUR-1403,Dây curoa,Dây curoa răng profile B,Dây curoa B76-->79,Mã: B76-->79 | Profile: B,,100000
CUR-1404,Dây curoa,Dây curoa răng profile C,Dây curoa B92 Trơn,Mã: B92 Trơn | Profile: C,,55000
CUR-1405,Dây curoa,Dây curoa răng profile A,Dây curoa A80-->85,Mã: A80-->85 | Profile: A,,105000
CUR-1406,Dây curoa,Dây curoa răng profile B,Dây curoa B80-->85,Mã: B80-->85 | Profile: B,,105000
CUR-1407,Dây curoa,Dây curoa răng profile C,Dây curoa B93 Trơn,Mã: B93 Trơn | Profile: C,,60000
CUR-1408,Dây curoa,Dây curoa răng profile A,Dây curoa A86-->90,Mã: A86-->90 | Profile: A,,110000
CUR-1409,Dây curoa,Dây curoa răng profile B,Dây curoa B86-->90,Mã: B86-->90 | Profile: B,,110000
CUR-1410,Dây curoa,Dây curoa răng profile C,Dây curoa B94 Trơn,Mã: B94 Trơn | Profile: C,,60000
CUR-1411,Dây curoa,Dây curoa răng profile B,Dây curoa B91-->95,Mã: B91-->95 | Profile: B,,120000
CUR-1412,Dây curoa,Dây curoa răng profile C,Dây curoa B96 Trơn,Mã: B96 Trơn | Profile: C,,60000
CUR-1413,Dây curoa,Dây curoa răng profile B,Dây curoa B96-->100,Mã: B96-->100 | Profile: B,,127000
CUR-1414,Dây curoa,Dây curoa răng profile C,Dây curoa B100 Toyo,Mã: B100 Toyo | Profile: C,,165000
CUR-1415,Dây curoa,Dây curoa răng profile B,Dây curoa B104,Mã: B104 | Profile: B,,132000
CUR-1416,Dây curoa,Dây curoa răng profile C,Dây curoa B112 Trơn Bando,Mã: B112 Trơn Bando | Profile: C,,303000
CUR-1417,Dây curoa,Dây curoa răng profile B,Dây curoa B 120,Mã: B 120 | Profile: B,,210000
CUR-1418,Dây curoa,Dây curoa răng profile C,Dây curoa B87 Trơn,Mã: B87 Trơn | Profile: C,,55000
CUR-1419,Dây curoa,Dây curoa răng profile B,Dây curoa B 133,Mã: B 133 | Profile: B,,370000
CUR-1420,Dây curoa,Dây curoa răng profile C,Dây curoa B130 Trơn,Mã: B130 Trơn | Profile: C,,160000
CUR-1421,Dây curoa,Dây curoa răng profile C,Dây curoa A135 Trơn,Mã: A135 Trơn | Profile: C,,165000
NMC-1422,Nhông đĩa xích,Nhông có cùi (Sprocket TB),Nhông cùi RS25 Z8,Cỡ xích: RS25 | Số răng: 8,,32000
NMC-1423,Nhông đĩa xích,Nhông có cùi (Sprocket TB),Nhông cùi RS35 Z8,Cỡ xích: RS35 | Số răng: 8,,28000
NMC-1424,Nhông đĩa xích,Nhông có cùi (Sprocket TB),Nhông cùi 06B Z8,Cỡ xích: 06B | Số răng: 8,,38000
NMC-1425,Nhông đĩa xích,Nhông có cùi (Sprocket TB),Nhông cùi 08B Z8,Cỡ xích: 08B | Số răng: 8,,50000
NMC-1426,Nhông đĩa xích,Nhông có cùi (Sprocket TB),Nhông cùi RS40 Z8,Cỡ xích: RS40 | Số răng: 8,,34000
NMC-1427,Nhông đĩa xích,Nhông có cùi (Sprocket TB),Nhông cùi RS50 Z8,Cỡ xích: RS50 | Số răng: 8,,40000
NMC-1428,Nhông đĩa xích,Nhông có cùi (Sprocket TB),Nhông cùi RS60 Z8,Cỡ xích: RS60 | Số răng: 8,,46000
NMC-1429,Nhông đĩa xích,Nhông có cùi (Sprocket TB),Nhông cùi RS80 Z8,Cỡ xích: RS80 | Số răng: 8,,89000
NMC-1430,Nhông đĩa xích,Nhông có cùi (Sprocket TB),Nhông cùi RS100 Z8,Cỡ xích: RS100 | Số răng: 8,,130000
NMC-1431,Nhông đĩa xích,Nhông có cùi (Sprocket TB),Nhông cùi RS120 Z8,Cỡ xích: RS120 | Số răng: 8,,228000
NMC-1432,Nhông đĩa xích,Nhông có cùi (Sprocket TB),Nhông cùi RS140 Z8,Cỡ xích: RS140 | Số răng: 8,,334000
NMC-1433,Nhông đĩa xích,Nhông có cùi (Sprocket TB),Nhông cùi RS160 Z8,Cỡ xích: RS160 | Số răng: 8,,548000
NMC-1434,Nhông đĩa xích,Nhông có cùi (Sprocket TB),Nhông cùi RS25 Z9,Cỡ xích: RS25 | Số răng: 9,,32000
NMC-1435,Nhông đĩa xích,Nhông có cùi (Sprocket TB),Nhông cùi RS35 Z9,Cỡ xích: RS35 | Số răng: 9,,28000
NMC-1436,Nhông đĩa xích,Nhông có cùi (Sprocket TB),Nhông cùi 06B Z9,Cỡ xích: 06B | Số răng: 9,,40000
NMC-1437,Nhông đĩa xích,Nhông có cùi (Sprocket TB),Nhông cùi 08B Z9,Cỡ xích: 08B | Số răng: 9,,52000
NMC-1438,Nhông đĩa xích,Nhông có cùi (Sprocket TB),Nhông cùi RS40 Z9,Cỡ xích: RS40 | Số răng: 9,,34000
NMC-1439,Nhông đĩa xích,Nhông có cùi (Sprocket TB),Nhông cùi RS50 Z9,Cỡ xích: RS50 | Số răng: 9,,40000
NMC-1440,Nhông đĩa xích,Nhông có cùi (Sprocket TB),Nhông cùi RS60 Z9,Cỡ xích: RS60 | Số răng: 9,,50000
NMC-1441,Nhông đĩa xích,Nhông có cùi (Sprocket TB),Nhông cùi RS80 Z9,Cỡ xích: RS80 | Số răng: 9,,97000
NMC-1442,Nhông đĩa xích,Nhông có cùi (Sprocket TB),Nhông cùi RS100 Z9,Cỡ xích: RS100 | Số răng: 9,,151000
NMC-1443,Nhông đĩa xích,Nhông có cùi (Sprocket TB),Nhông cùi RS120 Z9,Cỡ xích: RS120 | Số răng: 9,,288000
NMC-1444,Nhông đĩa xích,Nhông có cùi (Sprocket TB),Nhông cùi RS140 Z9,Cỡ xích: RS140 | Số răng: 9,,380000
NMC-1445,Nhông đĩa xích,Nhông có cùi (Sprocket TB),Nhông cùi RS160 Z9,Cỡ xích: RS160 | Số răng: 9,,577000
NMC-1446,Nhông đĩa xích,Nhông có cùi (Sprocket TB),Nhông cùi RS25 Z10,Cỡ xích: RS25 | Số răng: 10,,34000
NMC-1447,Nhông đĩa xích,Nhông có cùi (Sprocket TB),Nhông cùi RS35 Z10,Cỡ xích: RS35 | Số răng: 10,,29000
NMC-1448,Nhông đĩa xích,Nhông có cùi (Sprocket TB),Nhông cùi 06B Z10,Cỡ xích: 06B | Số răng: 10,,42000
NMC-1449,Nhông đĩa xích,Nhông có cùi (Sprocket TB),Nhông cùi 08B Z10,Cỡ xích: 08B | Số răng: 10,,54000
NMC-1450,Nhông đĩa xích,Nhông có cùi (Sprocket TB),Nhông cùi RS40 Z10,Cỡ xích: RS40 | Số răng: 10,,38000
NMC-1451,Nhông đĩa xích,Nhông có cùi (Sprocket TB),Nhông cùi 40-2 Z10,Cỡ xích: 40-2 | Số răng: 10,,95000
NMC-1452,Nhông đĩa xích,Nhông có cùi (Sprocket TB),Nhông cùi RS50 Z10,Cỡ xích: RS50 | Số răng: 10,,42000
NMC-1453,Nhông đĩa xích,Nhông có cùi (Sprocket TB),Nhông cùi 50-2 Z10,Cỡ xích: 50-2 | Số răng: 10,,114000
NMC-1454,Nhông đĩa xích,Nhông có cùi (Sprocket TB),Nhông cùi RS60 Z10,Cỡ xích: RS60 | Số răng: 10,,57000
NMC-1455,Nhông đĩa xích,Nhông có cùi (Sprocket TB),Nhông cùi 60-2 Z10,Cỡ xích: 60-2 | Số răng: 10,,142000
NMC-1456,Nhông đĩa xích,Nhông có cùi (Sprocket TB),Nhông cùi RS80 Z10,Cỡ xích: RS80 | Số răng: 10,,108000
NMC-1457,Nhông đĩa xích,Nhông có cùi (Sprocket TB),Nhông cùi 80-2 Z10,Cỡ xích: 80-2 | Số răng: 10,,266000
NMC-1458,Nhông đĩa xích,Nhông có cùi (Sprocket TB),Nhông cùi RS100 Z10,Cỡ xích: RS100 | Số răng: 10,,179000
NMC-1459,Nhông đĩa xích,Nhông có cùi (Sprocket TB),Nhông cùi 100-2 Z10,Cỡ xích: 100-2 | Số răng: 10,,428000
NMC-1460,Nhông đĩa xích,Nhông có cùi (Sprocket TB),Nhông cùi RS120 Z10,Cỡ xích: RS120 | Số răng: 10,,334000
NMC-1461,Nhông đĩa xích,Nhông có cùi (Sprocket TB),Nhông cùi RS140 Z10,Cỡ xích: RS140 | Số răng: 10,,426000
NMC-1462,Nhông đĩa xích,Nhông có cùi (Sprocket TB),Nhông cùi RS160 Z10,Cỡ xích: RS160 | Số răng: 10,,638000
NMC-1463,Nhông đĩa xích,Nhông có cùi (Sprocket TB),Nhông cùi RS25 Z11,Cỡ xích: RS25 | Số răng: 11,,38000
NMC-1464,Nhông đĩa xích,Nhông có cùi (Sprocket TB),Nhông cùi RS35 Z11,Cỡ xích: RS35 | Số răng: 11,,31000
NMC-1465,Nhông đĩa xích,Nhông có cùi (Sprocket TB),Nhông cùi 06B Z11,Cỡ xích: 06B | Số răng: 11,,45000
NMC-1466,Nhông đĩa xích,Nhông có cùi (Sprocket TB),Nhông cùi 08B Z11,Cỡ xích: 08B | Số răng: 11,,56000
NMC-1467,Nhông đĩa xích,Nhông có cùi (Sprocket TB),Nhông cùi RS40 Z11,Cỡ xích: RS40 | Số răng: 11,,38000
NMC-1468,Nhông đĩa xích,Nhông có cùi (Sprocket TB),Nhông cùi 40-2 Z11,Cỡ xích: 40-2 | Số răng: 11,,103000
NMC-1469,Nhông đĩa xích,Nhông có cùi (Sprocket TB),Nhông cùi RS50 Z11,Cỡ xích: RS50 | Số răng: 11,,46000
NMC-1470,Nhông đĩa xích,Nhông có cùi (Sprocket TB),Nhông cùi 50-2 Z11,Cỡ xích: 50-2 | Số răng: 11,,122000
NMC-1471,Nhông đĩa xích,Nhông có cùi (Sprocket TB),Nhông cùi RS60 Z11,Cỡ xích: RS60 | Số răng: 11,,65000
NMC-1472,Nhông đĩa xích,Nhông có cùi (Sprocket TB),Nhông cùi 60-2 Z11,Cỡ xích: 60-2 | Số răng: 11,,160000
NMC-1473,Nhông đĩa xích,Nhông có cùi (Sprocket TB),Nhông cùi RS80 Z11,Cỡ xích: RS80 | Số răng: 11,,114000
NMC-1474,Nhông đĩa xích,Nhông có cùi (Sprocket TB),Nhông cùi 80-2 Z11,Cỡ xích: 80-2 | Số răng: 11,,288000
NMC-1475,Nhông đĩa xích,Nhông có cùi (Sprocket TB),Nhông cùi RS100 Z11,Cỡ xích: RS100 | Số răng: 11,,201000
NMC-1476,Nhông đĩa xích,Nhông có cùi (Sprocket TB),Nhông cùi 100-2 Z11,Cỡ xích: 100-2 | Số răng: 11,,482000
NMC-1477,Nhông đĩa xích,Nhông có cùi (Sprocket TB),Nhông cùi RS120 Z11,Cỡ xích: RS120 | Số răng: 11,,380000
NMC-1478,Nhông đĩa xích,Nhông có cùi (Sprocket TB),Nhông cùi RS140 Z11,Cỡ xích: RS140 | Số răng: 11,,548000
NMC-1479,Nhông đĩa xích,Nhông có cùi (Sprocket TB),Nhông cùi RS160 Z11,Cỡ xích: RS160 | Số răng: 11,,759000
NMC-1480,Nhông đĩa xích,Nhông có cùi (Sprocket TB),Nhông cùi RS25 Z12,Cỡ xích: RS25 | Số răng: 12,,40000
NMC-1481,Nhông đĩa xích,Nhông có cùi (Sprocket TB),Nhông cùi RS35 Z12,Cỡ xích: RS35 | Số răng: 12,,32000
NMC-1482,Nhông đĩa xích,Nhông có cùi (Sprocket TB),Nhông cùi 06B Z12,Cỡ xích: 06B | Số răng: 12,,50000
NMC-1483,Nhông đĩa xích,Nhông có cùi (Sprocket TB),Nhông cùi 08B Z12,Cỡ xích: 08B | Số răng: 12,,62000
NMC-1484,Nhông đĩa xích,Nhông có cùi (Sprocket TB),Nhông cùi RS40 Z12,Cỡ xích: RS40 | Số răng: 12,,44000
NMC-1485,Nhông đĩa xích,Nhông có cùi (Sprocket TB),Nhông cùi 40-2 Z12,Cỡ xích: 40-2 | Số răng: 12,,110000
NMC-1486,Nhông đĩa xích,Nhông có cùi (Sprocket TB),Nhông cùi RS50 Z12,Cỡ xích: RS50 | Số răng: 12,,50000
NMC-1487,Nhông đĩa xích,Nhông có cùi (Sprocket TB),Nhông cùi 50-2 Z12,Cỡ xích: 50-2 | Số răng: 12,,132000
NMC-1488,Nhông đĩa xích,Nhông có cùi (Sprocket TB),Nhông cùi RS60 Z12,Cỡ xích: RS60 | Số răng: 12,,73000
NMC-1489,Nhông đĩa xích,Nhông có cùi (Sprocket TB),Nhông cùi 60-2 Z12,Cỡ xích: 60-2 | Số răng: 12,,172000
NMC-1490,Nhông đĩa xích,Nhông có cùi (Sprocket TB),Nhông cùi RS80 Z12,Cỡ xích: RS80 | Số răng: 12,,131000
NMC-1491,Nhông đĩa xích,Nhông có cùi (Sprocket TB),Nhông cùi 80-2 Z12,Cỡ xích: 80-2 | Số răng: 12,,320000
NMC-1492,Nhông đĩa xích,Nhông có cùi (Sprocket TB),Nhông cùi RS100 Z12,Cỡ xích: RS100 | Số răng: 12,,237000
NMC-1493,Nhông đĩa xích,Nhông có cùi (Sprocket TB),Nhông cùi 100-2 Z12,Cỡ xích: 100-2 | Số răng: 12,,565000
NMC-1494,Nhông đĩa xích,Nhông có cùi (Sprocket TB),Nhông cùi RS120 Z12,Cỡ xích: RS120 | Số răng: 12,,443000
NMC-1495,Nhông đĩa xích,Nhông có cùi (Sprocket TB),Nhông cùi RS140 Z12,Cỡ xích: RS140 | Số răng: 12,,653000
NMC-1496,Nhông đĩa xích,Nhông có cùi (Sprocket TB),Nhông cùi RS160 Z12,Cỡ xích: RS160 | Số răng: 12,,911000
NMC-1497,Nhông đĩa xích,Nhông có cùi (Sprocket TB),Nhông cùi RS25 Z13,Cỡ xích: RS25 | Số răng: 13,,42000
NMC-1498,Nhông đĩa xích,Nhông có cùi (Sprocket TB),Nhông cùi RS35 Z13,Cỡ xích: RS35 | Số răng: 13,,34000
NMC-1499,Nhông đĩa xích,Nhông có cùi (Sprocket TB),Nhông cùi 06B Z13,Cỡ xích: 06B | Số răng: 13,,54000
NMC-1500,Nhông đĩa xích,Nhông có cùi (Sprocket TB),Nhông cùi 08B Z13,Cỡ xích: 08B | Số răng: 13,,67000
NMC-1501,Nhông đĩa xích,Nhông có cùi (Sprocket TB),Nhông cùi RS40 Z13,Cỡ xích: RS40 | Số răng: 13,,47000
NMC-1502,Nhông đĩa xích,Nhông có cùi (Sprocket TB),Nhông cùi 40-2 Z13,Cỡ xích: 40-2 | Số răng: 13,,119000
NMC-1503,Nhông đĩa xích,Nhông có cùi (Sprocket TB),Nhông cùi RS50 Z13,Cỡ xích: RS50 | Số răng: 13,,53000
NMC-1504,Nhông đĩa xích,Nhông có cùi (Sprocket TB),Nhông cùi 50-2 Z13,Cỡ xích: 50-2 | Số răng: 13,,139000
NMC-1505,Nhông đĩa xích,Nhông có cùi (Sprocket TB),Nhông cùi RS60 Z13,Cỡ xích: RS60 | Số răng: 13,,81000
NMC-1506,Nhông đĩa xích,Nhông có cùi (Sprocket TB),Nhông cùi 60-2 Z13,Cỡ xích: 60-2 | Số răng: 13,,180000
NMC-1507,Nhông đĩa xích,Nhông có cùi (Sprocket TB),Nhông cùi RS80 Z13,Cỡ xích: RS80 | Số răng: 13,,145000
NMC-1508,Nhông đĩa xích,Nhông có cùi (Sprocket TB),Nhông cùi 80-2 Z13,Cỡ xích: 80-2 | Số răng: 13,,356000
NMC-1509,Nhông đĩa xích,Nhông có cùi (Sprocket TB),Nhông cùi RS100 Z13,Cỡ xích: RS100 | Số răng: 13,,265000
NMC-1510,Nhông đĩa xích,Nhông có cùi (Sprocket TB),Nhông cùi 100-2 Z13,Cỡ xích: 100-2 | Số răng: 13,,641000
NMC-1511,Nhông đĩa xích,Nhông có cùi (Sprocket TB),Nhông cùi RS120 Z13,Cỡ xích: RS120 | Số răng: 13,,516000
NMC-1512,Nhông đĩa xích,Nhông có cùi (Sprocket TB),Nhông cùi RS140 Z13,Cỡ xích: RS140 | Số răng: 13,,759000
NMC-1513,Nhông đĩa xích,Nhông có cùi (Sprocket TB),Nhông cùi RS160 Z13,Cỡ xích: RS160 | Số răng: 13,,1062000
NMC-1514,Nhông đĩa xích,Nhông có cùi (Sprocket TB),Nhông cùi RS25 Z14,Cỡ xích: RS25 | Số răng: 14,,45000
NMC-1515,Nhông đĩa xích,Nhông có cùi (Sprocket TB),Nhông cùi RS35 Z14,Cỡ xích: RS35 | Số răng: 14,,37000
NMC-1516,Nhông đĩa xích,Nhông có cùi (Sprocket TB),Nhông cùi 06B Z14,Cỡ xích: 06B | Số răng: 14,,58000
NMC-1517,Nhông đĩa xích,Nhông có cùi (Sprocket TB),Nhông cùi 08B Z14,Cỡ xích: 08B | Số răng: 14,,74000
NMC-1518,Nhông đĩa xích,Nhông có cùi (Sprocket TB),Nhông cùi RS40 Z14,Cỡ xích: RS40 | Số răng: 14,,50000
NMC-1519,Nhông đĩa xích,Nhông có cùi (Sprocket TB),Nhông cùi 40-2 Z14,Cỡ xích: 40-2 | Số răng: 14,,122000
NMC-1520,Nhông đĩa xích,Nhông có cùi (Sprocket TB),Nhông cùi RS50 Z14,Cỡ xích: RS50 | Số răng: 14,,56000
NMC-1521,Nhông đĩa xích,Nhông có cùi (Sprocket TB),Nhông cùi 50-2 Z14,Cỡ xích: 50-2 | Số răng: 14,,149000
NMC-1522,Nhông đĩa xích,Nhông có cùi (Sprocket TB),Nhông cùi RS60 Z14,Cỡ xích: RS60 | Số răng: 14,,95000
NMC-1523,Nhông đĩa xích,Nhông có cùi (Sprocket TB),Nhông cùi 60-2 Z14,Cỡ xích: 60-2 | Số răng: 14,,236000
NMC-1524,Nhông đĩa xích,Nhông có cùi (Sprocket TB),Nhông cùi RS80 Z14,Cỡ xích: RS80 | Số răng: 14,,167000
NMC-1525,Nhông đĩa xích,Nhông có cùi (Sprocket TB),Nhông cùi 80-2 Z14,Cỡ xích: 80-2 | Số răng: 14,,418000
NMC-1526,Nhông đĩa xích,Nhông có cùi (Sprocket TB),Nhông cùi RS100 Z14,Cỡ xích: RS100 | Số răng: 14,,293000
NMC-1527,Nhông đĩa xích,Nhông có cùi (Sprocket TB),Nhông cùi 100-2 Z14,Cỡ xích: 100-2 | Số răng: 14,,710000
NMC-1528,Nhông đĩa xích,Nhông có cùi (Sprocket TB),Nhông cùi RS120 Z14,Cỡ xích: RS120 | Số răng: 14,,593000
NMC-1529,Nhông đĩa xích,Nhông có cùi (Sprocket TB),Nhông cùi RS140 Z14,Cỡ xích: RS140 | Số răng: 14,,865000
NMC-1530,Nhông đĩa xích,Nhông có cùi (Sprocket TB),Nhông cùi RS160 Z14,Cỡ xích: RS160 | Số răng: 14,,1213000
NMC-1531,Nhông đĩa xích,Nhông có cùi (Sprocket TB),Nhông cùi RS25 Z15,Cỡ xích: RS25 | Số răng: 15,,47000
NMC-1532,Nhông đĩa xích,Nhông có cùi (Sprocket TB),Nhông cùi RS35 Z15,Cỡ xích: RS35 | Số răng: 15,,38000
NMC-1533,Nhông đĩa xích,Nhông có cùi (Sprocket TB),Nhông cùi 06B Z15,Cỡ xích: 06B | Số răng: 15,,65000
NMC-1534,Nhông đĩa xích,Nhông có cùi (Sprocket TB),Nhông cùi 08B Z15,Cỡ xích: 08B | Số răng: 15,,78000
NMC-1535,Nhông đĩa xích,Nhông có cùi (Sprocket TB),Nhông cùi RS40 Z15,Cỡ xích: RS40 | Số răng: 15,,53000
NMC-1536,Nhông đĩa xích,Nhông có cùi (Sprocket TB),Nhông cùi 40-2 Z15,Cỡ xích: 40-2 | Số răng: 15,,132000
NMC-1537,Nhông đĩa xích,Nhông có cùi (Sprocket TB),Nhông cùi RS50 Z15,Cỡ xích: RS50 | Số răng: 15,,58000
NMC-1538,Nhông đĩa xích,Nhông có cùi (Sprocket TB),Nhông cùi 50-2 Z15,Cỡ xích: 50-2 | Số răng: 15,,157000
NMC-1539,Nhông đĩa xích,Nhông có cùi (Sprocket TB),Nhông cùi RS60 Z15,Cỡ xích: RS60 | Số răng: 15,,102000
NMC-1540,Nhông đĩa xích,Nhông có cùi (Sprocket TB),Nhông cùi 60-2 Z15,Cỡ xích: 60-2 | Số răng: 15,,257000
NMC-1541,Nhông đĩa xích,Nhông có cùi (Sprocket TB),Nhông cùi RS80 Z15,Cỡ xích: RS80 | Số răng: 15,,191000
NMC-1542,Nhông đĩa xích,Nhông có cùi (Sprocket TB),Nhông cùi 80-2 Z15,Cỡ xích: 80-2 | Số răng: 15,,471000
NMC-1543,Nhông đĩa xích,Nhông có cùi (Sprocket TB),Nhông cùi RS100 Z15,Cỡ xích: RS100 | Số răng: 15,,335000
NMC-1544,Nhông đĩa xích,Nhông có cùi (Sprocket TB),Nhông cùi 100-2 Z15,Cỡ xích: 100-2 | Số răng: 15,,813000
NMC-1545,Nhông đĩa xích,Nhông có cùi (Sprocket TB),Nhông cùi RS120 Z15,Cỡ xích: RS120 | Số răng: 15,,668000
NMC-1546,Nhông đĩa xích,Nhông có cùi (Sprocket TB),Nhông cùi RS140 Z15,Cỡ xích: RS140 | Số răng: 15,,971000
NMC-1547,Nhông đĩa xích,Nhông có cùi (Sprocket TB),Nhông cùi RS160 Z15,Cỡ xích: RS160 | Số răng: 15,,1365000
NMC-1548,Nhông đĩa xích,Nhông có cùi (Sprocket TB),Nhông cùi RS25 Z16,Cỡ xích: RS25 | Số răng: 16,,50000
NMC-1549,Nhông đĩa xích,Nhông có cùi (Sprocket TB),Nhông cùi RS35 Z16,Cỡ xích: RS35 | Số răng: 16,,40000
NMC-1550,Nhông đĩa xích,Nhông có cùi (Sprocket TB),Nhông cùi 06B Z16,Cỡ xích: 06B | Số răng: 16,,69000
NMC-1551,Nhông đĩa xích,Nhông có cùi (Sprocket TB),Nhông cùi 08B Z16,Cỡ xích: 08B | Số răng: 16,,83000
NMC-1552,Nhông đĩa xích,Nhông có cùi (Sprocket TB),Nhông cùi RS40 Z16,Cỡ xích: RS40 | Số răng: 16,,56000
NMC-1553,Nhông đĩa xích,Nhông có cùi (Sprocket TB),Nhông cùi 40-2 Z16,Cỡ xích: 40-2 | Số răng: 16,,139000
NMC-1554,Nhông đĩa xích,Nhông có cùi (Sprocket TB),Nhông cùi RS50 Z16,Cỡ xích: RS50 | Số răng: 16,,66000
NMC-1555,Nhông đĩa xích,Nhông có cùi (Sprocket TB),Nhông cùi 50-2 Z16,Cỡ xích: 50-2 | Số răng: 16,,174000
NMC-1556,Nhông đĩa xích,Nhông có cùi (Sprocket TB),Nhông cùi RS60 Z16,Cỡ xích: RS60 | Số răng: 16,,111000
NMC-1557,Nhông đĩa xích,Nhông có cùi (Sprocket TB),Nhông cùi 60-2 Z16,Cỡ xích: 60-2 | Số răng: 16,,273000
NMC-1558,Nhông đĩa xích,Nhông có cùi (Sprocket TB),Nhông cùi RS80 Z16,Cỡ xích: RS80 | Số răng: 16,,214000
NMC-1559,Nhông đĩa xích,Nhông có cùi (Sprocket TB),Nhông cùi 80-2 Z16,Cỡ xích: 80-2 | Số răng: 16,,531000
NMC-1560,Nhông đĩa xích,Nhông có cùi (Sprocket TB),Nhông cùi RS100 Z16,Cỡ xích: RS100 | Số răng: 16,,372000
NMC-1561,Nhông đĩa xích,Nhông có cùi (Sprocket TB),Nhông cùi 100-2 Z16,Cỡ xích: 100-2 | Số răng: 16,,908000
NMC-1562,Nhông đĩa xích,Nhông có cùi (Sprocket TB),Nhông cùi RS120 Z16,Cỡ xích: RS120 | Số răng: 16,,744000
NMC-1563,Nhông đĩa xích,Nhông có cùi (Sprocket TB),Nhông cùi RS140 Z16,Cỡ xích: RS140 | Số răng: 16,,1092000
NMC-1564,Nhông đĩa xích,Nhông có cùi (Sprocket TB),Nhông cùi RS160 Z16,Cỡ xích: RS160 | Số răng: 16,,1539000
NMC-1565,Nhông đĩa xích,Nhông có cùi (Sprocket TB),Nhông cùi RS25 Z17,Cỡ xích: RS25 | Số răng: 17,,52000
NMC-1566,Nhông đĩa xích,Nhông có cùi (Sprocket TB),Nhông cùi RS35 Z17,Cỡ xích: RS35 | Số răng: 17,,42000
NMC-1567,Nhông đĩa xích,Nhông có cùi (Sprocket TB),Nhông cùi 06B Z17,Cỡ xích: 06B | Số răng: 17,,74000
NMC-1568,Nhông đĩa xích,Nhông có cùi (Sprocket TB),Nhông cùi 08B Z17,Cỡ xích: 08B | Số răng: 17,,89000
NMC-1569,Nhông đĩa xích,Nhông có cùi (Sprocket TB),Nhông cùi RS40 Z17,Cỡ xích: RS40 | Số răng: 17,,60000
NMC-1570,Nhông đĩa xích,Nhông có cùi (Sprocket TB),Nhông cùi 40-2 Z17,Cỡ xích: 40-2 | Số răng: 17,,149000
NMC-1571,Nhông đĩa xích,Nhông có cùi (Sprocket TB),Nhông cùi RS50 Z17,Cỡ xích: RS50 | Số răng: 17,,73000
NMC-1572,Nhông đĩa xích,Nhông có cùi (Sprocket TB),Nhông cùi 50-2 Z17,Cỡ xích: 50-2 | Số răng: 17,,192000
NMC-1573,Nhông đĩa xích,Nhông có cùi (Sprocket TB),Nhông cùi RS60 Z17,Cỡ xích: RS60 | Số răng: 17,,119000
NMC-1574,Nhông đĩa xích,Nhông có cùi (Sprocket TB),Nhông cùi 60-2 Z17,Cỡ xích: 60-2 | Số răng: 17,,297000
NMC-1575,Nhông đĩa xích,Nhông có cùi (Sprocket TB),Nhông cùi RS80 Z17,Cỡ xích: RS80 | Số răng: 17,,228000
NMC-1576,Nhông đĩa xích,Nhông có cùi (Sprocket TB),Nhông cùi 80-2 Z17,Cỡ xích: 80-2 | Số răng: 17,,570000
NMC-1577,Nhông đĩa xích,Nhông có cùi (Sprocket TB),Nhông cùi RS100 Z17,Cỡ xích: RS100 | Số răng: 17,,405000
NMC-1578,Nhông đĩa xích,Nhông có cùi (Sprocket TB),Nhông cùi 100-2 Z17,Cỡ xích: 100-2 | Số răng: 17,,985000
NMC-1579,Nhông đĩa xích,Nhông có cùi (Sprocket TB),Nhông cùi RS120 Z17,Cỡ xích: RS120 | Số răng: 17,,819000
NMC-1580,Nhông đĩa xích,Nhông có cùi (Sprocket TB),Nhông cùi RS140 Z17,Cỡ xích: RS140 | Số răng: 17,,1213000
NMC-1581,Nhông đĩa xích,Nhông có cùi (Sprocket TB),Nhông cùi RS160 Z17,Cỡ xích: RS160 | Số răng: 17,,1698000
NMC-1582,Nhông đĩa xích,Nhông có cùi (Sprocket TB),Nhông cùi RS25 Z18,Cỡ xích: RS25 | Số răng: 18,,54000
NMC-1583,Nhông đĩa xích,Nhông có cùi (Sprocket TB),Nhông cùi RS35 Z18,Cỡ xích: RS35 | Số răng: 18,,44000
NMC-1584,Nhông đĩa xích,Nhông có cùi (Sprocket TB),Nhông cùi 06B Z18,Cỡ xích: 06B | Số răng: 18,,78000
NMC-1585,Nhông đĩa xích,Nhông có cùi (Sprocket TB),Nhông cùi 08B Z18,Cỡ xích: 08B | Số răng: 18,,93000
NMC-1586,Nhông đĩa xích,Nhông có cùi (Sprocket TB),Nhông cùi RS40 Z18,Cỡ xích: RS40 | Số răng: 18,,63000
NMC-1587,Nhông đĩa xích,Nhông có cùi (Sprocket TB),Nhông cùi 40-2 Z18,Cỡ xích: 40-2 | Số răng: 18,,157000
NMC-1588,Nhông đĩa xích,Nhông có cùi (Sprocket TB),Nhông cùi RS50 Z18,Cỡ xích: RS50 | Số răng: 18,,78000
NMC-1589,Nhông đĩa xích,Nhông có cùi (Sprocket TB),Nhông cùi 50-2 Z18,Cỡ xích: 50-2 | Số răng: 18,,208000
NMC-1590,Nhông đĩa xích,Nhông có cùi (Sprocket TB),Nhông cùi RS60 Z18,Cỡ xích: RS60 | Số răng: 18,,132000
NMC-1591,Nhông đĩa xích,Nhông có cùi (Sprocket TB),Nhông cùi 60-2 Z18,Cỡ xích: 60-2 | Số răng: 18,,327000
NMC-1592,Nhông đĩa xích,Nhông có cùi (Sprocket TB),Nhông cùi RS80 Z18,Cỡ xích: RS80 | Số răng: 18,,251000
NMC-1593,Nhông đĩa xích,Nhông có cùi (Sprocket TB),Nhông cùi 80-2 Z18,Cỡ xích: 80-2 | Số răng: 18,,622000
NMC-1594,Nhông đĩa xích,Nhông có cùi (Sprocket TB),Nhông cùi RS100 Z18,Cỡ xích: RS100 | Số răng: 18,,443000
NMC-1595,Nhông đĩa xích,Nhông có cùi (Sprocket TB),Nhông cùi 100-2 Z18,Cỡ xích: 100-2 | Số răng: 18,,1068000
NMC-1596,Nhông đĩa xích,Nhông có cùi (Sprocket TB),Nhông cùi RS120 Z18,Cỡ xích: RS120 | Số răng: 18,,895000
NMC-1597,Nhông đĩa xích,Nhông có cùi (Sprocket TB),Nhông cùi RS140 Z18,Cỡ xích: RS140 | Số răng: 18,,1335000
NMC-1598,Nhông đĩa xích,Nhông có cùi (Sprocket TB),Nhông cùi RS160 Z18,Cỡ xích: RS160 | Số răng: 18,,1897000
NMC-1599,Nhông đĩa xích,Nhông có cùi (Sprocket TB),Nhông cùi RS25 Z19,Cỡ xích: RS25 | Số răng: 19,,56000
NMC-1600,Nhông đĩa xích,Nhông có cùi (Sprocket TB),Nhông cùi RS35 Z19,Cỡ xích: RS35 | Số răng: 19,,46000
NMC-1601,Nhông đĩa xích,Nhông có cùi (Sprocket TB),Nhông cùi 06B Z19,Cỡ xích: 06B | Số răng: 19,,83000
NMC-1602,Nhông đĩa xích,Nhông có cùi (Sprocket TB),Nhông cùi 08B Z19,Cỡ xích: 08B | Số răng: 19,,98000
NMC-1603,Nhông đĩa xích,Nhông có cùi (Sprocket TB),Nhông cùi RS40 Z19,Cỡ xích: RS40 | Số răng: 19,,67000
NMC-1604,Nhông đĩa xích,Nhông có cùi (Sprocket TB),Nhông cùi 40-2 Z19,Cỡ xích: 40-2 | Số răng: 19,,166000
NMC-1605,Nhông đĩa xích,Nhông có cùi (Sprocket TB),Nhông cùi RS50 Z19,Cỡ xích: RS50 | Số răng: 19,,88000
NMC-1606,Nhông đĩa xích,Nhông có cùi (Sprocket TB),Nhông cùi 50-2 Z19,Cỡ xích: 50-2 | Số răng: 19,,226000
NMC-1607,Nhông đĩa xích,Nhông có cùi (Sprocket TB),Nhông cùi RS60 Z19,Cỡ xích: RS60 | Số răng: 19,,138000
NMC-1608,Nhông đĩa xích,Nhông có cùi (Sprocket TB),Nhông cùi 60-2 Z19,Cỡ xích: 60-2 | Số răng: 19,,347000
NMC-1609,Nhông đĩa xích,Nhông có cùi (Sprocket TB),Nhông cùi RS80 Z19,Cỡ xích: RS80 | Số răng: 19,,266000
NMC-1610,Nhông đĩa xích,Nhông có cùi (Sprocket TB),Nhông cùi 80-2 Z19,Cỡ xích: 80-2 | Số răng: 19,,661000
NMC-1611,Nhông đĩa xích,Nhông có cùi (Sprocket TB),Nhông cùi RS100 Z19,Cỡ xích: RS100 | Số răng: 19,,486000
NMC-1612,Nhông đĩa xích,Nhông có cùi (Sprocket TB),Nhông cùi 100-2 Z19,Cỡ xích: 100-2 | Số răng: 19,,1172000
NMC-1613,Nhông đĩa xích,Nhông có cùi (Sprocket TB),Nhông cùi RS120 Z19,Cỡ xích: RS120 | Số răng: 19,,956000
NMC-1614,Nhông đĩa xích,Nhông có cùi (Sprocket TB),Nhông cùi RS140 Z19,Cỡ xích: RS140 | Số răng: 19,,1456000
NMC-1615,Nhông đĩa xích,Nhông có cùi (Sprocket TB),Nhông cùi RS160 Z19,Cỡ xích: RS160 | Số răng: 19,,2093000
NMC-1616,Nhông đĩa xích,Nhông có cùi (Sprocket TB),Nhông cùi RS25 Z20,Cỡ xích: RS25 | Số răng: 20,,58000
NMC-1617,Nhông đĩa xích,Nhông có cùi (Sprocket TB),Nhông cùi RS35 Z20,Cỡ xích: RS35 | Số răng: 20,,50000
NMC-1618,Nhông đĩa xích,Nhông có cùi (Sprocket TB),Nhông cùi 06B Z20,Cỡ xích: 06B | Số răng: 20,,89000
NMC-1619,Nhông đĩa xích,Nhông có cùi (Sprocket TB),Nhông cùi 08B Z20,Cỡ xích: 08B | Số răng: 20,,104000
NMC-1620,Nhông đĩa xích,Nhông có cùi (Sprocket TB),Nhông cùi RS40 Z20,Cỡ xích: RS40 | Số răng: 20,,70000
NMC-1621,Nhông đĩa xích,Nhông có cùi (Sprocket TB),Nhông cùi 40-2 Z20,Cỡ xích: 40-2 | Số răng: 20,,174000
NMC-1622,Nhông đĩa xích,Nhông có cùi (Sprocket TB),Nhông cùi RS50 Z20,Cỡ xích: RS50 | Số răng: 20,,93000
NMC-1623,Nhông đĩa xích,Nhông có cùi (Sprocket TB),Nhông cùi 50-2 Z20,Cỡ xích: 50-2 | Số răng: 20,,243000
NMC-1624,Nhông đĩa xích,Nhông có cùi (Sprocket TB),Nhông cùi RS60 Z20,Cỡ xích: RS60 | Số răng: 20,,145000
NMC-1625,Nhông đĩa xích,Nhông có cùi (Sprocket TB),Nhông cùi 60-2 Z20,Cỡ xích: 60-2 | Số răng: 20,,365000
NMC-1626,Nhông đĩa xích,Nhông có cùi (Sprocket TB),Nhông cùi RS80 Z20,Cỡ xích: RS80 | Số răng: 20,,272000
NMC-1627,Nhông đĩa xích,Nhông có cùi (Sprocket TB),Nhông cùi 80-2 Z20,Cỡ xích: 80-2 | Số răng: 20,,721000
NMC-1628,Nhông đĩa xích,Nhông có cùi (Sprocket TB),Nhông cùi RS100 Z20,Cỡ xích: RS100 | Số răng: 20,,529000
NMC-1629,Nhông đĩa xích,Nhông có cùi (Sprocket TB),Nhông cùi 100-2 Z20,Cỡ xích: 100-2 | Số răng: 20,,1276000
NMC-1630,Nhông đĩa xích,Nhông có cùi (Sprocket TB),Nhông cùi RS120 Z20,Cỡ xích: RS120 | Số răng: 20,,1033000
NMC-1631,Nhông đĩa xích,Nhông có cùi (Sprocket TB),Nhông cùi RS140 Z20,Cỡ xích: RS140 | Số răng: 20,,1638000
NMC-1632,Nhông đĩa xích,Nhông có cùi (Sprocket TB),Nhông cùi RS160 Z20,Cỡ xích: RS160 | Số răng: 20,,2275000
NMC-1633,Nhông đĩa xích,Nhông có cùi (Sprocket TB),Nhông cùi RS25 Z21,Cỡ xích: RS25 | Số răng: 21,,65000
NMC-1634,Nhông đĩa xích,Nhông có cùi (Sprocket TB),Nhông cùi RS35 Z21,Cỡ xích: RS35 | Số răng: 21,,53000
NMC-1635,Nhông đĩa xích,Nhông có cùi (Sprocket TB),Nhông cùi 06B Z21,Cỡ xích: 06B | Số răng: 21,,93000
NMC-1636,Nhông đĩa xích,Nhông có cùi (Sprocket TB),Nhông cùi 08B Z21,Cỡ xích: 08B | Số răng: 21,,113000
NMC-1637,Nhông đĩa xích,Nhông có cùi (Sprocket TB),Nhông cùi RS40 Z21,Cỡ xích: RS40 | Số răng: 21,,74000
NMC-1638,Nhông đĩa xích,Nhông có cùi (Sprocket TB),Nhông cùi 40-2 Z21,Cỡ xích: 40-2 | Số răng: 21,,183000
NMC-1639,Nhông đĩa xích,Nhông có cùi (Sprocket TB),Nhông cùi RS50 Z21,Cỡ xích: RS50 | Số răng: 21,,98000
NMC-1640,Nhông đĩa xích,Nhông có cùi (Sprocket TB),Nhông cùi 50-2 Z21,Cỡ xích: 50-2 | Số răng: 21,,261000
NMC-1641,Nhông đĩa xích,Nhông có cùi (Sprocket TB),Nhông cùi RS60 Z21,Cỡ xích: RS60 | Số răng: 21,,153000
NMC-1642,Nhông đĩa xích,Nhông có cùi (Sprocket TB),Nhông cùi 60-2 Z21,Cỡ xích: 60-2 | Số răng: 21,,380000
NMC-1643,Nhông đĩa xích,Nhông có cùi (Sprocket TB),Nhông cùi RS80 Z21,Cỡ xích: RS80 | Số răng: 21,,300000
NMC-1644,Nhông đĩa xích,Nhông có cùi (Sprocket TB),Nhông cùi 80-2 Z21,Cỡ xích: 80-2 | Số răng: 21,,796000
NMC-1645,Nhông đĩa xích,Nhông có cùi (Sprocket TB),Nhông cùi RS100 Z21,Cỡ xích: RS100 | Số răng: 21,,585000
NMC-1646,Nhông đĩa xích,Nhông có cùi (Sprocket TB),Nhông cùi 100-2 Z21,Cỡ xích: 100-2 | Số răng: 21,,1413000
NMC-1647,Nhông đĩa xích,Nhông có cùi (Sprocket TB),Nhông cùi RS120 Z21,Cỡ xích: RS120 | Số răng: 21,,1107000
NMC-1648,Nhông đĩa xích,Nhông có cùi (Sprocket TB),Nhông cùi RS140 Z21,Cỡ xích: RS140 | Số răng: 21,,1760000
NMC-1649,Nhông đĩa xích,Nhông có cùi (Sprocket TB),Nhông cùi RS160 Z21,Cỡ xích: RS160 | Số răng: 21,,2456000
NMC-1650,Nhông đĩa xích,Nhông có cùi (Sprocket TB),Nhông cùi RS25 Z22,Cỡ xích: RS25 | Số răng: 22,,69000
NMC-1651,Nhông đĩa xích,Nhông có cùi (Sprocket TB),Nhông cùi RS35 Z22,Cỡ xích: RS35 | Số răng: 22,,56000
NMC-1652,Nhông đĩa xích,Nhông có cùi (Sprocket TB),Nhông cùi 06B Z22,Cỡ xích: 06B | Số răng: 22,,98000
NMC-1653,Nhông đĩa xích,Nhông có cùi (Sprocket TB),Nhông cùi 08B Z22,Cỡ xích: 08B | Số răng: 22,,120000
NMC-1654,Nhông đĩa xích,Nhông có cùi (Sprocket TB),Nhông cùi RS40 Z22,Cỡ xích: RS40 | Số răng: 22,,80000
NMC-1655,Nhông đĩa xích,Nhông có cùi (Sprocket TB),Nhông cùi 40-2 Z22,Cỡ xích: 40-2 | Số răng: 22,,201000
NMC-1656,Nhông đĩa xích,Nhông có cùi (Sprocket TB),Nhông cùi RS50 Z22,Cỡ xích: RS50 | Số răng: 22,,104000
NMC-1657,Nhông đĩa xích,Nhông có cùi (Sprocket TB),Nhông cùi 50-2 Z22,Cỡ xích: 50-2 | Số răng: 22,,278000
NMC-1658,Nhông đĩa xích,Nhông có cùi (Sprocket TB),Nhông cùi RS60 Z22,Cỡ xích: RS60 | Số răng: 22,,161000
NMC-1659,Nhông đĩa xích,Nhông có cùi (Sprocket TB),Nhông cùi 60-2 Z22,Cỡ xích: 60-2 | Số răng: 22,,403000
NMC-1660,Nhông đĩa xích,Nhông có cùi (Sprocket TB),Nhông cùi RS80 Z22,Cỡ xích: RS80 | Số răng: 22,,322000
NMC-1661,Nhông đĩa xích,Nhông có cùi (Sprocket TB),Nhông cùi 80-2 Z22,Cỡ xích: 80-2 | Số răng: 22,,850000
NMC-1662,Nhông đĩa xích,Nhông có cùi (Sprocket TB),Nhông cùi RS100 Z22,Cỡ xích: RS100 | Số răng: 22,,629000
NMC-1663,Nhông đĩa xích,Nhông có cùi (Sprocket TB),Nhông cùi 100-2 Z22,Cỡ xích: 100-2 | Số răng: 22,,1517000
NMC-1664,Nhông đĩa xích,Nhông có cùi (Sprocket TB),Nhông cùi RS120 Z22,Cỡ xích: RS120 | Số răng: 22,,1184000
NMC-1665,Nhông đĩa xích,Nhông có cùi (Sprocket TB),Nhông cùi RS140 Z22,Cỡ xích: RS140 | Số răng: 22,,1881000
NMC-1666,Nhông đĩa xích,Nhông có cùi (Sprocket TB),Nhông cùi RS160 Z22,Cỡ xích: RS160 | Số răng: 22,,2654000
NMC-1667,Nhông đĩa xích,Nhông có cùi (Sprocket TB),Nhông cùi RS25 Z23,Cỡ xích: RS25 | Số răng: 23,,74000
NMC-1668,Nhông đĩa xích,Nhông có cùi (Sprocket TB),Nhông cùi RS35 Z23,Cỡ xích: RS35 | Số răng: 23,,61000
NMC-1669,Nhông đĩa xích,Nhông có cùi (Sprocket TB),Nhông cùi 06B Z23,Cỡ xích: 06B | Số răng: 23,,102000
NMC-1670,Nhông đĩa xích,Nhông có cùi (Sprocket TB),Nhông cùi 08B Z23,Cỡ xích: 08B | Số răng: 23,,126000
NMC-1671,Nhông đĩa xích,Nhông có cùi (Sprocket TB),Nhông cùi RS40 Z23,Cỡ xích: RS40 | Số răng: 23,,84000
NMC-1672,Nhông đĩa xích,Nhông có cùi (Sprocket TB),Nhông cùi 40-2 Z23,Cỡ xích: 40-2 | Số răng: 23,,208000
NMC-1673,Nhông đĩa xích,Nhông có cùi (Sprocket TB),Nhông cùi RS50 Z23,Cỡ xích: RS50 | Số răng: 23,,114000
NMC-1674,Nhông đĩa xích,Nhông có cùi (Sprocket TB),Nhông cùi 50-2 Z23,Cỡ xích: 50-2 | Số răng: 23,,305000
NMC-1675,Nhông đĩa xích,Nhông có cùi (Sprocket TB),Nhông cùi RS60 Z23,Cỡ xích: RS60 | Số răng: 23,,171000
NMC-1676,Nhông đĩa xích,Nhông có cùi (Sprocket TB),Nhông cùi 60-2 Z23,Cỡ xích: 60-2 | Số răng: 23,,426000
NMC-1677,Nhông đĩa xích,Nhông có cùi (Sprocket TB),Nhông cùi RS80 Z23,Cỡ xích: RS80 | Số răng: 23,,343000
NMC-1678,Nhông đĩa xích,Nhông có cùi (Sprocket TB),Nhông cùi 80-2 Z23,Cỡ xích: 80-2 | Số răng: 23,,911000
NMC-1679,Nhông đĩa xích,Nhông có cùi (Sprocket TB),Nhông cùi RS100 Z23,Cỡ xích: RS100 | Số răng: 23,,672000
NMC-1680,Nhông đĩa xích,Nhông có cùi (Sprocket TB),Nhông cùi 100-2 Z23,Cỡ xích: 100-2 | Số răng: 23,,1620000
NMC-1681,Nhông đĩa xích,Nhông có cùi (Sprocket TB),Nhông cùi RS120 Z23,Cỡ xích: RS120 | Số răng: 23,,1258000
NMC-1682,Nhông đĩa xích,Nhông có cùi (Sprocket TB),Nhông cùi RS140 Z23,Cỡ xích: RS140 | Số răng: 23,,2003000
NMC-1683,Nhông đĩa xích,Nhông có cùi (Sprocket TB),Nhông cùi RS160 Z23,Cỡ xích: RS160 | Số răng: 23,,2882000
NMC-1684,Nhông đĩa xích,Nhông có cùi (Sprocket TB),Nhông cùi RS25 Z24,Cỡ xích: RS25 | Số răng: 24,,78000
NMC-1685,Nhông đĩa xích,Nhông có cùi (Sprocket TB),Nhông cùi RS35 Z24,Cỡ xích: RS35 | Số răng: 24,,65000
NMC-1686,Nhông đĩa xích,Nhông có cùi (Sprocket TB),Nhông cùi 06B Z24,Cỡ xích: 06B | Số răng: 24,,108000
NMC-1687,Nhông đĩa xích,Nhông có cùi (Sprocket TB),Nhông cùi 08B Z24,Cỡ xích: 08B | Số răng: 24,,135000
NMC-1688,Nhông đĩa xích,Nhông có cùi (Sprocket TB),Nhông cùi RS40 Z24,Cỡ xích: RS40 | Số răng: 24,,90000
NMC-1689,Nhông đĩa xích,Nhông có cùi (Sprocket TB),Nhông cùi 40-2 Z24,Cỡ xích: 40-2 | Số răng: 24,,226000
NMC-1690,Nhông đĩa xích,Nhông có cùi (Sprocket TB),Nhông cùi RS50 Z24,Cỡ xích: RS50 | Số răng: 24,,121000
NMC-1691,Nhông đĩa xích,Nhông có cùi (Sprocket TB),Nhông cùi 50-2 Z24,Cỡ xích: 50-2 | Số răng: 24,,322000
NMC-1692,Nhông đĩa xích,Nhông có cùi (Sprocket TB),Nhông cùi RS60 Z24,Cỡ xích: RS60 | Số răng: 24,,180000
NMC-1693,Nhông đĩa xích,Nhông có cùi (Sprocket TB),Nhông cùi 60-2 Z24,Cỡ xích: 60-2 | Số răng: 24,,448000
NMC-1694,Nhông đĩa xích,Nhông có cùi (Sprocket TB),Nhông cùi RS80 Z24,Cỡ xích: RS80 | Số răng: 24,,351000
NMC-1695,Nhông đĩa xích,Nhông có cùi (Sprocket TB),Nhông cùi 80-2 Z24,Cỡ xích: 80-2 | Số răng: 24,,986000
NMC-1696,Nhông đĩa xích,Nhông có cùi (Sprocket TB),Nhông cùi RS100 Z24,Cỡ xích: RS100 | Số răng: 24,,714000
NMC-1697,Nhông đĩa xích,Nhông có cùi (Sprocket TB),Nhông cùi 100-2 Z24,Cỡ xích: 100-2 | Số răng: 24,,1724000
NMC-1698,Nhông đĩa xích,Nhông có cùi (Sprocket TB),Nhông cùi RS120 Z24,Cỡ xích: RS120 | Số răng: 24,,1350000
NMC-1699,Nhông đĩa xích,Nhông có cùi (Sprocket TB),Nhông cùi RS140 Z24,Cỡ xích: RS140 | Số răng: 24,,2124000
NMC-1700,Nhông đĩa xích,Nhông có cùi (Sprocket TB),Nhông cùi RS160 Z24,Cỡ xích: RS160 | Số răng: 24,,3110000
NMC-1701,Nhông đĩa xích,Nhông có cùi (Sprocket TB),Nhông cùi RS25 Z25,Cỡ xích: RS25 | Số răng: 25,,83000
NMC-1702,Nhông đĩa xích,Nhông có cùi (Sprocket TB),Nhông cùi RS35 Z25,Cỡ xích: RS35 | Số răng: 25,,68000
NMC-1703,Nhông đĩa xích,Nhông có cùi (Sprocket TB),Nhông cùi 06B Z25,Cỡ xích: 06B | Số răng: 25,,115000
NMC-1704,Nhông đĩa xích,Nhông có cùi (Sprocket TB),Nhông cùi 08B Z25,Cỡ xích: 08B | Số răng: 25,,142000
NMC-1705,Nhông đĩa xích,Nhông có cùi (Sprocket TB),Nhông cùi RS40 Z25,Cỡ xích: RS40 | Số răng: 25,,95000
NMC-1706,Nhông đĩa xích,Nhông có cùi (Sprocket TB),Nhông cùi 40-2 Z25,Cỡ xích: 40-2 | Số răng: 25,,236000
NMC-1707,Nhông đĩa xích,Nhông có cùi (Sprocket TB),Nhông cùi RS50 Z25,Cỡ xích: RS50 | Số răng: 25,,126000
NMC-1708,Nhông đĩa xích,Nhông có cùi (Sprocket TB),Nhông cùi 50-2 Z25,Cỡ xích: 50-2 | Số răng: 25,,340000
NMC-1709,Nhông đĩa xích,Nhông có cùi (Sprocket TB),Nhông cùi RS60 Z25,Cỡ xích: RS60 | Số răng: 25,,191000
NMC-1710,Nhông đĩa xích,Nhông có cùi (Sprocket TB),Nhông cùi 60-2 Z25,Cỡ xích: 60-2 | Số răng: 25,,474000
NMC-1711,Nhông đĩa xích,Nhông có cùi (Sprocket TB),Nhông cùi RS80 Z25,Cỡ xích: RS80 | Số răng: 25,,372000
NMC-1712,Nhông đĩa xích,Nhông có cùi (Sprocket TB),Nhông cùi 80-2 Z25,Cỡ xích: 80-2 | Số răng: 25,,1043000
NMC-1713,Nhông đĩa xích,Nhông có cùi (Sprocket TB),Nhông cùi RS100 Z25,Cỡ xích: RS100 | Số răng: 25,,758000
NMC-1714,Nhông đĩa xích,Nhông có cùi (Sprocket TB),Nhông cùi 100-2 Z25,Cỡ xích: 100-2 | Số răng: 25,,1826000
NMC-1715,Nhông đĩa xích,Nhông có cùi (Sprocket TB),Nhông cùi RS120 Z25,Cỡ xích: RS120 | Số răng: 25,,1441000
NMC-1716,Nhông đĩa xích,Nhông có cùi (Sprocket TB),Nhông cùi RS140 Z25,Cỡ xích: RS140 | Số răng: 25,,2245000
NMC-1717,Nhông đĩa xích,Nhông có cùi (Sprocket TB),Nhông cùi RS160 Z25,Cỡ xích: RS160 | Số răng: 25,,3336000
NMC-1718,Nhông đĩa xích,Nhông có cùi (Sprocket TB),Nhông cùi RS25 Z26,Cỡ xích: RS25 | Số răng: 26,,89000
NMC-1719,Nhông đĩa xích,Nhông có cùi (Sprocket TB),Nhông cùi RS35 Z26,Cỡ xích: RS35 | Số răng: 26,,72000
NMC-1720,Nhông đĩa xích,Nhông có cùi (Sprocket TB),Nhông cùi 06B Z26,Cỡ xích: 06B | Số răng: 26,,122000
NMC-1721,Nhông đĩa xích,Nhông có cùi (Sprocket TB),Nhông cùi 08B Z26,Cỡ xích: 08B | Số răng: 26,,149000
NMC-1722,Nhông đĩa xích,Nhông có cùi (Sprocket TB),Nhông cùi RS40 Z26,Cỡ xích: RS40 | Số răng: 26,,100000
NMC-1723,Nhông đĩa xích,Nhông có cùi (Sprocket TB),Nhông cùi 40-2 Z26,Cỡ xích: 40-2 | Số răng: 26,,252000
NMC-1724,Nhông đĩa xích,Nhông có cùi (Sprocket TB),Nhông cùi RS50 Z26,Cỡ xích: RS50 | Số răng: 26,,134000
NMC-1725,Nhông đĩa xích,Nhông có cùi (Sprocket TB),Nhông cùi 50-2 Z26,Cỡ xích: 50-2 | Số răng: 26,,356000
NMC-1726,Nhông đĩa xích,Nhông có cùi (Sprocket TB),Nhông cùi RS60 Z26,Cỡ xích: RS60 | Số răng: 26,,201000
NMC-1727,Nhông đĩa xích,Nhông có cùi (Sprocket TB),Nhông cùi 60-2 Z26,Cỡ xích: 60-2 | Số răng: 26,,496000
NMC-1728,Nhông đĩa xích,Nhông có cùi (Sprocket TB),Nhông cùi RS80 Z26,Cỡ xích: RS80 | Số răng: 26,,412000
NMC-1729,Nhông đĩa xích,Nhông có cùi (Sprocket TB),Nhông cùi 80-2 Z26,Cỡ xích: 80-2 | Số răng: 26,,1155000
NMC-1730,Nhông đĩa xích,Nhông có cùi (Sprocket TB),Nhông cùi RS100 Z26,Cỡ xích: RS100 | Số răng: 26,,814000
NMC-1731,Nhông đĩa xích,Nhông có cùi (Sprocket TB),Nhông cùi 100-2 Z26,Cỡ xích: 100-2 | Số răng: 26,,1964000
NMC-1732,Nhông đĩa xích,Nhông có cùi (Sprocket TB),Nhông cùi RS120 Z26,Cỡ xích: RS120 | Số răng: 26,,1547000
NMC-1733,Nhông đĩa xích,Nhông có cùi (Sprocket TB),Nhông cùi RS140 Z26,Cỡ xích: RS140 | Số răng: 26,,2366000
NMC-1734,Nhông đĩa xích,Nhông có cùi (Sprocket TB),Nhông cùi RS160 Z26,Cỡ xích: RS160 | Số răng: 26,,3715000
NMC-1735,Nhông đĩa xích,Nhông có cùi (Sprocket TB),Nhông cùi RS25 Z27,Cỡ xích: RS25 | Số răng: 27,,93000
NMC-1736,Nhông đĩa xích,Nhông có cùi (Sprocket TB),Nhông cùi RS35 Z27,Cỡ xích: RS35 | Số răng: 27,,81000
NMC-1737,Nhông đĩa xích,Nhông có cùi (Sprocket TB),Nhông cùi 06B Z27,Cỡ xích: 06B | Số răng: 27,,130000
NMC-1738,Nhông đĩa xích,Nhông có cùi (Sprocket TB),Nhông cùi 08B Z27,Cỡ xích: 08B | Số răng: 27,,156000
NMC-1739,Nhông đĩa xích,Nhông có cùi (Sprocket TB),Nhông cùi RS40 Z27,Cỡ xích: RS40 | Số răng: 27,,103000
NMC-1740,Nhông đĩa xích,Nhông có cùi (Sprocket TB),Nhông cùi 40-2 Z27,Cỡ xích: 40-2 | Số răng: 27,,258000
NMC-1741,Nhông đĩa xích,Nhông có cùi (Sprocket TB),Nhông cùi RS50 Z27,Cỡ xích: RS50 | Số răng: 27,,139000
NMC-1742,Nhông đĩa xích,Nhông có cùi (Sprocket TB),Nhông cùi 50-2 Z27,Cỡ xích: 50-2 | Số răng: 27,,374000
NMC-1743,Nhông đĩa xích,Nhông có cùi (Sprocket TB),Nhông cùi RS60 Z27,Cỡ xích: RS60 | Số răng: 27,,208000
NMC-1744,Nhông đĩa xích,Nhông có cùi (Sprocket TB),Nhông cùi 60-2 Z27,Cỡ xích: 60-2 | Số răng: 27,,519000
NMC-1745,Nhông đĩa xích,Nhông có cùi (Sprocket TB),Nhông cùi RS80 Z27,Cỡ xích: RS80 | Số răng: 27,,453000
NMC-1746,Nhông đĩa xích,Nhông có cùi (Sprocket TB),Nhông cùi 80-2 Z27,Cỡ xích: 80-2 | Số răng: 27,,1270000
NMC-1747,Nhông đĩa xích,Nhông có cùi (Sprocket TB),Nhông cùi RS100 Z27,Cỡ xích: RS100 | Số răng: 27,,857000
NMC-1748,Nhông đĩa xích,Nhông có cùi (Sprocket TB),Nhông cùi 100-2 Z27,Cỡ xích: 100-2 | Số răng: 27,,2068000
NMC-1749,Nhông đĩa xích,Nhông có cùi (Sprocket TB),Nhông cùi RS120 Z27,Cỡ xích: RS120 | Số răng: 27,,1743000
NMC-1750,Nhông đĩa xích,Nhông có cùi (Sprocket TB),Nhông cùi RS140 Z27,Cỡ xích: RS140 | Số răng: 27,,2488000
NMC-1751,Nhông đĩa xích,Nhông có cùi (Sprocket TB),Nhông cùi RS160 Z27,Cỡ xích: RS160 | Số răng: 27,,4034000
NMC-1752,Nhông đĩa xích,Nhông có cùi (Sprocket TB),Nhông cùi RS25 Z28,Cỡ xích: RS25 | Số răng: 28,,98000
NMC-1753,Nhông đĩa xích,Nhông có cùi (Sprocket TB),Nhông cùi RS35 Z28,Cỡ xích: RS35 | Số răng: 28,,87000
NMC-1754,Nhông đĩa xích,Nhông có cùi (Sprocket TB),Nhông cùi 06B Z28,Cỡ xích: 06B | Số răng: 28,,135000
NMC-1755,Nhông đĩa xích,Nhông có cùi (Sprocket TB),Nhông cùi 08B Z28,Cỡ xích: 08B | Số răng: 28,,164000
NMC-1756,Nhông đĩa xích,Nhông có cùi (Sprocket TB),Nhông cùi RS40 Z28,Cỡ xích: RS40 | Số răng: 28,,108000
NMC-1757,Nhông đĩa xích,Nhông có cùi (Sprocket TB),Nhông cùi 40-2 Z28,Cỡ xích: 40-2 | Số răng: 28,,270000
NMC-1758,Nhông đĩa xích,Nhông có cùi (Sprocket TB),Nhông cùi RS50 Z28,Cỡ xích: RS50 | Số răng: 28,,146000
NMC-1759,Nhông đĩa xích,Nhông có cùi (Sprocket TB),Nhông cùi 50-2 Z28,Cỡ xích: 50-2 | Số răng: 28,,391000
NMC-1760,Nhông đĩa xích,Nhông có cùi (Sprocket TB),Nhông cùi RS60 Z28,Cỡ xích: RS60 | Số răng: 28,,220000
NMC-1761,Nhông đĩa xích,Nhông có cùi (Sprocket TB),Nhông cùi 60-2 Z28,Cỡ xích: 60-2 | Số răng: 28,,550000
NMC-1762,Nhông đĩa xích,Nhông có cùi (Sprocket TB),Nhông cùi RS80 Z28,Cỡ xích: RS80 | Số răng: 28,,493000
NMC-1763,Nhông đĩa xích,Nhông có cùi (Sprocket TB),Nhông cùi 80-2 Z28,Cỡ xích: 80-2 | Số răng: 28,,1383000
NMC-1764,Nhông đĩa xích,Nhông có cùi (Sprocket TB),Nhông cùi RS100 Z28,Cỡ xích: RS100 | Số răng: 28,,899000
NMC-1765,Nhông đĩa xích,Nhông có cùi (Sprocket TB),Nhông cùi 100-2 Z28,Cỡ xích: 100-2 | Số răng: 28,,2171000
NMC-1766,Nhông đĩa xích,Nhông có cùi (Sprocket TB),Nhông cùi RS120 Z28,Cỡ xích: RS120 | Số răng: 28,,1790000
NMC-1767,Nhông đĩa xích,Nhông có cùi (Sprocket TB),Nhông cùi RS140 Z28,Cỡ xích: RS140 | Số răng: 28,,2760000
NMC-1768,Nhông đĩa xích,Nhông có cùi (Sprocket TB),Nhông cùi RS160 Z28,Cỡ xích: RS160 | Số răng: 28,,4246000
NMC-1769,Nhông đĩa xích,Nhông có cùi (Sprocket TB),Nhông cùi RS25 Z29,Cỡ xích: RS25 | Số răng: 29,,102000
NMC-1770,Nhông đĩa xích,Nhông có cùi (Sprocket TB),Nhông cùi RS35 Z29,Cỡ xích: RS35 | Số răng: 29,,90000
NMC-1771,Nhông đĩa xích,Nhông có cùi (Sprocket TB),Nhông cùi 06B Z29,Cỡ xích: 06B | Số răng: 29,,142000
NMC-1772,Nhông đĩa xích,Nhông có cùi (Sprocket TB),Nhông cùi 08B Z29,Cỡ xích: 08B | Số răng: 29,,171000
NMC-1773,Nhông đĩa xích,Nhông có cùi (Sprocket TB),Nhông cùi RS40 Z29,Cỡ xích: RS40 | Số răng: 29,,111000
NMC-1774,Nhông đĩa xích,Nhông có cùi (Sprocket TB),Nhông cùi 40-2 Z29,Cỡ xích: 40-2 | Số răng: 29,,278000
NMC-1775,Nhông đĩa xích,Nhông có cùi (Sprocket TB),Nhông cùi RS50 Z29,Cỡ xích: RS50 | Số răng: 29,,155000
NMC-1776,Nhông đĩa xích,Nhông có cùi (Sprocket TB),Nhông cùi 50-2 Z29,Cỡ xích: 50-2 | Số răng: 29,,416000
NMC-1777,Nhông đĩa xích,Nhông có cùi (Sprocket TB),Nhông cùi RS60 Z29,Cỡ xích: RS60 | Số răng: 29,,231000
NMC-1778,Nhông đĩa xích,Nhông có cùi (Sprocket TB),Nhông cùi 60-2 Z29,Cỡ xích: 60-2 | Số răng: 29,,577000
NMC-1779,Nhông đĩa xích,Nhông có cùi (Sprocket TB),Nhông cùi RS80 Z29,Cỡ xích: RS80 | Số răng: 29,,534000
NMC-1780,Nhông đĩa xích,Nhông có cùi (Sprocket TB),Nhông cùi 80-2 Z29,Cỡ xích: 80-2 | Số răng: 29,,1495000
NMC-1781,Nhông đĩa xích,Nhông có cùi (Sprocket TB),Nhông cùi RS100 Z29,Cỡ xích: RS100 | Số răng: 29,,942000
NMC-1782,Nhông đĩa xích,Nhông có cùi (Sprocket TB),Nhông cùi 100-2 Z29,Cỡ xích: 100-2 | Số răng: 29,,2275000
NMC-1783,Nhông đĩa xích,Nhông có cùi (Sprocket TB),Nhông cùi RS120 Z29,Cỡ xích: RS120 | Số răng: 29,,1865000
NMC-1784,Nhông đĩa xích,Nhông có cùi (Sprocket TB),Nhông cùi RS140 Z29,Cỡ xích: RS140 | Số răng: 29,,2882000
NMC-1785,Nhông đĩa xích,Nhông có cùi (Sprocket TB),Nhông cùi RS160 Z29,Cỡ xích: RS160 | Số răng: 29,,4549000
NMC-1786,Nhông đĩa xích,Nhông có cùi (Sprocket TB),Nhông cùi RS25 Z30,Cỡ xích: RS25 | Số răng: 30,,108000
NMC-1787,Nhông đĩa xích,Nhông có cùi (Sprocket TB),Nhông cùi RS35 Z30,Cỡ xích: RS35 | Số răng: 30,,95000
NMC-1788,Nhông đĩa xích,Nhông có cùi (Sprocket TB),Nhông cùi 06B Z30,Cỡ xích: 06B | Số răng: 30,,146000
NMC-1789,Nhông đĩa xích,Nhông có cùi (Sprocket TB),Nhông cùi 08B Z30,Cỡ xích: 08B | Số răng: 30,,178000
NMC-1790,Nhông đĩa xích,Nhông có cùi (Sprocket TB),Nhông cùi RS40 Z30,Cỡ xích: RS40 | Số răng: 30,,115000
NMC-1791,Nhông đĩa xích,Nhông có cùi (Sprocket TB),Nhông cùi 40-2 Z30,Cỡ xích: 40-2 | Số răng: 30,,287000
NMC-1792,Nhông đĩa xích,Nhông có cùi (Sprocket TB),Nhông cùi RS50 Z30,Cỡ xích: RS50 | Số răng: 30,,162000
NMC-1793,Nhông đĩa xích,Nhông có cùi (Sprocket TB),Nhông cùi 50-2 Z30,Cỡ xích: 50-2 | Số răng: 30,,434000
NMC-1794,Nhông đĩa xích,Nhông có cùi (Sprocket TB),Nhông cùi RS60 Z30,Cỡ xích: RS60 | Số răng: 30,,243000
NMC-1795,Nhông đĩa xích,Nhông có cùi (Sprocket TB),Nhông cùi 60-2 Z30,Cỡ xích: 60-2 | Số răng: 30,,607000
NMC-1796,Nhông đĩa xích,Nhông có cùi (Sprocket TB),Nhông cùi RS80 Z30,Cỡ xích: RS80 | Số răng: 30,,566000
NMC-1797,Nhông đĩa xích,Nhông có cùi (Sprocket TB),Nhông cùi 80-2 Z30,Cỡ xích: 80-2 | Số răng: 30,,1592000
NMC-1798,Nhông đĩa xích,Nhông có cùi (Sprocket TB),Nhông cùi RS100 Z30,Cỡ xích: RS100 | Số răng: 30,,986000
NMC-1799,Nhông đĩa xích,Nhông có cùi (Sprocket TB),Nhông cùi 100-2 Z30,Cỡ xích: 100-2 | Số răng: 30,,2378000
NMC-1800,Nhông đĩa xích,Nhông có cùi (Sprocket TB),Nhông cùi RS120 Z30,Cỡ xích: RS120 | Số răng: 30,,1971000
NMC-1801,Nhông đĩa xích,Nhông có cùi (Sprocket TB),Nhông cùi RS140 Z30,Cỡ xích: RS140 | Số răng: 30,,3184000
NMC-1802,Nhông đĩa xích,Nhông có cùi (Sprocket TB),Nhông cùi RS160 Z30,Cỡ xích: RS160 | Số răng: 30,,5004000
NMC-1803,Nhông đĩa xích,Nhông có cùi (Sprocket TB),Nhông cùi RS25 Z31,Cỡ xích: RS25 | Số răng: 31,,113000
NMC-1804,Nhông đĩa xích,Nhông có cùi (Sprocket TB),Nhông cùi RS35 Z31,Cỡ xích: RS35 | Số răng: 31,,98000
NMC-1805,Nhông đĩa xích,Nhông có cùi (Sprocket TB),Nhông cùi 06B Z31,Cỡ xích: 06B | Số răng: 31,,151000
NMC-1806,Nhông đĩa xích,Nhông có cùi (Sprocket TB),Nhông cùi 08B Z31,Cỡ xích: 08B | Số răng: 31,,185000
NMC-1807,Nhông đĩa xích,Nhông có cùi (Sprocket TB),Nhông cùi RS40 Z31,Cỡ xích: RS40 | Số răng: 31,,121000
NMC-1808,Nhông đĩa xích,Nhông có cùi (Sprocket TB),Nhông cùi 40-2 Z31,Cỡ xích: 40-2 | Số răng: 31,,296000
NMC-1809,Nhông đĩa xích,Nhông có cùi (Sprocket TB),Nhông cùi RS50 Z31,Cỡ xích: RS50 | Số răng: 31,,171000
NMC-1810,Nhông đĩa xích,Nhông có cùi (Sprocket TB),Nhông cùi 50-2 Z31,Cỡ xích: 50-2 | Số răng: 31,,460000
NMC-1811,Nhông đĩa xích,Nhông có cùi (Sprocket TB),Nhông cùi RS60 Z31,Cỡ xích: RS60 | Số răng: 31,,259000
NMC-1812,Nhông đĩa xích,Nhông có cùi (Sprocket TB),Nhông cùi 60-2 Z31,Cỡ xích: 60-2 | Số răng: 31,,645000
NMC-1813,Nhông đĩa xích,Nhông có cùi (Sprocket TB),Nhông cùi RS80 Z31,Cỡ xích: RS80 | Số răng: 31,,600000
NMC-1814,Nhông đĩa xích,Nhông có cùi (Sprocket TB),Nhông cùi 80-2 Z31,Cỡ xích: 80-2 | Số răng: 31,,1684000
NMC-1815,Nhông đĩa xích,Nhông có cùi (Sprocket TB),Nhông cùi RS100 Z31,Cỡ xích: RS100 | Số răng: 31,,1043000
NMC-1816,Nhông đĩa xích,Nhông có cùi (Sprocket TB),Nhông cùi RS120 Z31,Cỡ xích: RS120 | Số răng: 31,,2093000
NMC-1817,Nhông đĩa xích,Nhông có cùi (Sprocket TB),Nhông cùi RS140 Z31,Cỡ xích: RS140 | Số răng: 31,,3336000
NMC-1818,Nhông đĩa xích,Nhông có cùi (Sprocket TB),Nhông cùi RS25 Z32,Cỡ xích: RS25 | Số răng: 32,,118000
NMC-1819,Nhông đĩa xích,Nhông có cùi (Sprocket TB),Nhông cùi RS35 Z32,Cỡ xích: RS35 | Số răng: 32,,102000
NMC-1820,Nhông đĩa xích,Nhông có cùi (Sprocket TB),Nhông cùi 06B Z32,Cỡ xích: 06B | Số răng: 32,,156000
NMC-1821,Nhông đĩa xích,Nhông có cùi (Sprocket TB),Nhông cùi 08B Z32,Cỡ xích: 08B | Số răng: 32,,193000
NMC-1822,Nhông đĩa xích,Nhông có cùi (Sprocket TB),Nhông cùi RS40 Z32,Cỡ xích: RS40 | Số răng: 32,,125000
NMC-1823,Nhông đĩa xích,Nhông có cùi (Sprocket TB),Nhông cùi 40-2 Z32,Cỡ xích: 40-2 | Số răng: 32,,305000
NMC-1824,Nhông đĩa xích,Nhông có cùi (Sprocket TB),Nhông cùi RS50 Z32,Cỡ xích: RS50 | Số răng: 32,,179000
NMC-1825,Nhông đĩa xích,Nhông có cùi (Sprocket TB),Nhông cùi 50-2 Z32,Cỡ xích: 50-2 | Số răng: 32,,478000
NMC-1826,Nhông đĩa xích,Nhông có cùi (Sprocket TB),Nhông cùi RS60 Z32,Cỡ xích: RS60 | Số răng: 32,,273000
NMC-1827,Nhông đĩa xích,Nhông có cùi (Sprocket TB),Nhông cùi 60-2 Z32,Cỡ xích: 60-2 | Số răng: 32,,684000
NMC-1828,Nhông đĩa xích,Nhông có cùi (Sprocket TB),Nhông cùi RS80 Z32,Cỡ xích: RS80 | Số răng: 32,,634000
NMC-1829,Nhông đĩa xích,Nhông có cùi (Sprocket TB),Nhông cùi 80-2 Z32,Cỡ xích: 80-2 | Số răng: 32,,1782000
NMC-1830,Nhông đĩa xích,Nhông có cùi (Sprocket TB),Nhông cùi RS100 Z32,Cỡ xích: RS100 | Số răng: 32,,1100000
NMC-1831,Nhông đĩa xích,Nhông có cùi (Sprocket TB),Nhông cùi RS120 Z32,Cỡ xích: RS120 | Số răng: 32,,2214000
NMC-1832,Nhông đĩa xích,Nhông có cùi (Sprocket TB),Nhông cùi RS140 Z32,Cỡ xích: RS140 | Số răng: 32,,3488000
NMC-1833,Nhông đĩa xích,Nhông có cùi (Sprocket TB),Nhông cùi RS25 Z33,Cỡ xích: RS25 | Số răng: 33,,122000
NMC-1834,Nhông đĩa xích,Nhông có cùi (Sprocket TB),Nhông cùi RS35 Z33,Cỡ xích: RS35 | Số răng: 33,,107000
NMC-1835,Nhông đĩa xích,Nhông có cùi (Sprocket TB),Nhông cùi 06B Z33,Cỡ xích: 06B | Số răng: 33,,161000
NMC-1836,Nhông đĩa xích,Nhông có cùi (Sprocket TB),Nhông cùi 08B Z33,Cỡ xích: 08B | Số răng: 33,,200000
NMC-1837,Nhông đĩa xích,Nhông có cùi (Sprocket TB),Nhông cùi RS40 Z33,Cỡ xích: RS40 | Số răng: 33,,132000
NMC-1838,Nhông đĩa xích,Nhông có cùi (Sprocket TB),Nhông cùi 40-2 Z33,Cỡ xích: 40-2 | Số răng: 33,,322000
NMC-1839,Nhông đĩa xích,Nhông có cùi (Sprocket TB),Nhông cùi RS50 Z33,Cỡ xích: RS50 | Số răng: 33,,187000
NMC-1840,Nhông đĩa xích,Nhông có cùi (Sprocket TB),Nhông cùi 50-2 Z33,Cỡ xích: 50-2 | Số răng: 33,,503000
NMC-1841,Nhông đĩa xích,Nhông có cùi (Sprocket TB),Nhông cùi RS60 Z33,Cỡ xích: RS60 | Số răng: 33,,297000
NMC-1842,Nhông đĩa xích,Nhông có cùi (Sprocket TB),Nhông cùi 60-2 Z33,Cỡ xích: 60-2 | Số răng: 33,,739000
NMC-1843,Nhông đĩa xích,Nhông có cùi (Sprocket TB),Nhông cùi RS80 Z33,Cỡ xích: RS80 | Số răng: 33,,668000
NMC-1844,Nhông đĩa xích,Nhông có cùi (Sprocket TB),Nhông cùi 80-2 Z33,Cỡ xích: 80-2 | Số răng: 33,,1874000
NMC-1845,Nhông đĩa xích,Nhông có cùi (Sprocket TB),Nhông cùi RS100 Z33,Cỡ xích: RS100 | Số răng: 33,,1171000
NMC-1846,Nhông đĩa xích,Nhông có cùi (Sprocket TB),Nhông cùi RS120 Z33,Cỡ xích: RS120 | Số răng: 33,,2320000
NMC-1847,Nhông đĩa xích,Nhông có cùi (Sprocket TB),Nhông cùi RS140 Z33,Cỡ xích: RS140 | Số răng: 33,,3639000
NMC-1848,Nhông đĩa xích,Nhông có cùi (Sprocket TB),Nhông cùi RS25 Z34,Cỡ xích: RS25 | Số răng: 34,,126000
NMC-1849,Nhông đĩa xích,Nhông có cùi (Sprocket TB),Nhông cùi RS35 Z34,Cỡ xích: RS35 | Số răng: 34,,111000
NMC-1850,Nhông đĩa xích,Nhông có cùi (Sprocket TB),Nhông cùi 06B Z34,Cỡ xích: 06B | Số răng: 34,,166000
NMC-1851,Nhông đĩa xích,Nhông có cùi (Sprocket TB),Nhông cùi 08B Z34,Cỡ xích: 08B | Số răng: 34,,207000
NMC-1852,Nhông đĩa xích,Nhông có cùi (Sprocket TB),Nhông cùi RS40 Z34,Cỡ xích: RS40 | Số răng: 34,,136000
NMC-1853,Nhông đĩa xích,Nhông có cùi (Sprocket TB),Nhông cùi 40-2 Z34,Cỡ xích: 40-2 | Số răng: 34,,340000
NMC-1854,Nhông đĩa xích,Nhông có cùi (Sprocket TB),Nhông cùi RS50 Z34,Cỡ xích: RS50 | Số răng: 34,,195000
NMC-1855,Nhông đĩa xích,Nhông có cùi (Sprocket TB),Nhông cùi 50-2 Z34,Cỡ xích: 50-2 | Số răng: 34,,520000
NMC-1856,Nhông đĩa xích,Nhông có cùi (Sprocket TB),Nhông cùi RS60 Z34,Cỡ xích: RS60 | Số răng: 34,,320000
NMC-1857,Nhông đĩa xích,Nhông có cùi (Sprocket TB),Nhông cùi 60-2 Z34,Cỡ xích: 60-2 | Số răng: 34,,796000
NMC-1858,Nhông đĩa xích,Nhông có cùi (Sprocket TB),Nhông cùi RS80 Z34,Cỡ xích: RS80 | Số răng: 34,,688000
NMC-1859,Nhông đĩa xích,Nhông có cùi (Sprocket TB),Nhông cùi 80-2 Z34,Cỡ xích: 80-2 | Số răng: 34,,2048000
NMC-1860,Nhông đĩa xích,Nhông có cùi (Sprocket TB),Nhông cùi RS100 Z34,Cỡ xích: RS100 | Số răng: 34,,1243000
NMC-1861,Nhông đĩa xích,Nhông có cùi (Sprocket TB),Nhông cùi RS120 Z34,Cỡ xích: RS120 | Số răng: 34,,2426000
NMC-1862,Nhông đĩa xích,Nhông có cùi (Sprocket TB),Nhông cùi RS140 Z34,Cỡ xích: RS140 | Số răng: 34,,3867000
NMC-1863,Nhông đĩa xích,Nhông có cùi (Sprocket TB),Nhông cùi RS25 Z35,Cỡ xích: RS25 | Số răng: 35,,132000
NMC-1864,Nhông đĩa xích,Nhông có cùi (Sprocket TB),Nhông cùi RS35 Z35,Cỡ xích: RS35 | Số răng: 35,,114000
NMC-1865,Nhông đĩa xích,Nhông có cùi (Sprocket TB),Nhông cùi 06B Z35,Cỡ xích: 06B | Số răng: 35,,171000
NMC-1866,Nhông đĩa xích,Nhông có cùi (Sprocket TB),Nhông cùi 08B Z35,Cỡ xích: 08B | Số răng: 35,,215000
NMC-1867,Nhông đĩa xích,Nhông có cùi (Sprocket TB),Nhông cùi RS40 Z35,Cỡ xích: RS40 | Số răng: 35,,149000
NMC-1868,Nhông đĩa xích,Nhông có cùi (Sprocket TB),Nhông cùi 40-2 Z35,Cỡ xích: 40-2 | Số răng: 35,,353000
NMC-1869,Nhông đĩa xích,Nhông có cùi (Sprocket TB),Nhông cùi RS50 Z35,Cỡ xích: RS50 | Số răng: 35,,203000
NMC-1870,Nhông đĩa xích,Nhông có cùi (Sprocket TB),Nhông cùi 50-2 Z35,Cỡ xích: 50-2 | Số răng: 35,,548000
NMC-1871,Nhông đĩa xích,Nhông có cùi (Sprocket TB),Nhông cùi RS60 Z35,Cỡ xích: RS60 | Số răng: 35,,342000
NMC-1872,Nhông đĩa xích,Nhông có cùi (Sprocket TB),Nhông cùi 60-2 Z35,Cỡ xích: 60-2 | Số răng: 35,,850000
NMC-1873,Nhông đĩa xích,Nhông có cùi (Sprocket TB),Nhông cùi RS80 Z35,Cỡ xích: RS80 | Số răng: 35,,728000
NMC-1874,Nhông đĩa xích,Nhông có cùi (Sprocket TB),Nhông cùi 80-2 Z35,Cỡ xích: 80-2 | Số răng: 35,,2093000
NMC-1875,Nhông đĩa xích,Nhông có cùi (Sprocket TB),Nhông cùi RS100 Z35,Cỡ xích: RS100 | Số răng: 35,,1328000
NMC-1876,Nhông đĩa xích,Nhông có cùi (Sprocket TB),Nhông cùi RS120 Z35,Cỡ xích: RS120 | Số răng: 35,,2578000
NMC-1877,Nhông đĩa xích,Nhông có cùi (Sprocket TB),Nhông cùi RS140 Z35,Cỡ xích: RS140 | Số răng: 35,,4094000
NMC-1878,Nhông đĩa xích,Nhông có cùi (Sprocket TB),Nhông cùi RS25 Z36,Cỡ xích: RS25 | Số răng: 36,,137000
NMC-1879,Nhông đĩa xích,Nhông có cùi (Sprocket TB),Nhông cùi RS35 Z36,Cỡ xích: RS35 | Số răng: 36,,119000
NMC-1880,Nhông đĩa xích,Nhông có cùi (Sprocket TB),Nhông cùi 06B Z36,Cỡ xích: 06B | Số răng: 36,,176000
NMC-1881,Nhông đĩa xích,Nhông có cùi (Sprocket TB),Nhông cùi 08B Z36,Cỡ xích: 08B | Số răng: 36,,226000
NMC-1882,Nhông đĩa xích,Nhông có cùi (Sprocket TB),Nhông cùi RS40 Z36,Cỡ xích: RS40 | Số răng: 36,,149000
NMC-1883,Nhông đĩa xích,Nhông có cùi (Sprocket TB),Nhông cùi 40-2 Z36,Cỡ xích: 40-2 | Số răng: 36,,370000
NMC-1884,Nhông đĩa xích,Nhông có cùi (Sprocket TB),Nhông cùi RS50 Z36,Cỡ xích: RS50 | Số răng: 36,,213000
NMC-1885,Nhông đĩa xích,Nhông có cùi (Sprocket TB),Nhông cùi 50-2 Z36,Cỡ xích: 50-2 | Số răng: 36,,564000
NMC-1886,Nhông đĩa xích,Nhông có cùi (Sprocket TB),Nhông cùi RS60 Z36,Cỡ xích: RS60 | Số răng: 36,,365000
NMC-1887,Nhông đĩa xích,Nhông có cùi (Sprocket TB),Nhông cùi 60-2 Z36,Cỡ xích: 60-2 | Số răng: 36,,911000
NMC-1888,Nhông đĩa xích,Nhông có cùi (Sprocket TB),Nhông cùi RS80 Z36,Cỡ xích: RS80 | Số răng: 36,,751000
NMC-1889,Nhông đĩa xích,Nhông có cùi (Sprocket TB),Nhông cùi 80-2 Z36,Cỡ xích: 80-2 | Số răng: 36,,2124000
NMC-1890,Nhông đĩa xích,Nhông có cùi (Sprocket TB),Nhông cùi RS100 Z36,Cỡ xích: RS100 | Số răng: 36,,1400000
NMC-1891,Nhông đĩa xích,Nhông có cùi (Sprocket TB),Nhông cùi RS120 Z36,Cỡ xích: RS120 | Số răng: 36,,2882000
NMC-1892,Nhông đĩa xích,Nhông có cùi (Sprocket TB),Nhông cùi RS140 Z36,Cỡ xích: RS140 | Số răng: 36,,4323000
NMC-1893,Nhông đĩa xích,Nhông có cùi (Sprocket TB),Nhông cùi RS25 Z37,Cỡ xích: RS25 | Số răng: 37,,142000
NMC-1894,Nhông đĩa xích,Nhông có cùi (Sprocket TB),Nhông cùi RS35 Z37,Cỡ xích: RS35 | Số răng: 37,,122000
NMC-1895,Nhông đĩa xích,Nhông có cùi (Sprocket TB),Nhông cùi 06B Z37,Cỡ xích: 06B | Số răng: 37,,180000
NMC-1896,Nhông đĩa xích,Nhông có cùi (Sprocket TB),Nhông cùi 08B Z37,Cỡ xích: 08B | Số răng: 37,,239000
NMC-1897,Nhông đĩa xích,Nhông có cùi (Sprocket TB),Nhông cùi RS40 Z37,Cỡ xích: RS40 | Số răng: 37,,157000
NMC-1898,Nhông đĩa xích,Nhông có cùi (Sprocket TB),Nhông cùi 40-2 Z37,Cỡ xích: 40-2 | Số răng: 37,,391000
NMC-1899,Nhông đĩa xích,Nhông có cùi (Sprocket TB),Nhông cùi RS50 Z37,Cỡ xích: RS50 | Số răng: 37,,226000
NMC-1900,Nhông đĩa xích,Nhông có cùi (Sprocket TB),Nhông cùi 50-2 Z37,Cỡ xích: 50-2 | Số răng: 37,,599000
NMC-1901,Nhông đĩa xích,Nhông có cùi (Sprocket TB),Nhông cùi RS60 Z37,Cỡ xích: RS60 | Số răng: 37,,388000
NMC-1902,Nhông đĩa xích,Nhông có cùi (Sprocket TB),Nhông cùi 60-2 Z37,Cỡ xích: 60-2 | Số răng: 37,,966000
NMC-1903,Nhông đĩa xích,Nhông có cùi (Sprocket TB),Nhông cùi RS80 Z37,Cỡ xích: RS80 | Số răng: 37,,783000
NMC-1904,Nhông đĩa xích,Nhông có cùi (Sprocket TB),Nhông cùi 80-2 Z37,Cỡ xích: 80-2 | Số răng: 37,,2199000
NMC-1905,Nhông đĩa xích,Nhông có cùi (Sprocket TB),Nhông cùi RS100 Z37,Cỡ xích: RS100 | Số răng: 37,,1485000
NMC-1906,Nhông đĩa xích,Nhông có cùi (Sprocket TB),Nhông cùi RS120 Z37,Cỡ xích: RS120 | Số răng: 37,,3033000
NMC-1907,Nhông đĩa xích,Nhông có cùi (Sprocket TB),Nhông cùi RS140 Z37,Cỡ xích: RS140 | Số răng: 37,,4397000
NMC-1908,Nhông đĩa xích,Nhông có cùi (Sprocket TB),Nhông cùi RS25 Z38,Cỡ xích: RS25 | Số răng: 38,,146000
NMC-1909,Nhông đĩa xích,Nhông có cùi (Sprocket TB),Nhông cùi RS35 Z38,Cỡ xích: RS35 | Số răng: 38,,126000
NMC-1910,Nhông đĩa xích,Nhông có cùi (Sprocket TB),Nhông cùi 06B Z38,Cỡ xích: 06B | Số răng: 38,,185000
NMC-1911,Nhông đĩa xích,Nhông có cùi (Sprocket TB),Nhông cùi 08B Z38,Cỡ xích: 08B | Số răng: 38,,250000
NMC-1912,Nhông đĩa xích,Nhông có cùi (Sprocket TB),Nhông cùi RS40 Z38,Cỡ xích: RS40 | Số răng: 38,,166000
NMC-1913,Nhông đĩa xích,Nhông có cùi (Sprocket TB),Nhông cùi 40-2 Z38,Cỡ xích: 40-2 | Số răng: 38,,413000
NMC-1914,Nhông đĩa xích,Nhông có cùi (Sprocket TB),Nhông cùi RS50 Z38,Cỡ xích: RS50 | Số răng: 38,,239000
NMC-1915,Nhông đĩa xích,Nhông có cùi (Sprocket TB),Nhông cùi 50-2 Z38,Cỡ xích: 50-2 | Số răng: 38,,634000
NMC-1916,Nhông đĩa xích,Nhông có cùi (Sprocket TB),Nhông cùi RS60 Z38,Cỡ xích: RS60 | Số răng: 38,,410000
NMC-1917,Nhông đĩa xích,Nhông có cùi (Sprocket TB),Nhông cùi 60-2 Z38,Cỡ xích: 60-2 | Số răng: 38,,1024000
NMC-1918,Nhông đĩa xích,Nhông có cùi (Sprocket TB),Nhông cùi RS80 Z38,Cỡ xích: RS80 | Số răng: 38,,824000
NMC-1919,Nhông đĩa xích,Nhông có cùi (Sprocket TB),Nhông cùi 80-2 Z38,Cỡ xích: 80-2 | Số răng: 38,,2314000
NMC-1920,Nhông đĩa xích,Nhông có cùi (Sprocket TB),Nhông cùi RS100 Z38,Cỡ xích: RS100 | Số răng: 38,,1570000
NMC-1921,Nhông đĩa xích,Nhông có cùi (Sprocket TB),Nhông cùi RS120 Z38,Cỡ xích: RS120 | Số răng: 38,,3184000
NMC-1922,Nhông đĩa xích,Nhông có cùi (Sprocket TB),Nhông cùi RS140 Z38,Cỡ xích: RS140 | Số răng: 38,,4625000
NMC-1923,Nhông đĩa xích,Nhông có cùi (Sprocket TB),Nhông cùi RS25 Z39,Cỡ xích: RS25 | Số răng: 39,,151000
NMC-1924,Nhông đĩa xích,Nhông có cùi (Sprocket TB),Nhông cùi RS35 Z39,Cỡ xích: RS35 | Số răng: 39,,131000
NMC-1925,Nhông đĩa xích,Nhông có cùi (Sprocket TB),Nhông cùi 06B Z39,Cỡ xích: 06B | Số răng: 39,,191000
NMC-1926,Nhông đĩa xích,Nhông có cùi (Sprocket TB),Nhông cùi 08B Z39,Cỡ xích: 08B | Số răng: 39,,263000
NMC-1927,Nhông đĩa xích,Nhông có cùi (Sprocket TB),Nhông cùi RS40 Z39,Cỡ xích: RS40 | Số răng: 39,,174000
NMC-1928,Nhông đĩa xích,Nhông có cùi (Sprocket TB),Nhông cùi 40-2 Z39,Cỡ xích: 40-2 | Số răng: 39,,434000
NMC-1929,Nhông đĩa xích,Nhông có cùi (Sprocket TB),Nhông cùi RS50 Z39,Cỡ xích: RS50 | Số răng: 39,,251000
NMC-1930,Nhông đĩa xích,Nhông có cùi (Sprocket TB),Nhông cùi 50-2 Z39,Cỡ xích: 50-2 | Số răng: 39,,672000
NMC-1931,Nhông đĩa xích,Nhông có cùi (Sprocket TB),Nhông cùi RS60 Z39,Cỡ xích: RS60 | Số răng: 39,,433000
NMC-1932,Nhông đĩa xích,Nhông có cùi (Sprocket TB),Nhông cùi 60-2 Z39,Cỡ xích: 60-2 | Số răng: 39,,1081000
NMC-1933,Nhông đĩa xích,Nhông có cùi (Sprocket TB),Nhông cùi RS80 Z39,Cỡ xích: RS80 | Số răng: 39,,864000
NMC-1934,Nhông đĩa xích,Nhông có cùi (Sprocket TB),Nhông cùi 80-2 Z39,Cỡ xích: 80-2 | Số răng: 39,,2426000
NMC-1935,Nhông đĩa xích,Nhông có cùi (Sprocket TB),Nhông cùi RS100 Z39,Cỡ xích: RS100 | Số răng: 39,,1656000
NMC-1936,Nhông đĩa xích,Nhông có cùi (Sprocket TB),Nhông cùi RS120 Z39,Cỡ xích: RS120 | Số răng: 39,,3336000
NMC-1937,Nhông đĩa xích,Nhông có cùi (Sprocket TB),Nhông cùi RS140 Z39,Cỡ xích: RS140 | Số răng: 39,,4851000
NMC-1938,Nhông đĩa xích,Nhông có cùi (Sprocket TB),Nhông cùi RS25 Z40,Cỡ xích: RS25 | Số răng: 40,,156000
NMC-1939,Nhông đĩa xích,Nhông có cùi (Sprocket TB),Nhông cùi RS35 Z40,Cỡ xích: RS35 | Số răng: 40,,135000
NMC-1940,Nhông đĩa xích,Nhông có cùi (Sprocket TB),Nhông cùi 06B Z40,Cỡ xích: 06B | Số răng: 40,,195000
NMC-1941,Nhông đĩa xích,Nhông có cùi (Sprocket TB),Nhông cùi 08B Z40,Cỡ xích: 08B | Số răng: 40,,283000
NMC-1942,Nhông đĩa xích,Nhông có cùi (Sprocket TB),Nhông cùi RS40 Z40,Cỡ xích: RS40 | Số răng: 40,,183000
NMC-1943,Nhông đĩa xích,Nhông có cùi (Sprocket TB),Nhông cùi 40-2 Z40,Cỡ xích: 40-2 | Số răng: 40,,460000
NMC-1944,Nhông đĩa xích,Nhông có cùi (Sprocket TB),Nhông cùi RS50 Z40,Cỡ xích: RS50 | Số răng: 40,,268000
NMC-1945,Nhông đĩa xích,Nhông có cùi (Sprocket TB),Nhông cùi 50-2 Z40,Cỡ xích: 50-2 | Số răng: 40,,717000
NMC-1946,Nhông đĩa xích,Nhông có cùi (Sprocket TB),Nhông cùi RS60 Z40,Cỡ xích: RS60 | Số răng: 40,,486000
NMC-1947,Nhông đĩa xích,Nhông có cùi (Sprocket TB),Nhông cùi 60-2 Z40,Cỡ xích: 60-2 | Số răng: 40,,1271000
NMC-1948,Nhông đĩa xích,Nhông có cùi (Sprocket TB),Nhông cùi RS80 Z40,Cỡ xích: RS80 | Số răng: 40,,905000
NMC-1949,Nhông đĩa xích,Nhông có cùi (Sprocket TB),Nhông cùi 80-2 Z40,Cỡ xích: 80-2 | Số răng: 40,,2539000
NMC-1950,Nhông đĩa xích,Nhông có cùi (Sprocket TB),Nhông cùi RS100 Z40,Cỡ xích: RS100 | Số răng: 40,,1741000
NMC-1951,Nhông đĩa xích,Nhông có cùi (Sprocket TB),Nhông cùi RS120 Z40,Cỡ xích: RS120 | Số răng: 40,,3488000
NMC-1952,Nhông đĩa xích,Nhông có cùi (Sprocket TB),Nhông cùi RS25 Z41,Cỡ xích: RS25 | Số răng: 41,,161000
NMC-1953,Nhông đĩa xích,Nhông có cùi (Sprocket TB),Nhông cùi RS35 Z41,Cỡ xích: RS35 | Số răng: 41,,138000
NMC-1954,Nhông đĩa xích,Nhông có cùi (Sprocket TB),Nhông cùi 06B Z41,Cỡ xích: 06B | Số răng: 41,,200000
NMC-1955,Nhông đĩa xích,Nhông có cùi (Sprocket TB),Nhông cùi 08B Z41,Cỡ xích: 08B | Số răng: 41,,292000
NMC-1956,Nhông đĩa xích,Nhông có cùi (Sprocket TB),Nhông cùi RS40 Z41,Cỡ xích: RS40 | Số răng: 41,,195000
NMC-1957,Nhông đĩa xích,Nhông có cùi (Sprocket TB),Nhông cùi 40-2 Z41,Cỡ xích: 40-2 | Số răng: 41,,486000
NMC-1958,Nhông đĩa xích,Nhông có cùi (Sprocket TB),Nhông cùi RS50 Z41,Cỡ xích: RS50 | Số răng: 41,,280000
NMC-1959,Nhông đĩa xích,Nhông có cùi (Sprocket TB),Nhông cùi 50-2 Z41,Cỡ xích: 50-2 | Số răng: 41,,746000
NMC-1960,Nhông đĩa xích,Nhông có cùi (Sprocket TB),Nhông cùi RS60 Z41,Cỡ xích: RS60 | Số răng: 41,,494000
NMC-1961,Nhông đĩa xích,Nhông có cùi (Sprocket TB),Nhông cùi 60-2 Z41,Cỡ xích: 60-2 | Số răng: 41,,1327000
NMC-1962,Nhông đĩa xích,Nhông có cùi (Sprocket TB),Nhông cùi RS80 Z41,Cỡ xích: RS80 | Số răng: 41,,944000
NMC-1963,Nhông đĩa xích,Nhông có cùi (Sprocket TB),Nhông cùi RS100 Z41,Cỡ xích: RS100 | Số răng: 41,,1827000
NMC-1964,Nhông đĩa xích,Nhông có cùi (Sprocket TB),Nhông cùi RS120 Z41,Cỡ xích: RS120 | Số răng: 41,,3639000
NMC-1965,Nhông đĩa xích,Nhông có cùi (Sprocket TB),Nhông cùi RS25 Z42,Cỡ xích: RS25 | Số răng: 42,,166000
NMC-1966,Nhông đĩa xích,Nhông có cùi (Sprocket TB),Nhông cùi RS35 Z42,Cỡ xích: RS35 | Số răng: 42,,143000
NMC-1967,Nhông đĩa xích,Nhông có cùi (Sprocket TB),Nhông cùi 06B Z42,Cỡ xích: 06B | Số răng: 42,,204000
NMC-1968,Nhông đĩa xích,Nhông có cùi (Sprocket TB),Nhông cùi 08B Z42,Cỡ xích: 08B | Số răng: 42,,305000
NMC-1969,Nhông đĩa xích,Nhông có cùi (Sprocket TB),Nhông cùi RS40 Z42,Cỡ xích: RS40 | Số răng: 42,,205000
NMC-1970,Nhông đĩa xích,Nhông có cùi (Sprocket TB),Nhông cùi 40-2 Z42,Cỡ xích: 40-2 | Số răng: 42,,513000
NMC-1971,Nhông đĩa xích,Nhông có cùi (Sprocket TB),Nhông cùi RS50 Z42,Cỡ xích: RS50 | Số răng: 42,,291000
NMC-1972,Nhông đĩa xích,Nhông có cùi (Sprocket TB),Nhông cùi 50-2 Z42,Cỡ xích: 50-2 | Số răng: 42,,781000
NMC-1973,Nhông đĩa xích,Nhông có cùi (Sprocket TB),Nhông cùi RS60 Z42,Cỡ xích: RS60 | Số răng: 42,,531000
NMC-1974,Nhông đĩa xích,Nhông có cùi (Sprocket TB),Nhông cùi 60-2 Z42,Cỡ xích: 60-2 | Số răng: 42,,1335000
NMC-1975,Nhông đĩa xích,Nhông có cùi (Sprocket TB),Nhông cùi RS80 Z42,Cỡ xích: RS80 | Số răng: 42,,985000
NMC-1976,Nhông đĩa xích,Nhông có cùi (Sprocket TB),Nhông cùi RS100 Z42,Cỡ xích: RS100 | Số răng: 42,,1927000
NMC-1977,Nhông đĩa xích,Nhông có cùi (Sprocket TB),Nhông cùi RS120 Z42,Cỡ xích: RS120 | Số răng: 42,,3791000
NMC-1978,Nhông đĩa xích,Nhông có cùi (Sprocket TB),Nhông cùi RS25 Z43,Cỡ xích: RS25 | Số răng: 43,,171000
NMC-1979,Nhông đĩa xích,Nhông có cùi (Sprocket TB),Nhông cùi RS35 Z43,Cỡ xích: RS35 | Số răng: 43,,146000
NMC-1980,Nhông đĩa xích,Nhông có cùi (Sprocket TB),Nhông cùi 06B Z43,Cỡ xích: 06B | Số răng: 43,,210000
NMC-1981,Nhông đĩa xích,Nhông có cùi (Sprocket TB),Nhông cùi 08B Z43,Cỡ xích: 08B | Số răng: 43,,317000
NMC-1982,Nhông đĩa xích,Nhông có cùi (Sprocket TB),Nhông cùi RS40 Z43,Cỡ xích: RS40 | Số răng: 43,,216000
NMC-1983,Nhông đĩa xích,Nhông có cùi (Sprocket TB),Nhông cùi 40-2 Z43,Cỡ xích: 40-2 | Số răng: 43,,538000
NMC-1984,Nhông đĩa xích,Nhông có cùi (Sprocket TB),Nhông cùi RS50 Z43,Cỡ xích: RS50 | Số răng: 43,,304000
NMC-1985,Nhông đĩa xích,Nhông có cùi (Sprocket TB),Nhông cùi 50-2 Z43,Cỡ xích: 50-2 | Số răng: 43,,815000
NMC-1986,Nhông đĩa xích,Nhông có cùi (Sprocket TB),Nhông cùi RS60 Z43,Cỡ xích: RS60 | Số răng: 43,,554000
NMC-1987,Nhông đĩa xích,Nhông có cùi (Sprocket TB),Nhông cùi 60-2 Z43,Cỡ xích: 60-2 | Số răng: 43,,1384000
NMC-1988,Nhông đĩa xích,Nhông có cùi (Sprocket TB),Nhông cùi RS80 Z43,Cỡ xích: RS80 | Số răng: 43,,1025000
NMC-1989,Nhông đĩa xích,Nhông có cùi (Sprocket TB),Nhông cùi RS100 Z43,Cỡ xích: RS100 | Số răng: 43,,2027000
NMC-1990,Nhông đĩa xích,Nhông có cùi (Sprocket TB),Nhông cùi RS120 Z43,Cỡ xích: RS120 | Số răng: 43,,3943000
NMC-1991,Nhông đĩa xích,Nhông có cùi (Sprocket TB),Nhông cùi RS25 Z44,Cỡ xích: RS25 | Số răng: 44,,176000
NMC-1992,Nhông đĩa xích,Nhông có cùi (Sprocket TB),Nhông cùi RS35 Z44,Cỡ xích: RS35 | Số răng: 44,,151000
NMC-1993,Nhông đĩa xích,Nhông có cùi (Sprocket TB),Nhông cùi 06B Z44,Cỡ xích: 06B | Số răng: 44,,215000
NMC-1994,Nhông đĩa xích,Nhông có cùi (Sprocket TB),Nhông cùi 08B Z44,Cỡ xích: 08B | Số răng: 44,,329000
NMC-1995,Nhông đĩa xích,Nhông có cùi (Sprocket TB),Nhông cùi RS40 Z44,Cỡ xích: RS40 | Số răng: 44,,218000
NMC-1996,Nhông đĩa xích,Nhông có cùi (Sprocket TB),Nhông cùi 40-2 Z44,Cỡ xích: 40-2 | Số răng: 44,,548000
NMC-1997,Nhông đĩa xích,Nhông có cùi (Sprocket TB),Nhông cùi RS50 Z44,Cỡ xích: RS50 | Số răng: 44,,317000
NMC-1998,Nhông đĩa xích,Nhông có cùi (Sprocket TB),Nhông cùi 50-2 Z44,Cỡ xích: 50-2 | Số răng: 44,,850000
NMC-1999,Nhông đĩa xích,Nhông có cùi (Sprocket TB),Nhông cùi RS60 Z44,Cỡ xích: RS60 | Số răng: 44,,584000
NMC-2000,Nhông đĩa xích,Nhông có cùi (Sprocket TB),Nhông cùi 60-2 Z44,Cỡ xích: 60-2 | Số răng: 44,,1461000
NMC-2001,Nhông đĩa xích,Nhông có cùi (Sprocket TB),Nhông cùi RS80 Z44,Cỡ xích: RS80 | Số răng: 44,,1066000
NMC-2002,Nhông đĩa xích,Nhông có cùi (Sprocket TB),Nhông cùi RS100 Z44,Cỡ xích: RS100 | Số răng: 44,,2128000
NMC-2003,Nhông đĩa xích,Nhông có cùi (Sprocket TB),Nhông cùi RS120 Z44,Cỡ xích: RS120 | Số răng: 44,,4094000
NMC-2004,Nhông đĩa xích,Nhông có cùi (Sprocket TB),Nhông cùi RS25 Z45,Cỡ xích: RS25 | Số răng: 45,,180000
NMC-2005,Nhông đĩa xích,Nhông có cùi (Sprocket TB),Nhông cùi RS35 Z45,Cỡ xích: RS35 | Số răng: 45,,155000
NMC-2006,Nhông đĩa xích,Nhông có cùi (Sprocket TB),Nhông cùi 06B Z45,Cỡ xích: 06B | Số răng: 45,,219000
NMC-2007,Nhông đĩa xích,Nhông có cùi (Sprocket TB),Nhông cùi 08B Z45,Cỡ xích: 08B | Số răng: 45,,341000
NMC-2008,Nhông đĩa xích,Nhông có cùi (Sprocket TB),Nhông cùi RS40 Z45,Cỡ xích: RS40 | Số răng: 45,,237000
NMC-2009,Nhông đĩa xích,Nhông có cùi (Sprocket TB),Nhông cùi 40-2 Z45,Cỡ xích: 40-2 | Số răng: 45,,561000
NMC-2010,Nhông đĩa xích,Nhông có cùi (Sprocket TB),Nhông cùi RS50 Z45,Cỡ xích: RS50 | Số răng: 45,,341000
NMC-2011,Nhông đĩa xích,Nhông có cùi (Sprocket TB),Nhông cùi 50-2 Z45,Cỡ xích: 50-2 | Số răng: 45,,911000
NMC-2012,Nhông đĩa xích,Nhông có cùi (Sprocket TB),Nhông cùi RS60 Z45,Cỡ xích: RS60 | Số răng: 45,,607000
NMC-2013,Nhông đĩa xích,Nhông có cùi (Sprocket TB),Nhông cùi 60-2 Z45,Cỡ xích: 60-2 | Số răng: 45,,1518000
NMC-2014,Nhông đĩa xích,Nhông có cùi (Sprocket TB),Nhông cùi RS80 Z45,Cỡ xích: RS80 | Số răng: 45,,1106000
NMC-2015,Nhông đĩa xích,Nhông có cùi (Sprocket TB),Nhông cùi RS100 Z45,Cỡ xích: RS100 | Số răng: 45,,2226000
NMC-2016,Nhông đĩa xích,Nhông có cùi (Sprocket TB),Nhông cùi RS120 Z45,Cỡ xích: RS120 | Số răng: 45,,4246000
NMC-2017,Nhông đĩa xích,Nhông có cùi (Sprocket TB),Nhông cùi RS25 Z46,Cỡ xích: RS25 | Số răng: 46,,185000
NMC-2018,Nhông đĩa xích,Nhông có cùi (Sprocket TB),Nhông cùi RS35 Z46,Cỡ xích: RS35 | Số răng: 46,,159000
NMC-2019,Nhông đĩa xích,Nhông có cùi (Sprocket TB),Nhông cùi 06B Z46,Cỡ xích: 06B | Số răng: 46,,224000
NMC-2020,Nhông đĩa xích,Nhông có cùi (Sprocket TB),Nhông cùi 08B Z46,Cỡ xích: 08B | Số răng: 46,,361000
NMC-2021,Nhông đĩa xích,Nhông có cùi (Sprocket TB),Nhông cùi RS40 Z46,Cỡ xích: RS40 | Số răng: 46,,247000
NMC-2022,Nhông đĩa xích,Nhông có cùi (Sprocket TB),Nhông cùi 40-2 Z46,Cỡ xích: 40-2 | Số răng: 46,,578000
NMC-2023,Nhông đĩa xích,Nhông có cùi (Sprocket TB),Nhông cùi RS50 Z46,Cỡ xích: RS50 | Số răng: 46,,353000
NMC-2024,Nhông đĩa xích,Nhông có cùi (Sprocket TB),Nhông cùi 50-2 Z46,Cỡ xích: 50-2 | Số răng: 46,,945000
NMC-2025,Nhông đĩa xích,Nhông có cùi (Sprocket TB),Nhông cùi RS60 Z46,Cỡ xích: RS60 | Số răng: 46,,638000
NMC-2026,Nhông đĩa xích,Nhông có cùi (Sprocket TB),Nhông cùi 60-2 Z46,Cỡ xích: 60-2 | Số răng: 46,,1592000
NMC-2027,Nhông đĩa xích,Nhông có cùi (Sprocket TB),Nhông cùi RS80 Z46,Cỡ xích: RS80 | Số răng: 46,,1147000
NMC-2028,Nhông đĩa xích,Nhông có cùi (Sprocket TB),Nhông cùi RS100 Z46,Cỡ xích: RS100 | Số răng: 46,,2327000
NMC-2029,Nhông đĩa xích,Nhông có cùi (Sprocket TB),Nhông cùi RS120 Z46,Cỡ xích: RS120 | Số răng: 46,,4397000
NMC-2030,Nhông đĩa xích,Nhông có cùi (Sprocket TB),Nhông cùi RS25 Z47,Cỡ xích: RS25 | Số răng: 47,,191000
NMC-2031,Nhông đĩa xích,Nhông có cùi (Sprocket TB),Nhông cùi RS35 Z47,Cỡ xích: RS35 | Số răng: 47,,162000
NMC-2032,Nhông đĩa xích,Nhông có cùi (Sprocket TB),Nhông cùi 06B Z47,Cỡ xích: 06B | Số răng: 47,,228000
NMC-2033,Nhông đĩa xích,Nhông có cùi (Sprocket TB),Nhông cùi 08B Z47,Cỡ xích: 08B | Số răng: 47,,374000
NMC-2034,Nhông đĩa xích,Nhông có cùi (Sprocket TB),Nhông cùi RS40 Z47,Cỡ xích: RS40 | Số răng: 47,,258000
NMC-2035,Nhông đĩa xích,Nhông có cùi (Sprocket TB),Nhông cùi RS50 Z47,Cỡ xích: RS50 | Số răng: 47,,356000
NMC-2036,Nhông đĩa xích,Nhông có cùi (Sprocket TB),Nhông cùi RS60 Z47,Cỡ xích: RS60 | Số răng: 47,,661000
NMC-2037,Nhông đĩa xích,Nhông có cùi (Sprocket TB),Nhông cùi 60-2 Z47,Cỡ xích: 60-2 | Số răng: 47,,1650000
NMC-2038,Nhông đĩa xích,Nhông có cùi (Sprocket TB),Nhông cùi RS80 Z47,Cỡ xích: RS80 | Số răng: 47,,1213000
NMC-2039,Nhông đĩa xích,Nhông có cùi (Sprocket TB),Nhông cùi RS100 Z47,Cỡ xích: RS100 | Số răng: 47,,2426000
NMC-2040,Nhông đĩa xích,Nhông có cùi (Sprocket TB),Nhông cùi RS120 Z47,Cỡ xích: RS120 | Số răng: 47,,4549000
NMC-2041,Nhông đĩa xích,Nhông có cùi (Sprocket TB),Nhông cùi RS25 Z48,Cỡ xích: RS25 | Số răng: 48,,195000
NMC-2042,Nhông đĩa xích,Nhông có cùi (Sprocket TB),Nhông cùi RS35 Z48,Cỡ xích: RS35 | Số răng: 48,,167000
NMC-2043,Nhông đĩa xích,Nhông có cùi (Sprocket TB),Nhông cùi 06B Z48,Cỡ xích: 06B | Số răng: 48,,235000
NMC-2044,Nhông đĩa xích,Nhông có cùi (Sprocket TB),Nhông cùi 08B Z48,Cỡ xích: 08B | Số răng: 48,,389000
NMC-2045,Nhông đĩa xích,Nhông có cùi (Sprocket TB),Nhông cùi RS40 Z48,Cỡ xích: RS40 | Số răng: 48,,268000
NMC-2046,Nhông đĩa xích,Nhông có cùi (Sprocket TB),Nhông cùi 40-2 Z48,Cỡ xích: 40-2 | Số răng: 48,,601000
NMC-2047,Nhông đĩa xích,Nhông có cùi (Sprocket TB),Nhông cùi RS50 Z48,Cỡ xích: RS50 | Số răng: 48,,381000
NMC-2048,Nhông đĩa xích,Nhông có cùi (Sprocket TB),Nhông cùi 50-2 Z48,Cỡ xích: 50-2 | Số răng: 48,,713000
NMC-2049,Nhông đĩa xích,Nhông có cùi (Sprocket TB),Nhông cùi RS60 Z48,Cỡ xích: RS60 | Số răng: 48,,684000
NMC-2050,Nhông đĩa xích,Nhông có cùi (Sprocket TB),Nhông cùi 60-2 Z48,Cỡ xích: 60-2 | Số răng: 48,,1707000
NMC-2051,Nhông đĩa xích,Nhông có cùi (Sprocket TB),Nhông cùi RS80 Z48,Cỡ xích: RS80 | Số răng: 48,,1280000
NMC-2052,Nhông đĩa xích,Nhông có cùi (Sprocket TB),Nhông cùi RS100 Z48,Cỡ xích: RS100 | Số răng: 48,,2540000
NMC-2053,Nhông đĩa xích,Nhông có cùi (Sprocket TB),Nhông cùi RS120 Z48,Cỡ xích: RS120 | Số răng: 48,,4700000
NMC-2054,Nhông đĩa xích,Nhông có cùi (Sprocket TB),Nhông cùi RS25 Z49,Cỡ xích: RS25 | Số răng: 49,,200000
NMC-2055,Nhông đĩa xích,Nhông có cùi (Sprocket TB),Nhông cùi RS35 Z49,Cỡ xích: RS35 | Số răng: 49,,171000
NMC-2056,Nhông đĩa xích,Nhông có cùi (Sprocket TB),Nhông cùi 06B Z49,Cỡ xích: 06B | Số răng: 49,,239000
NMC-2057,Nhông đĩa xích,Nhông có cùi (Sprocket TB),Nhông cùi 08B Z49,Cỡ xích: 08B | Số răng: 49,,404000
NMC-2058,Nhông đĩa xích,Nhông có cùi (Sprocket TB),Nhông cùi RS40 Z49,Cỡ xích: RS40 | Số răng: 49,,278000
NMC-2059,Nhông đĩa xích,Nhông có cùi (Sprocket TB),Nhông cùi RS50 Z49,Cỡ xích: RS50 | Số răng: 49,,397000
NMC-2060,Nhông đĩa xích,Nhông có cùi (Sprocket TB),Nhông cùi RS60 Z49,Cỡ xích: RS60 | Số răng: 49,,705000
NMC-2061,Nhông đĩa xích,Nhông có cùi (Sprocket TB),Nhông cùi 60-2 Z49,Cỡ xích: 60-2 | Số răng: 49,,1763000
NMC-2062,Nhông đĩa xích,Nhông có cùi (Sprocket TB),Nhông cùi RS80 Z49,Cỡ xích: RS80 | Số răng: 49,,1349000
NMC-2063,Nhông đĩa xích,Nhông có cùi (Sprocket TB),Nhông cùi RS100 Z49,Cỡ xích: RS100 | Số răng: 49,,2683000
NMC-2064,Nhông đĩa xích,Nhông có cùi (Sprocket TB),Nhông cùi RS120 Z49,Cỡ xích: RS120 | Số răng: 49,,4851000
NMC-2065,Nhông đĩa xích,Nhông có cùi (Sprocket TB),Nhông cùi RS25 Z50,Cỡ xích: RS25 | Số răng: 50,,207000
NMC-2066,Nhông đĩa xích,Nhông có cùi (Sprocket TB),Nhông cùi RS35 Z50,Cỡ xích: RS35 | Số răng: 50,,176000
NMC-2067,Nhông đĩa xích,Nhông có cùi (Sprocket TB),Nhông cùi 06B Z50,Cỡ xích: 06B | Số răng: 50,,243000
NMC-2068,Nhông đĩa xích,Nhông có cùi (Sprocket TB),Nhông cùi 08B Z50,Cỡ xích: 08B | Số răng: 50,,418000
NMC-2069,Nhông đĩa xích,Nhông có cùi (Sprocket TB),Nhông cùi RS40 Z50,Cỡ xích: RS40 | Số răng: 50,,288000
NMC-2070,Nhông đĩa xích,Nhông có cùi (Sprocket TB),Nhông cùi 40-2 Z50,Cỡ xích: 40-2 | Số răng: 50,,619000
NMC-2071,Nhông đĩa xích,Nhông có cùi (Sprocket TB),Nhông cùi RS50 Z50,Cỡ xích: RS50 | Số răng: 50,,422000
NMC-2072,Nhông đĩa xích,Nhông có cùi (Sprocket TB),Nhông cùi 50-2 Z50,Cỡ xích: 50-2 | Số răng: 50,,790000
NMC-2073,Nhông đĩa xích,Nhông có cùi (Sprocket TB),Nhông cùi RS60 Z50,Cỡ xích: RS60 | Số răng: 50,,728000
NMC-2074,Nhông đĩa xích,Nhông có cùi (Sprocket TB),Nhông cùi 60-2 Z50,Cỡ xích: 60-2 | Số răng: 50,,1782000
NMC-2075,Nhông đĩa xích,Nhông có cùi (Sprocket TB),Nhông cùi RS80 Z50,Cỡ xích: RS80 | Số răng: 50,,1430000
NMC-2076,Nhông đĩa xích,Nhông có cùi (Sprocket TB),Nhông cùi RS100 Z50,Cỡ xích: RS100 | Số răng: 50,,2855000
NMC-2077,Nhông đĩa xích,Nhông có cùi (Sprocket TB),Nhông cùi RS25 Z51,Cỡ xích: RS25 | Số răng: 51,,215000
NMC-2078,Nhông đĩa xích,Nhông có cùi (Sprocket TB),Nhông cùi RS35 Z51,Cỡ xích: RS35 | Số răng: 51,,183000
NMC-2079,Nhông đĩa xích,Nhông có cùi (Sprocket TB),Nhông cùi 06B Z51,Cỡ xích: 06B | Số răng: 51,,257000
NMC-2080,Nhông đĩa xích,Nhông có cùi (Sprocket TB),Nhông cùi 08B Z51,Cỡ xích: 08B | Số răng: 51,,433000
NMC-2081,Nhông đĩa xích,Nhông có cùi (Sprocket TB),Nhông cùi RS40 Z51,Cỡ xích: RS40 | Số răng: 51,,299000
NMC-2082,Nhông đĩa xích,Nhông có cùi (Sprocket TB),Nhông cùi RS50 Z51,Cỡ xích: RS50 | Số răng: 51,,437000
NMC-2083,Nhông đĩa xích,Nhông có cùi (Sprocket TB),Nhông cùi RS60 Z51,Cỡ xích: RS60 | Số răng: 51,,767000
NMC-2084,Nhông đĩa xích,Nhông có cùi (Sprocket TB),Nhông cùi RS80 Z51,Cỡ xích: RS80 | Số răng: 51,,1510000
NMC-2085,Nhông đĩa xích,Nhông có cùi (Sprocket TB),Nhông cùi RS25 Z52,Cỡ xích: RS25 | Số răng: 52,,222000
NMC-2086,Nhông đĩa xích,Nhông có cùi (Sprocket TB),Nhông cùi RS35 Z52,Cỡ xích: RS35 | Số răng: 52,,192000
NMC-2087,Nhông đĩa xích,Nhông có cùi (Sprocket TB),Nhông cùi 06B Z52,Cỡ xích: 06B | Số răng: 52,,268000
NMC-2088,Nhông đĩa xích,Nhông có cùi (Sprocket TB),Nhông cùi 08B Z52,Cỡ xích: 08B | Số răng: 52,,447000
NMC-2089,Nhông đĩa xích,Nhông có cùi (Sprocket TB),Nhông cùi RS40 Z52,Cỡ xích: RS40 | Số răng: 52,,309000
NMC-2090,Nhông đĩa xích,Nhông có cùi (Sprocket TB),Nhông cùi 40-2 Z52,Cỡ xích: 40-2 | Số răng: 52,,636000
NMC-2091,Nhông đĩa xích,Nhông có cùi (Sprocket TB),Nhông cùi RS50 Z52,Cỡ xích: RS50 | Số răng: 52,,454000
NMC-2092,Nhông đĩa xích,Nhông có cùi (Sprocket TB),Nhông cùi 50-2 Z52,Cỡ xích: 50-2 | Số răng: 52,,850000
NMC-2093,Nhông đĩa xích,Nhông có cùi (Sprocket TB),Nhông cùi RS60 Z52,Cỡ xích: RS60 | Số răng: 52,,805000
NMC-2094,Nhông đĩa xích,Nhông có cùi (Sprocket TB),Nhông cùi 60-2 Z52,Cỡ xích: 60-2 | Số răng: 52,,1971000
NMC-2095,Nhông đĩa xích,Nhông có cùi (Sprocket TB),Nhông cùi RS80 Z52,Cỡ xích: RS80 | Số răng: 52,,1591000
NMC-2096,Nhông đĩa xích,Nhông có cùi (Sprocket TB),Nhông cùi RS25 Z53,Cỡ xích: RS25 | Số răng: 53,,228000
NMC-2097,Nhông đĩa xích,Nhông có cùi (Sprocket TB),Nhông cùi RS35 Z53,Cỡ xích: RS35 | Số răng: 53,,197000
NMC-2098,Nhông đĩa xích,Nhông có cùi (Sprocket TB),Nhông cùi 06B Z53,Cỡ xích: 06B | Số răng: 53,,281000
NMC-2099,Nhông đĩa xích,Nhông có cùi (Sprocket TB),Nhông cùi 08B Z53,Cỡ xích: 08B | Số răng: 53,,461000
NMC-2100,Nhông đĩa xích,Nhông có cùi (Sprocket TB),Nhông cùi RS40 Z53,Cỡ xích: RS40 | Số răng: 53,,320000
NMC-2101,Nhông đĩa xích,Nhông có cùi (Sprocket TB),Nhông cùi RS50 Z53,Cỡ xích: RS50 | Số răng: 53,,470000
NMC-2102,Nhông đĩa xích,Nhông có cùi (Sprocket TB),Nhông cùi RS60 Z53,Cỡ xích: RS60 | Số răng: 53,,835000
NMC-2103,Nhông đĩa xích,Nhông có cùi (Sprocket TB),Nhông cùi RS80 Z53,Cỡ xích: RS80 | Số răng: 53,,1672000
NMC-2104,Nhông đĩa xích,Nhông có cùi (Sprocket TB),Nhông cùi RS25 Z54,Cỡ xích: RS25 | Số răng: 54,,237000
NMC-2105,Nhông đĩa xích,Nhông có cùi (Sprocket TB),Nhông cùi RS35 Z54,Cỡ xích: RS35 | Số răng: 54,,203000
NMC-2106,Nhông đĩa xích,Nhông có cùi (Sprocket TB),Nhông cùi 06B Z54,Cỡ xích: 06B | Số răng: 54,,292000
NMC-2107,Nhông đĩa xích,Nhông có cùi (Sprocket TB),Nhông cùi 08B Z54,Cỡ xích: 08B | Số răng: 54,,477000
NMC-2108,Nhông đĩa xích,Nhông có cùi (Sprocket TB),Nhông cùi RS40 Z54,Cỡ xích: RS40 | Số răng: 54,,330000
NMC-2109,Nhông đĩa xích,Nhông có cùi (Sprocket TB),Nhông cùi 40-2 Z54,Cỡ xích: 40-2 | Số răng: 54,,659000
NMC-2110,Nhông đĩa xích,Nhông có cùi (Sprocket TB),Nhông cùi RS50 Z54,Cỡ xích: RS50 | Số răng: 54,,494000
NMC-2111,Nhông đĩa xích,Nhông có cùi (Sprocket TB),Nhông cùi 50-2 Z54,Cỡ xích: 50-2 | Số răng: 54,,924000
NMC-2112,Nhông đĩa xích,Nhông có cùi (Sprocket TB),Nhông cùi RS60 Z54,Cỡ xích: RS60 | Số răng: 54,,880000
NMC-2113,Nhông đĩa xích,Nhông có cùi (Sprocket TB),Nhông cùi RS80 Z54,Cỡ xích: RS80 | Số răng: 54,,1753000
NMC-2114,Nhông đĩa xích,Nhông có cùi (Sprocket TB),Nhông cùi RS25 Z55,Cỡ xích: RS25 | Số răng: 55,,243000
NMC-2115,Nhông đĩa xích,Nhông có cùi (Sprocket TB),Nhông cùi RS35 Z55,Cỡ xích: RS35 | Số răng: 55,,214000
NMC-2116,Nhông đĩa xích,Nhông có cùi (Sprocket TB),Nhông cùi 06B Z55,Cỡ xích: 06B | Số răng: 55,,305000
NMC-2117,Nhông đĩa xích,Nhông có cùi (Sprocket TB),Nhông cùi 08B Z55,Cỡ xích: 08B | Số răng: 55,,491000
NMC-2118,Nhông đĩa xích,Nhông có cùi (Sprocket TB),Nhông cùi RS40 Z55,Cỡ xích: RS40 | Số răng: 55,,341000
NMC-2119,Nhông đĩa xích,Nhông có cùi (Sprocket TB),Nhông cùi 40-2 Z55,Cỡ xích: 40-2 | Số răng: 55,,670000
NMC-2120,Nhông đĩa xích,Nhông có cùi (Sprocket TB),Nhông cùi RS50 Z55,Cỡ xích: RS50 | Số răng: 55,,518000
NMC-2121,Nhông đĩa xích,Nhông có cùi (Sprocket TB),Nhông cùi 50-2 Z55,Cỡ xích: 50-2 | Số răng: 55,,971000
NMC-2122,Nhông đĩa xích,Nhông có cùi (Sprocket TB),Nhông cùi RS60 Z55,Cỡ xích: RS60 | Số răng: 55,,927000
NMC-2123,Nhông đĩa xích,Nhông có cùi (Sprocket TB),Nhông cùi 60-2 Z55,Cỡ xích: 60-2 | Số răng: 55,,2275000
NMC-2124,Nhông đĩa xích,Nhông có cùi (Sprocket TB),Nhông cùi RS80 Z55,Cỡ xích: RS80 | Số răng: 55,,1860000
NMC-2125,Nhông đĩa xích,Nhông có cùi (Sprocket TB),Nhông cùi RS25 Z56,Cỡ xích: RS25 | Số răng: 56,,250000
NMC-2126,Nhông đĩa xích,Nhông có cùi (Sprocket TB),Nhông cùi RS35 Z56,Cỡ xích: RS35 | Số răng: 56,,219000
NMC-2127,Nhông đĩa xích,Nhông có cùi (Sprocket TB),Nhông cùi 06B Z56,Cỡ xích: 06B | Số răng: 56,,317000
NMC-2128,Nhông đĩa xích,Nhông có cùi (Sprocket TB),Nhông cùi 08B Z56,Cỡ xích: 08B | Số răng: 56,,506000
NMC-2129,Nhông đĩa xích,Nhông có cùi (Sprocket TB),Nhông cùi RS40 Z56,Cỡ xích: RS40 | Số răng: 56,,351000
NMC-2130,Nhông đĩa xích,Nhông có cùi (Sprocket TB),Nhông cùi 40-2 Z56,Cỡ xích: 40-2 | Số răng: 56,,682000
NMC-2131,Nhông đĩa xích,Nhông có cùi (Sprocket TB),Nhông cùi RS50 Z56,Cỡ xích: RS50 | Số răng: 56,,542000
NMC-2132,Nhông đĩa xích,Nhông có cùi (Sprocket TB),Nhông cùi 50-2 Z56,Cỡ xích: 50-2 | Số răng: 56,,1016000
NMC-2133,Nhông đĩa xích,Nhông có cùi (Sprocket TB),Nhông cùi RS60 Z56,Cỡ xích: RS60 | Số răng: 56,,963000
NMC-2134,Nhông đĩa xích,Nhông có cùi (Sprocket TB),Nhông cùi RS80 Z56,Cỡ xích: RS80 | Số răng: 56,,1956000
BRT-2135,Bánh răng,Bánh răng thẳng không cùi (Spur Gear),Bánh răng thẳng M1 Z18,Module: M1 | Số răng: 18 | Dày: 15mm,,80000
BRT-2136,Bánh răng,Bánh răng thẳng không cùi (Spur Gear),Bánh răng thẳng M1.5 Z18,Module: M1.5 | Số răng: 18 | Dày: 17mm,,90000
BRT-2137,Bánh răng,Bánh răng thẳng không cùi (Spur Gear),Bánh răng thẳng M2 Z18,Module: M2 | Số răng: 18 | Dày: 20mm,,105000
BRT-2138,Bánh răng,Bánh răng thẳng không cùi (Spur Gear),Bánh răng thẳng M2.5 Z18,Module: M2.5 | Số răng: 18 | Dày: 25mm,,110000
BRT-2139,Bánh răng,Bánh răng thẳng không cùi (Spur Gear),Bánh răng thẳng M3 Z18,Module: M3 | Số răng: 18 | Dày: 30mm,,145000
BRT-2140,Bánh răng,Bánh răng thẳng không cùi (Spur Gear),Bánh răng thẳng M3.5 Z18,Module: M3.5 | Số răng: 18 | Dày: 30mm,,215000
BRT-2141,Bánh răng,Bánh răng thẳng không cùi (Spur Gear),Bánh răng thẳng M4 Z18,Module: M4 | Số răng: 18 | Dày: 40mm,,220000
BRT-2142,Bánh răng,Bánh răng thẳng không cùi (Spur Gear),Bánh răng thẳng M4.5 Z18,Module: M4.5 | Số răng: 18 | Dày: 40mm,,320000
BRT-2143,Bánh răng,Bánh răng thẳng không cùi (Spur Gear),Bánh răng thẳng M5 Z18,Module: M5 | Số răng: 18 | Dày: 50mm,,440000
BRT-2144,Bánh răng,Bánh răng thẳng không cùi (Spur Gear),Bánh răng thẳng M1 Z19,Module: M1 | Số răng: 19 | Dày: 15mm,,80000
BRT-2145,Bánh răng,Bánh răng thẳng không cùi (Spur Gear),Bánh răng thẳng M1.5 Z19,Module: M1.5 | Số răng: 19 | Dày: 17mm,,90000
BRT-2146,Bánh răng,Bánh răng thẳng không cùi (Spur Gear),Bánh răng thẳng M2 Z19,Module: M2 | Số răng: 19 | Dày: 20mm,,105000
BRT-2147,Bánh răng,Bánh răng thẳng không cùi (Spur Gear),Bánh răng thẳng M2.5 Z19,Module: M2.5 | Số răng: 19 | Dày: 25mm,,110000
BRT-2148,Bánh răng,Bánh răng thẳng không cùi (Spur Gear),Bánh răng thẳng M3 Z19,Module: M3 | Số răng: 19 | Dày: 30mm,,145000
BRT-2149,Bánh răng,Bánh răng thẳng không cùi (Spur Gear),Bánh răng thẳng M3.5 Z19,Module: M3.5 | Số răng: 19 | Dày: 30mm,,220000
BRT-2150,Bánh răng,Bánh răng thẳng không cùi (Spur Gear),Bánh răng thẳng M4 Z19,Module: M4 | Số răng: 19 | Dày: 40mm,,230000
BRT-2151,Bánh răng,Bánh răng thẳng không cùi (Spur Gear),Bánh răng thẳng M4.5 Z19,Module: M4.5 | Số răng: 19 | Dày: 40mm,,330000
BRT-2152,Bánh răng,Bánh răng thẳng không cùi (Spur Gear),Bánh răng thẳng M5 Z19,Module: M5 | Số răng: 19 | Dày: 50mm,,460000
BRT-2153,Bánh răng,Bánh răng thẳng không cùi (Spur Gear),Bánh răng thẳng M1 Z20,Module: M1 | Số răng: 20 | Dày: 15mm,,85000
BRT-2154,Bánh răng,Bánh răng thẳng không cùi (Spur Gear),Bánh răng thẳng M1.5 Z20,Module: M1.5 | Số răng: 20 | Dày: 17mm,,95000
BRT-2155,Bánh răng,Bánh răng thẳng không cùi (Spur Gear),Bánh răng thẳng M2 Z20,Module: M2 | Số răng: 20 | Dày: 20mm,,110000
BRT-2156,Bánh răng,Bánh răng thẳng không cùi (Spur Gear),Bánh răng thẳng M2.5 Z20,Module: M2.5 | Số răng: 20 | Dày: 25mm,,120000
BRT-2157,Bánh răng,Bánh răng thẳng không cùi (Spur Gear),Bánh răng thẳng M3 Z20,Module: M3 | Số răng: 20 | Dày: 30mm,,155000
BRT-2158,Bánh răng,Bánh răng thẳng không cùi (Spur Gear),Bánh răng thẳng M3.5 Z20,Module: M3.5 | Số răng: 20 | Dày: 30mm,,225000
BRT-2159,Bánh răng,Bánh răng thẳng không cùi (Spur Gear),Bánh răng thẳng M4 Z20,Module: M4 | Số răng: 20 | Dày: 40mm,,240000
BRT-2160,Bánh răng,Bánh răng thẳng không cùi (Spur Gear),Bánh răng thẳng M4.5 Z20,Module: M4.5 | Số răng: 20 | Dày: 40mm,,340000
BRT-2161,Bánh răng,Bánh răng thẳng không cùi (Spur Gear),Bánh răng thẳng M5 Z20,Module: M5 | Số răng: 20 | Dày: 50mm,,470000
BRT-2162,Bánh răng,Bánh răng thẳng không cùi (Spur Gear),Bánh răng thẳng M1 Z21,Module: M1 | Số răng: 21 | Dày: 15mm,,85000
BRT-2163,Bánh răng,Bánh răng thẳng không cùi (Spur Gear),Bánh răng thẳng M1.5 Z21,Module: M1.5 | Số răng: 21 | Dày: 17mm,,95000
BRT-2164,Bánh răng,Bánh răng thẳng không cùi (Spur Gear),Bánh răng thẳng M2 Z21,Module: M2 | Số răng: 21 | Dày: 20mm,,110000
BRT-2165,Bánh răng,Bánh răng thẳng không cùi (Spur Gear),Bánh răng thẳng M2.5 Z21,Module: M2.5 | Số răng: 21 | Dày: 25mm,,120000
BRT-2166,Bánh răng,Bánh răng thẳng không cùi (Spur Gear),Bánh răng thẳng M3 Z21,Module: M3 | Số răng: 21 | Dày: 30mm,,160000
BRT-2167,Bánh răng,Bánh răng thẳng không cùi (Spur Gear),Bánh răng thẳng M3.5 Z21,Module: M3.5 | Số răng: 21 | Dày: 30mm,,235000
BRT-2168,Bánh răng,Bánh răng thẳng không cùi (Spur Gear),Bánh răng thẳng M4 Z21,Module: M4 | Số răng: 21 | Dày: 40mm,,265000
BRT-2169,Bánh răng,Bánh răng thẳng không cùi (Spur Gear),Bánh răng thẳng M4.5 Z21,Module: M4.5 | Số răng: 21 | Dày: 40mm,,360000
BRT-2170,Bánh răng,Bánh răng thẳng không cùi (Spur Gear),Bánh răng thẳng M5 Z21,Module: M5 | Số răng: 21 | Dày: 50mm,,510000
BRT-2171,Bánh răng,Bánh răng thẳng không cùi (Spur Gear),Bánh răng thẳng M1 Z22,Module: M1 | Số răng: 22 | Dày: 15mm,,85000
BRT-2172,Bánh răng,Bánh răng thẳng không cùi (Spur Gear),Bánh răng thẳng M1.5 Z22,Module: M1.5 | Số răng: 22 | Dày: 17mm,,95000
BRT-2173,Bánh răng,Bánh răng thẳng không cùi (Spur Gear),Bánh răng thẳng M2 Z22,Module: M2 | Số răng: 22 | Dày: 20mm,,115000
BRT-2174,Bánh răng,Bánh răng thẳng không cùi (Spur Gear),Bánh răng thẳng M2.5 Z22,Module: M2.5 | Số răng: 22 | Dày: 25mm,,135000
BRT-2175,Bánh răng,Bánh răng thẳng không cùi (Spur Gear),Bánh răng thẳng M3 Z22,Module: M3 | Số răng: 22 | Dày: 30mm,,170000
BRT-2176,Bánh răng,Bánh răng thẳng không cùi (Spur Gear),Bánh răng thẳng M3.5 Z22,Module: M3.5 | Số răng: 22 | Dày: 30mm,,250000
BRT-2177,Bánh răng,Bánh răng thẳng không cùi (Spur Gear),Bánh răng thẳng M4 Z22,Module: M4 | Số răng: 22 | Dày: 40mm,,270000
BRT-2178,Bánh răng,Bánh răng thẳng không cùi (Spur Gear),Bánh răng thẳng M4.5 Z22,Module: M4.5 | Số răng: 22 | Dày: 40mm,,395000
BRT-2179,Bánh răng,Bánh răng thẳng không cùi (Spur Gear),Bánh răng thẳng M5 Z22,Module: M5 | Số răng: 22 | Dày: 50mm,,540000
BRT-2180,Bánh răng,Bánh răng thẳng không cùi (Spur Gear),Bánh răng thẳng M1 Z23,Module: M1 | Số răng: 23 | Dày: 15mm,,85000
BRT-2181,Bánh răng,Bánh răng thẳng không cùi (Spur Gear),Bánh răng thẳng M1.5 Z23,Module: M1.5 | Số răng: 23 | Dày: 17mm,,105000
BRT-2182,Bánh răng,Bánh răng thẳng không cùi (Spur Gear),Bánh răng thẳng M2 Z23,Module: M2 | Số răng: 23 | Dày: 20mm,,120000
BRT-2183,Bánh răng,Bánh răng thẳng không cùi (Spur Gear),Bánh răng thẳng M2.5 Z23,Module: M2.5 | Số răng: 23 | Dày: 25mm,,140000
BRT-2184,Bánh răng,Bánh răng thẳng không cùi (Spur Gear),Bánh răng thẳng M3 Z23,Module: M3 | Số răng: 23 | Dày: 30mm,,200000
BRT-2185,Bánh răng,Bánh răng thẳng không cùi (Spur Gear),Bánh răng thẳng M3.5 Z23,Module: M3.5 | Số răng: 23 | Dày: 30mm,,280000
BRT-2186,Bánh răng,Bánh răng thẳng không cùi (Spur Gear),Bánh răng thẳng M4 Z23,Module: M4 | Số răng: 23 | Dày: 40mm,,310000
BRT-2187,Bánh răng,Bánh răng thẳng không cùi (Spur Gear),Bánh răng thẳng M4.5 Z23,Module: M4.5 | Số răng: 23 | Dày: 40mm,,440000
BRT-2188,Bánh răng,Bánh răng thẳng không cùi (Spur Gear),Bánh răng thẳng M5 Z23,Module: M5 | Số răng: 23 | Dày: 50mm,,580000
BRT-2189,Bánh răng,Bánh răng thẳng không cùi (Spur Gear),Bánh răng thẳng M1 Z24,Module: M1 | Số răng: 24 | Dày: 15mm,,90000
BRT-2190,Bánh răng,Bánh răng thẳng không cùi (Spur Gear),Bánh răng thẳng M1.5 Z24,Module: M1.5 | Số răng: 24 | Dày: 17mm,,105000
BRT-2191,Bánh răng,Bánh răng thẳng không cùi (Spur Gear),Bánh răng thẳng M2 Z24,Module: M2 | Số răng: 24 | Dày: 20mm,,125000
BRT-2192,Bánh răng,Bánh răng thẳng không cùi (Spur Gear),Bánh răng thẳng M2.5 Z24,Module: M2.5 | Số răng: 24 | Dày: 25mm,,150000
BRT-2193,Bánh răng,Bánh răng thẳng không cùi (Spur Gear),Bánh răng thẳng M3 Z24,Module: M3 | Số răng: 24 | Dày: 30mm,,210000
BRT-2194,Bánh răng,Bánh răng thẳng không cùi (Spur Gear),Bánh răng thẳng M3.5 Z24,Module: M3.5 | Số răng: 24 | Dày: 30mm,,310000
BRT-2195,Bánh răng,Bánh răng thẳng không cùi (Spur Gear),Bánh răng thẳng M4 Z24,Module: M4 | Số răng: 24 | Dày: 40mm,,335000
BRT-2196,Bánh răng,Bánh răng thẳng không cùi (Spur Gear),Bánh răng thẳng M4.5 Z24,Module: M4.5 | Số răng: 24 | Dày: 40mm,,450000
BRT-2197,Bánh răng,Bánh răng thẳng không cùi (Spur Gear),Bánh răng thẳng M5 Z24,Module: M5 | Số răng: 24 | Dày: 50mm,,665000
BRT-2198,Bánh răng,Bánh răng thẳng không cùi (Spur Gear),Bánh răng thẳng M1 Z25,Module: M1 | Số răng: 25 | Dày: 15mm,,90000
BRT-2199,Bánh răng,Bánh răng thẳng không cùi (Spur Gear),Bánh răng thẳng M1.5 Z25,Module: M1.5 | Số răng: 25 | Dày: 17mm,,105000
BRT-2200,Bánh răng,Bánh răng thẳng không cùi (Spur Gear),Bánh răng thẳng M2 Z25,Module: M2 | Số răng: 25 | Dày: 20mm,,130000
BRT-2201,Bánh răng,Bánh răng thẳng không cùi (Spur Gear),Bánh răng thẳng M2.5 Z25,Module: M2.5 | Số răng: 25 | Dày: 25mm,,155000
BRT-2202,Bánh răng,Bánh răng thẳng không cùi (Spur Gear),Bánh răng thẳng M3 Z25,Module: M3 | Số răng: 25 | Dày: 30mm,,220000
BRT-2203,Bánh răng,Bánh răng thẳng không cùi (Spur Gear),Bánh răng thẳng M3.5 Z25,Module: M3.5 | Số răng: 25 | Dày: 30mm,,315000
BRT-2204,Bánh răng,Bánh răng thẳng không cùi (Spur Gear),Bánh răng thẳng M4 Z25,Module: M4 | Số răng: 25 | Dày: 40mm,,370000
BRT-2205,Bánh răng,Bánh răng thẳng không cùi (Spur Gear),Bánh răng thẳng M4.5 Z25,Module: M4.5 | Số răng: 25 | Dày: 40mm,,480000
BRT-2206,Bánh răng,Bánh răng thẳng không cùi (Spur Gear),Bánh răng thẳng M5 Z25,Module: M5 | Số răng: 25 | Dày: 50mm,,680000
BRT-2207,Bánh răng,Bánh răng thẳng không cùi (Spur Gear),Bánh răng thẳng M1 Z26,Module: M1 | Số răng: 26 | Dày: 15mm,,90000
BRT-2208,Bánh răng,Bánh răng thẳng không cùi (Spur Gear),Bánh răng thẳng M1.5 Z26,Module: M1.5 | Số răng: 26 | Dày: 17mm,,105000
BRT-2209,Bánh răng,Bánh răng thẳng không cùi (Spur Gear),Bánh răng thẳng M2 Z26,Module: M2 | Số răng: 26 | Dày: 20mm,,135000
BRT-2210,Bánh răng,Bánh răng thẳng không cùi (Spur Gear),Bánh răng thẳng M2.5 Z26,Module: M2.5 | Số răng: 26 | Dày: 25mm,,165000
BRT-2211,Bánh răng,Bánh răng thẳng không cùi (Spur Gear),Bánh răng thẳng M3 Z26,Module: M3 | Số răng: 26 | Dày: 30mm,,230000
BRT-2212,Bánh răng,Bánh răng thẳng không cùi (Spur Gear),Bánh răng thẳng M3.5 Z26,Module: M3.5 | Số răng: 26 | Dày: 30mm,,330000
BRT-2213,Bánh răng,Bánh răng thẳng không cùi (Spur Gear),Bánh răng thẳng M4 Z26,Module: M4 | Số răng: 26 | Dày: 40mm,,400000
BRT-2214,Bánh răng,Bánh răng thẳng không cùi (Spur Gear),Bánh răng thẳng M4.5 Z26,Module: M4.5 | Số răng: 26 | Dày: 40mm,,520000
BRT-2215,Bánh răng,Bánh răng thẳng không cùi (Spur Gear),Bánh răng thẳng M5 Z26,Module: M5 | Số răng: 26 | Dày: 50mm,,750000
BRT-2216,Bánh răng,Bánh răng thẳng không cùi (Spur Gear),Bánh răng thẳng M1 Z27,Module: M1 | Số răng: 27 | Dày: 15mm,,90000
BRT-2217,Bánh răng,Bánh răng thẳng không cùi (Spur Gear),Bánh răng thẳng M1.5 Z27,Module: M1.5 | Số răng: 27 | Dày: 17mm,,105000
BRT-2218,Bánh răng,Bánh răng thẳng không cùi (Spur Gear),Bánh răng thẳng M2 Z27,Module: M2 | Số răng: 27 | Dày: 20mm,,150000
BRT-2219,Bánh răng,Bánh răng thẳng không cùi (Spur Gear),Bánh răng thẳng M2.5 Z27,Module: M2.5 | Số răng: 27 | Dày: 25mm,,170000
BRT-2220,Bánh răng,Bánh răng thẳng không cùi (Spur Gear),Bánh răng thẳng M3 Z27,Module: M3 | Số răng: 27 | Dày: 30mm,,240000
BRT-2221,Bánh răng,Bánh răng thẳng không cùi (Spur Gear),Bánh răng thẳng M3.5 Z27,Module: M3.5 | Số răng: 27 | Dày: 30mm,,360000
BRT-2222,Bánh răng,Bánh răng thẳng không cùi (Spur Gear),Bánh răng thẳng M4 Z27,Module: M4 | Số răng: 27 | Dày: 40mm,,410000
BRT-2223,Bánh răng,Bánh răng thẳng không cùi (Spur Gear),Bánh răng thẳng M4.5 Z27,Module: M4.5 | Số răng: 27 | Dày: 40mm,,550000
BRT-2224,Bánh răng,Bánh răng thẳng không cùi (Spur Gear),Bánh răng thẳng M5 Z27,Module: M5 | Số răng: 27 | Dày: 50mm,,770000
BRT-2225,Bánh răng,Bánh răng thẳng không cùi (Spur Gear),Bánh răng thẳng M1 Z28,Module: M1 | Số răng: 28 | Dày: 15mm,,90000
BRT-2226,Bánh răng,Bánh răng thẳng không cùi (Spur Gear),Bánh răng thẳng M1.5 Z28,Module: M1.5 | Số răng: 28 | Dày: 17mm,,105000
BRT-2227,Bánh răng,Bánh răng thẳng không cùi (Spur Gear),Bánh răng thẳng M2 Z28,Module: M2 | Số răng: 28 | Dày: 20mm,,150000
BRT-2228,Bánh răng,Bánh răng thẳng không cùi (Spur Gear),Bánh răng thẳng M2.5 Z28,Module: M2.5 | Số răng: 28 | Dày: 25mm,,175000
BRT-2229,Bánh răng,Bánh răng thẳng không cùi (Spur Gear),Bánh răng thẳng M3 Z28,Module: M3 | Số răng: 28 | Dày: 30mm,,265000
BRT-2230,Bánh răng,Bánh răng thẳng không cùi (Spur Gear),Bánh răng thẳng M3.5 Z28,Module: M3.5 | Số răng: 28 | Dày: 30mm,,370000
BRT-2231,Bánh răng,Bánh răng thẳng không cùi (Spur Gear),Bánh răng thẳng M4 Z28,Module: M4 | Số răng: 28 | Dày: 40mm,,430000
BRT-2232,Bánh răng,Bánh răng thẳng không cùi (Spur Gear),Bánh răng thẳng M4.5 Z28,Module: M4.5 | Số răng: 28 | Dày: 40mm,,580000
BRT-2233,Bánh răng,Bánh răng thẳng không cùi (Spur Gear),Bánh răng thẳng M5 Z28,Module: M5 | Số răng: 28 | Dày: 50mm,,900000
BRT-2234,Bánh răng,Bánh răng thẳng không cùi (Spur Gear),Bánh răng thẳng M1 Z29,Module: M1 | Số răng: 29 | Dày: 15mm,,95000
BRT-2235,Bánh răng,Bánh răng thẳng không cùi (Spur Gear),Bánh răng thẳng M1.5 Z29,Module: M1.5 | Số răng: 29 | Dày: 17mm,,115000
BRT-2236,Bánh răng,Bánh răng thẳng không cùi (Spur Gear),Bánh răng thẳng M2 Z29,Module: M2 | Số răng: 29 | Dày: 20mm,,155000
BRT-2237,Bánh răng,Bánh răng thẳng không cùi (Spur Gear),Bánh răng thẳng M2.5 Z29,Module: M2.5 | Số răng: 29 | Dày: 25mm,,180000
BRT-2238,Bánh răng,Bánh răng thẳng không cùi (Spur Gear),Bánh răng thẳng M3 Z29,Module: M3 | Số răng: 29 | Dày: 30mm,,270000
BRT-2239,Bánh răng,Bánh răng thẳng không cùi (Spur Gear),Bánh răng thẳng M3.5 Z29,Module: M3.5 | Số răng: 29 | Dày: 30mm,,400000
BRT-2240,Bánh răng,Bánh răng thẳng không cùi (Spur Gear),Bánh răng thẳng M4 Z29,Module: M4 | Số răng: 29 | Dày: 40mm,,455000
BRT-2241,Bánh răng,Bánh răng thẳng không cùi (Spur Gear),Bánh răng thẳng M4.5 Z29,Module: M4.5 | Số răng: 29 | Dày: 40mm,,650000
BRT-2242,Bánh răng,Bánh răng thẳng không cùi (Spur Gear),Bánh răng thẳng M5 Z29,Module: M5 | Số răng: 29 | Dày: 50mm,,920000
BRT-2243,Bánh răng,Bánh răng thẳng không cùi (Spur Gear),Bánh răng thẳng M1 Z30,Module: M1 | Số răng: 30 | Dày: 15mm,,95000
BRT-2244,Bánh răng,Bánh răng thẳng không cùi (Spur Gear),Bánh răng thẳng M1.5 Z30,Module: M1.5 | Số răng: 30 | Dày: 17mm,,115000
BRT-2245,Bánh răng,Bánh răng thẳng không cùi (Spur Gear),Bánh răng thẳng M2 Z30,Module: M2 | Số răng: 30 | Dày: 20mm,,160000
BRT-2246,Bánh răng,Bánh răng thẳng không cùi (Spur Gear),Bánh răng thẳng M2.5 Z30,Module: M2.5 | Số răng: 30 | Dày: 25mm,,200000
BRT-2247,Bánh răng,Bánh răng thẳng không cùi (Spur Gear),Bánh răng thẳng M3 Z30,Module: M3 | Số răng: 30 | Dày: 30mm,,290000
BRT-2248,Bánh răng,Bánh răng thẳng không cùi (Spur Gear),Bánh răng thẳng M3.5 Z30,Module: M3.5 | Số răng: 30 | Dày: 30mm,,420000
BRT-2249,Bánh răng,Bánh răng thẳng không cùi (Spur Gear),Bánh răng thẳng M4 Z30,Module: M4 | Số răng: 30 | Dày: 40mm,,520000
BRT-2250,Bánh răng,Bánh răng thẳng không cùi (Spur Gear),Bánh răng thẳng M4.5 Z30,Module: M4.5 | Số răng: 30 | Dày: 40mm,,665000
BRT-2251,Bánh răng,Bánh răng thẳng không cùi (Spur Gear),Bánh răng thẳng M5 Z30,Module: M5 | Số răng: 30 | Dày: 50mm,,1000000
BRT-2252,Bánh răng,Bánh răng thẳng không cùi (Spur Gear),Bánh răng thẳng M1 Z31,Module: M1 | Số răng: 31 | Dày: 15mm,,95000
BRT-2253,Bánh răng,Bánh răng thẳng không cùi (Spur Gear),Bánh răng thẳng M1.5 Z31,Module: M1.5 | Số răng: 31 | Dày: 17mm,,115000
BRT-2254,Bánh răng,Bánh răng thẳng không cùi (Spur Gear),Bánh răng thẳng M2 Z31,Module: M2 | Số răng: 31 | Dày: 20mm,,165000
BRT-2255,Bánh răng,Bánh răng thẳng không cùi (Spur Gear),Bánh răng thẳng M2.5 Z31,Module: M2.5 | Số răng: 31 | Dày: 25mm,,205000
BRT-2256,Bánh răng,Bánh răng thẳng không cùi (Spur Gear),Bánh răng thẳng M3 Z31,Module: M3 | Số răng: 31 | Dày: 30mm,,290000
BRT-2257,Bánh răng,Bánh răng thẳng không cùi (Spur Gear),Bánh răng thẳng M3.5 Z31,Module: M3.5 | Số răng: 31 | Dày: 30mm,,455000
BRT-2258,Bánh răng,Bánh răng thẳng không cùi (Spur Gear),Bánh răng thẳng M4 Z31,Module: M4 | Số răng: 31 | Dày: 40mm,,525000
BRT-2259,Bánh răng,Bánh răng thẳng không cùi (Spur Gear),Bánh răng thẳng M4.5 Z31,Module: M4.5 | Số răng: 31 | Dày: 40mm,,750000
BRT-2260,Bánh răng,Bánh răng thẳng không cùi (Spur Gear),Bánh răng thẳng M5 Z31,Module: M5 | Số răng: 31 | Dày: 50mm,,1010000
BRT-2261,Bánh răng,Bánh răng thẳng không cùi (Spur Gear),Bánh răng thẳng M1 Z32,Module: M1 | Số răng: 32 | Dày: 15mm,,95000
BRT-2262,Bánh răng,Bánh răng thẳng không cùi (Spur Gear),Bánh răng thẳng M1.5 Z32,Module: M1.5 | Số răng: 32 | Dày: 17mm,,140000
BRT-2263,Bánh răng,Bánh răng thẳng không cùi (Spur Gear),Bánh răng thẳng M2 Z32,Module: M2 | Số răng: 32 | Dày: 20mm,,170000
BRT-2264,Bánh răng,Bánh răng thẳng không cùi (Spur Gear),Bánh răng thẳng M2.5 Z32,Module: M2.5 | Số răng: 32 | Dày: 25mm,,210000
BRT-2265,Bánh răng,Bánh răng thẳng không cùi (Spur Gear),Bánh răng thẳng M3 Z32,Module: M3 | Số răng: 32 | Dày: 30mm,,310000
BRT-2266,Bánh răng,Bánh răng thẳng không cùi (Spur Gear),Bánh răng thẳng M3.5 Z32,Module: M3.5 | Số răng: 32 | Dày: 30mm,,470000
BRT-2267,Bánh răng,Bánh răng thẳng không cùi (Spur Gear),Bánh răng thẳng M4 Z32,Module: M4 | Số răng: 32 | Dày: 40mm,,530000
BRT-2268,Bánh răng,Bánh răng thẳng không cùi (Spur Gear),Bánh răng thẳng M4.5 Z32,Module: M4.5 | Số răng: 32 | Dày: 40mm,,760000
BRT-2269,Bánh răng,Bánh răng thẳng không cùi (Spur Gear),Bánh răng thẳng M5 Z32,Module: M5 | Số răng: 32 | Dày: 50mm,,1130000
BRT-2270,Bánh răng,Bánh răng thẳng có cùi (Spur Gear with Hub),Bánh răng thẳng có cùi M1 Z18,Module: M1 | Số răng: 18 | Dày: 20mm,,105000
BRT-2271,Bánh răng,Bánh răng thẳng có cùi (Spur Gear with Hub),Bánh răng thẳng có cùi M1.5 Z18,Module: M1.5 | Số răng: 18 | Dày: 25mm,,110000
BRT-2272,Bánh răng,Bánh răng thẳng có cùi (Spur Gear with Hub),Bánh răng thẳng có cùi M2 Z18,Module: M2 | Số răng: 18 | Dày: 30mm,,175000
BRT-2273,Bánh răng,Bánh răng thẳng có cùi (Spur Gear with Hub),Bánh răng thẳng có cùi M2.5 Z18,Module: M2.5 | Số răng: 18 | Dày: 45mm,,180000
BRT-2274,Bánh răng,Bánh răng thẳng có cùi (Spur Gear with Hub),Bánh răng thẳng có cùi M3 Z18,Module: M3 | Số răng: 18 | Dày: 50mm,,190000
BRT-2275,Bánh răng,Bánh răng thẳng có cùi (Spur Gear with Hub),Bánh răng thẳng có cùi M3.5 Z18,Module: M3.5 | Số răng: 18 | Dày: 50mm,,205000
BRT-2276,Bánh răng,Bánh răng thẳng có cùi (Spur Gear with Hub),Bánh răng thẳng có cùi M4 Z18,Module: M4 | Số răng: 18 | Dày: 60mm,,240000
BRT-2277,Bánh răng,Bánh răng thẳng có cùi (Spur Gear with Hub),Bánh răng thẳng có cùi M4.5 Z18,Module: M4.5 | Số răng: 18 | Dày: 60mm,,350000
BRT-2278,Bánh răng,Bánh răng thẳng có cùi (Spur Gear with Hub),Bánh răng thẳng có cùi M5 Z18,Module: M5 | Số răng: 18 | Dày: 75mm,,485000
BRT-2279,Bánh răng,Bánh răng thẳng có cùi (Spur Gear with Hub),Bánh răng thẳng có cùi M1 Z19,Module: M1 | Số răng: 19 | Dày: 20mm,,110000
BRT-2280,Bánh răng,Bánh răng thẳng có cùi (Spur Gear with Hub),Bánh răng thẳng có cùi M1.5 Z19,Module: M1.5 | Số răng: 19 | Dày: 25mm,,115000
BRT-2281,Bánh răng,Bánh răng thẳng có cùi (Spur Gear with Hub),Bánh răng thẳng có cùi M2 Z19,Module: M2 | Số răng: 19 | Dày: 30mm,,180000
BRT-2282,Bánh răng,Bánh răng thẳng có cùi (Spur Gear with Hub),Bánh răng thẳng có cùi M2.5 Z19,Module: M2.5 | Số răng: 19 | Dày: 45mm,,190000
BRT-2283,Bánh răng,Bánh răng thẳng có cùi (Spur Gear with Hub),Bánh răng thẳng có cùi M3 Z19,Module: M3 | Số răng: 19 | Dày: 50mm,,205000
BRT-2284,Bánh răng,Bánh răng thẳng có cùi (Spur Gear with Hub),Bánh răng thẳng có cùi M3.5 Z19,Module: M3.5 | Số răng: 19 | Dày: 50mm,,215000
BRT-2285,Bánh răng,Bánh răng thẳng có cùi (Spur Gear with Hub),Bánh răng thẳng có cùi M4 Z19,Module: M4 | Số răng: 19 | Dày: 60mm,,265000
BRT-2286,Bánh răng,Bánh răng thẳng có cùi (Spur Gear with Hub),Bánh răng thẳng có cùi M4.5 Z19,Module: M4.5 | Số răng: 19 | Dày: 60mm,,395000
BRT-2287,Bánh răng,Bánh răng thẳng có cùi (Spur Gear with Hub),Bánh răng thẳng có cùi M5 Z19,Module: M5 | Số răng: 19 | Dày: 75mm,,530000
BRT-2288,Bánh răng,Bánh răng thẳng có cùi (Spur Gear with Hub),Bánh răng thẳng có cùi M1 Z20,Module: M1 | Số răng: 20 | Dày: 20mm,,115000
BRT-2289,Bánh răng,Bánh răng thẳng có cùi (Spur Gear with Hub),Bánh răng thẳng có cùi M1.5 Z20,Module: M1.5 | Số răng: 20 | Dày: 25mm,,120000
BRT-2290,Bánh răng,Bánh răng thẳng có cùi (Spur Gear with Hub),Bánh răng thẳng có cùi M2 Z20,Module: M2 | Số răng: 20 | Dày: 30mm,,190000
BRT-2291,Bánh răng,Bánh răng thẳng có cùi (Spur Gear with Hub),Bánh răng thẳng có cùi M2.5 Z20,Module: M2.5 | Số răng: 20 | Dày: 45mm,,210000
BRT-2292,Bánh răng,Bánh răng thẳng có cùi (Spur Gear with Hub),Bánh răng thẳng có cùi M3 Z20,Module: M3 | Số răng: 20 | Dày: 50mm,,220000
BRT-2293,Bánh răng,Bánh răng thẳng có cùi (Spur Gear with Hub),Bánh răng thẳng có cùi M3.5 Z20,Module: M3.5 | Số răng: 20 | Dày: 50mm,,230000
BRT-2294,Bánh răng,Bánh răng thẳng có cùi (Spur Gear with Hub),Bánh răng thẳng có cùi M4 Z20,Module: M4 | Số răng: 20 | Dày: 60mm,,290000
BRT-2295,Bánh răng,Bánh răng thẳng có cùi (Spur Gear with Hub),Bánh răng thẳng có cùi M4.5 Z20,Module: M4.5 | Số răng: 20 | Dày: 60mm,,435000
BRT-2296,Bánh răng,Bánh răng thẳng có cùi (Spur Gear with Hub),Bánh răng thẳng có cùi M5 Z20,Module: M5 | Số răng: 20 | Dày: 75mm,,57000
BRT-2297,Bánh răng,Bánh răng thẳng có cùi (Spur Gear with Hub),Bánh răng thẳng có cùi M1 Z21,Module: M1 | Số răng: 21 | Dày: 20mm,,120000
BRT-2298,Bánh răng,Bánh răng thẳng có cùi (Spur Gear with Hub),Bánh răng thẳng có cùi M1.5 Z21,Module: M1.5 | Số răng: 21 | Dày: 25mm,,125000
BRT-2299,Bánh răng,Bánh răng thẳng có cùi (Spur Gear with Hub),Bánh răng thẳng có cùi M2 Z21,Module: M2 | Số răng: 21 | Dày: 30mm,,190000
BRT-2300,Bánh răng,Bánh răng thẳng có cùi (Spur Gear with Hub),Bánh răng thẳng có cùi M2.5 Z21,Module: M2.5 | Số răng: 21 | Dày: 45mm,,230000
BRT-2301,Bánh răng,Bánh răng thẳng có cùi (Spur Gear with Hub),Bánh răng thẳng có cùi M3 Z21,Module: M3 | Số răng: 21 | Dày: 50mm,,235000
BRT-2302,Bánh răng,Bánh răng thẳng có cùi (Spur Gear with Hub),Bánh răng thẳng có cùi M3.5 Z21,Module: M3.5 | Số răng: 21 | Dày: 50mm,,245000
BRT-2303,Bánh răng,Bánh răng thẳng có cùi (Spur Gear with Hub),Bánh răng thẳng có cùi M4 Z21,Module: M4 | Số răng: 21 | Dày: 60mm,,335000
BRT-2304,Bánh răng,Bánh răng thẳng có cùi (Spur Gear with Hub),Bánh răng thẳng có cùi M4.5 Z21,Module: M4.5 | Số răng: 21 | Dày: 60mm,,490000
BRT-2305,Bánh răng,Bánh răng thẳng có cùi (Spur Gear with Hub),Bánh răng thẳng có cùi M5 Z21,Module: M5 | Số răng: 21 | Dày: 75mm,,615000
BRT-2306,Bánh răng,Bánh răng thẳng có cùi (Spur Gear with Hub),Bánh răng thẳng có cùi M1 Z22,Module: M1 | Số răng: 22 | Dày: 20mm,,15000
BRT-2307,Bánh răng,Bánh răng thẳng có cùi (Spur Gear with Hub),Bánh răng thẳng có cùi M1.5 Z22,Module: M1.5 | Số răng: 22 | Dày: 25mm,,130000
BRT-2308,Bánh răng,Bánh răng thẳng có cùi (Spur Gear with Hub),Bánh răng thẳng có cùi M2 Z22,Module: M2 | Số răng: 22 | Dày: 30mm,,195000
BRT-2309,Bánh răng,Bánh răng thẳng có cùi (Spur Gear with Hub),Bánh răng thẳng có cùi M2.5 Z22,Module: M2.5 | Số răng: 22 | Dày: 45mm,,240000
BRT-2310,Bánh răng,Bánh răng thẳng có cùi (Spur Gear with Hub),Bánh răng thẳng có cùi M3 Z22,Module: M3 | Số răng: 22 | Dày: 50mm,,250000
BRT-2311,Bánh răng,Bánh răng thẳng có cùi (Spur Gear with Hub),Bánh răng thẳng có cùi M3.5 Z22,Module: M3.5 | Số răng: 22 | Dày: 50mm,,265000
BRT-2312,Bánh răng,Bánh răng thẳng có cùi (Spur Gear with Hub),Bánh răng thẳng có cùi M4 Z22,Module: M4 | Số răng: 22 | Dày: 60mm,,350000
BRT-2313,Bánh răng,Bánh răng thẳng có cùi (Spur Gear with Hub),Bánh răng thẳng có cùi M4.5 Z22,Module: M4.5 | Số răng: 22 | Dày: 60mm,,530000
BRT-2314,Bánh răng,Bánh răng thẳng có cùi (Spur Gear with Hub),Bánh răng thẳng có cùi M5 Z22,Module: M5 | Số răng: 22 | Dày: 75mm,,690000
BRT-2315,Bánh răng,Bánh răng thẳng có cùi (Spur Gear with Hub),Bánh răng thẳng có cùi M1 Z23,Module: M1 | Số răng: 23 | Dày: 20mm,,130000
BRT-2316,Bánh răng,Bánh răng thẳng có cùi (Spur Gear with Hub),Bánh răng thẳng có cùi M1.5 Z23,Module: M1.5 | Số răng: 23 | Dày: 25mm,,135000
BRT-2317,Bánh răng,Bánh răng thẳng có cùi (Spur Gear with Hub),Bánh răng thẳng có cùi M2 Z23,Module: M2 | Số răng: 23 | Dày: 30mm,,200000
BRT-2318,Bánh răng,Bánh răng thẳng có cùi (Spur Gear with Hub),Bánh răng thẳng có cùi M2.5 Z23,Module: M2.5 | Số răng: 23 | Dày: 45mm,,245000
BRT-2319,Bánh răng,Bánh răng thẳng có cùi (Spur Gear with Hub),Bánh răng thẳng có cùi M3 Z23,Module: M3 | Số răng: 23 | Dày: 50mm,,275000
BRT-2320,Bánh răng,Bánh răng thẳng có cùi (Spur Gear with Hub),Bánh răng thẳng có cùi M3.5 Z23,Module: M3.5 | Số răng: 23 | Dày: 50mm,,285000
BRT-2321,Bánh răng,Bánh răng thẳng có cùi (Spur Gear with Hub),Bánh răng thẳng có cùi M4 Z23,Module: M4 | Số răng: 23 | Dày: 60mm,,435000
BRT-2322,Bánh răng,Bánh răng thẳng có cùi (Spur Gear with Hub),Bánh răng thẳng có cùi M4.5 Z23,Module: M4.5 | Số răng: 23 | Dày: 60mm,,600000
BRT-2323,Bánh răng,Bánh răng thẳng có cùi (Spur Gear with Hub),Bánh răng thẳng có cùi M5 Z23,Module: M5 | Số răng: 23 | Dày: 75mm,,740000
BRT-2324,Bánh răng,Bánh răng thẳng có cùi (Spur Gear with Hub),Bánh răng thẳng có cùi M1 Z24,Module: M1 | Số răng: 24 | Dày: 20mm,,135000
BRT-2325,Bánh răng,Bánh răng thẳng có cùi (Spur Gear with Hub),Bánh răng thẳng có cùi M1.5 Z24,Module: M1.5 | Số răng: 24 | Dày: 25mm,,140000
BRT-2326,Bánh răng,Bánh răng thẳng có cùi (Spur Gear with Hub),Bánh răng thẳng có cùi M2 Z24,Module: M2 | Số răng: 24 | Dày: 30mm,,200000
BRT-2327,Bánh răng,Bánh răng thẳng có cùi (Spur Gear with Hub),Bánh răng thẳng có cùi M2.5 Z24,Module: M2.5 | Số răng: 24 | Dày: 45mm,,250000
BRT-2328,Bánh răng,Bánh răng thẳng có cùi (Spur Gear with Hub),Bánh răng thẳng có cùi M3 Z24,Module: M3 | Số răng: 24 | Dày: 50mm,,295000
BRT-2329,Bánh răng,Bánh răng thẳng có cùi (Spur Gear with Hub),Bánh răng thẳng có cùi M3.5 Z24,Module: M3.5 | Số răng: 24 | Dày: 50mm,,320000
BRT-2330,Bánh răng,Bánh răng thẳng có cùi (Spur Gear with Hub),Bánh răng thẳng có cùi M4 Z24,Module: M4 | Số răng: 24 | Dày: 60mm,,430000
BRT-2331,Bánh răng,Bánh răng thẳng có cùi (Spur Gear with Hub),Bánh răng thẳng có cùi M4.5 Z24,Module: M4.5 | Số răng: 24 | Dày: 60mm,,630000
BRT-2332,Bánh răng,Bánh răng thẳng có cùi (Spur Gear with Hub),Bánh răng thẳng có cùi M5 Z24,Module: M5 | Số răng: 24 | Dày: 75mm,,815000
BRT-2333,Bánh răng,Bánh răng thẳng có cùi (Spur Gear with Hub),Bánh răng thẳng có cùi M1 Z25,Module: M1 | Số răng: 25 | Dày: 20mm,,140000
BRT-2334,Bánh răng,Bánh răng thẳng có cùi (Spur Gear with Hub),Bánh răng thẳng có cùi M1.5 Z25,Module: M1.5 | Số răng: 25 | Dày: 25mm,,145000
BRT-2335,Bánh răng,Bánh răng thẳng có cùi (Spur Gear with Hub),Bánh răng thẳng có cùi M2 Z25,Module: M2 | Số răng: 25 | Dày: 30mm,,205000
BRT-2336,Bánh răng,Bánh răng thẳng có cùi (Spur Gear with Hub),Bánh răng thẳng có cùi M2.5 Z25,Module: M2.5 | Số răng: 25 | Dày: 45mm,,260000
BRT-2337,Bánh răng,Bánh răng thẳng có cùi (Spur Gear with Hub),Bánh răng thẳng có cùi M3 Z25,Module: M3 | Số răng: 25 | Dày: 50mm,,320000
BRT-2338,Bánh răng,Bánh răng thẳng có cùi (Spur Gear with Hub),Bánh răng thẳng có cùi M3.5 Z25,Module: M3.5 | Số răng: 25 | Dày: 50mm,,340000
BRT-2339,Bánh răng,Bánh răng thẳng có cùi (Spur Gear with Hub),Bánh răng thẳng có cùi M4 Z25,Module: M4 | Số răng: 25 | Dày: 60mm,,470000
BRT-2340,Bánh răng,Bánh răng thẳng có cùi (Spur Gear with Hub),Bánh răng thẳng có cùi M4.5 Z25,Module: M4.5 | Số răng: 25 | Dày: 60mm,,690000
BRT-2341,Bánh răng,Bánh răng thẳng có cùi (Spur Gear with Hub),Bánh răng thẳng có cùi M5 Z25,Module: M5 | Số răng: 25 | Dày: 75mm,,905000
BRT-2342,Bánh răng,Bánh răng thẳng có cùi (Spur Gear with Hub),Bánh răng thẳng có cùi M1 Z26,Module: M1 | Số răng: 26 | Dày: 20mm,,140000
BRT-2343,Bánh răng,Bánh răng thẳng có cùi (Spur Gear with Hub),Bánh răng thẳng có cùi M1.5 Z26,Module: M1.5 | Số răng: 26 | Dày: 25mm,,145000
BRT-2344,Bánh răng,Bánh răng thẳng có cùi (Spur Gear with Hub),Bánh răng thẳng có cùi M2 Z26,Module: M2 | Số răng: 26 | Dày: 30mm,,210000
BRT-2345,Bánh răng,Bánh răng thẳng có cùi (Spur Gear with Hub),Bánh răng thẳng có cùi M2.5 Z26,Module: M2.5 | Số răng: 26 | Dày: 45mm,,275000
BRT-2346,Bánh răng,Bánh răng thẳng có cùi (Spur Gear with Hub),Bánh răng thẳng có cùi M3 Z26,Module: M3 | Số răng: 26 | Dày: 50mm,,340000
BRT-2347,Bánh răng,Bánh răng thẳng có cùi (Spur Gear with Hub),Bánh răng thẳng có cùi M3.5 Z26,Module: M3.5 | Số răng: 26 | Dày: 50mm,,350000
BRT-2348,Bánh răng,Bánh răng thẳng có cùi (Spur Gear with Hub),Bánh răng thẳng có cùi M4 Z26,Module: M4 | Số răng: 26 | Dày: 60mm,,495000
BRT-2349,Bánh răng,Bánh răng thẳng có cùi (Spur Gear with Hub),Bánh răng thẳng có cùi M4.5 Z26,Module: M4.5 | Số răng: 26 | Dày: 60mm,,735000
BRT-2350,Bánh răng,Bánh răng thẳng có cùi (Spur Gear with Hub),Bánh răng thẳng có cùi M5 Z26,Module: M5 | Số răng: 26 | Dày: 75mm,,960000
BRT-2351,Bánh răng,Bánh răng thẳng có cùi (Spur Gear with Hub),Bánh răng thẳng có cùi M1 Z27,Module: M1 | Số răng: 27 | Dày: 20mm,,145000
BRT-2352,Bánh răng,Bánh răng thẳng có cùi (Spur Gear with Hub),Bánh răng thẳng có cùi M1.5 Z27,Module: M1.5 | Số răng: 27 | Dày: 25mm,,150000
BRT-2353,Bánh răng,Bánh răng thẳng có cùi (Spur Gear with Hub),Bánh răng thẳng có cùi M2 Z27,Module: M2 | Số răng: 27 | Dày: 30mm,,210000
BRT-2354,Bánh răng,Bánh răng thẳng có cùi (Spur Gear with Hub),Bánh răng thẳng có cùi M2.5 Z27,Module: M2.5 | Số răng: 27 | Dày: 45mm,,300000
BRT-2355,Bánh răng,Bánh răng thẳng có cùi (Spur Gear with Hub),Bánh răng thẳng có cùi M3 Z27,Module: M3 | Số răng: 27 | Dày: 50mm,,385000
BRT-2356,Bánh răng,Bánh răng thẳng có cùi (Spur Gear with Hub),Bánh răng thẳng có cùi M3.5 Z27,Module: M3.5 | Số răng: 27 | Dày: 50mm,,405000
BRT-2357,Bánh răng,Bánh răng thẳng có cùi (Spur Gear with Hub),Bánh răng thẳng có cùi M4 Z27,Module: M4 | Số răng: 27 | Dày: 60mm,,530000
BRT-2358,Bánh răng,Bánh răng thẳng có cùi (Spur Gear with Hub),Bánh răng thẳng có cùi M4.5 Z27,Module: M4.5 | Số răng: 27 | Dày: 60mm,,790000
BRT-2359,Bánh răng,Bánh răng thẳng có cùi (Spur Gear with Hub),Bánh răng thẳng có cùi M5 Z27,Module: M5 | Số răng: 27 | Dày: 75mm,,1030000
BRT-2360,Bánh răng,Bánh răng thẳng có cùi (Spur Gear with Hub),Bánh răng thẳng có cùi M1 Z28,Module: M1 | Số răng: 28 | Dày: 20mm,,150000
BRT-2361,Bánh răng,Bánh răng thẳng có cùi (Spur Gear with Hub),Bánh răng thẳng có cùi M1.5 Z28,Module: M1.5 | Số răng: 28 | Dày: 25mm,,155000
BRT-2362,Bánh răng,Bánh răng thẳng có cùi (Spur Gear with Hub),Bánh răng thẳng có cùi M2 Z28,Module: M2 | Số răng: 28 | Dày: 30mm,,215000
BRT-2363,Bánh răng,Bánh răng thẳng có cùi (Spur Gear with Hub),Bánh răng thẳng có cùi M2.5 Z28,Module: M2.5 | Số răng: 28 | Dày: 45mm,,325000
BRT-2364,Bánh răng,Bánh răng thẳng có cùi (Spur Gear with Hub),Bánh răng thẳng có cùi M3 Z28,Module: M3 | Số răng: 28 | Dày: 50mm,,405000
BRT-2365,Bánh răng,Bánh răng thẳng có cùi (Spur Gear with Hub),Bánh răng thẳng có cùi M3.5 Z28,Module: M3.5 | Số răng: 28 | Dày: 50mm,,430000
BRT-2366,Bánh răng,Bánh răng thẳng có cùi (Spur Gear with Hub),Bánh răng thẳng có cùi M4 Z28,Module: M4 | Số răng: 28 | Dày: 60mm,,560000
BRT-2367,Bánh răng,Bánh răng thẳng có cùi (Spur Gear with Hub),Bánh răng thẳng có cùi M4.5 Z28,Module: M4.5 | Số răng: 28 | Dày: 60mm,,835000
BRT-2368,Bánh răng,Bánh răng thẳng có cùi (Spur Gear with Hub),Bánh răng thẳng có cùi M5 Z28,Module: M5 | Số răng: 28 | Dày: 75mm,,1120000
BRT-2369,Bánh răng,Bánh răng thẳng có cùi (Spur Gear with Hub),Bánh răng thẳng có cùi M1 Z29,Module: M1 | Số răng: 29 | Dày: 20mm,,150000
BRT-2370,Bánh răng,Bánh răng thẳng có cùi (Spur Gear with Hub),Bánh răng thẳng có cùi M1.5 Z29,Module: M1.5 | Số răng: 29 | Dày: 25mm,,155000
BRT-2371,Bánh răng,Bánh răng thẳng có cùi (Spur Gear with Hub),Bánh răng thẳng có cùi M2 Z29,Module: M2 | Số răng: 29 | Dày: 30mm,,220000
BRT-2372,Bánh răng,Bánh răng thẳng có cùi (Spur Gear with Hub),Bánh răng thẳng có cùi M2.5 Z29,Module: M2.5 | Số răng: 29 | Dày: 45mm,,335000
BRT-2373,Bánh răng,Bánh răng thẳng có cùi (Spur Gear with Hub),Bánh răng thẳng có cùi M3 Z29,Module: M3 | Số răng: 29 | Dày: 50mm,,430000
BRT-2374,Bánh răng,Bánh răng thẳng có cùi (Spur Gear with Hub),Bánh răng thẳng có cùi M3.5 Z29,Module: M3.5 | Số răng: 29 | Dày: 50mm,,450000
BRT-2375,Bánh răng,Bánh răng thẳng có cùi (Spur Gear with Hub),Bánh răng thẳng có cùi M4 Z29,Module: M4 | Số răng: 29 | Dày: 60mm,,595000
BRT-2376,Bánh răng,Bánh răng thẳng có cùi (Spur Gear with Hub),Bánh răng thẳng có cùi M4.5 Z29,Module: M4.5 | Số răng: 29 | Dày: 60mm,,885000
BRT-2377,Bánh răng,Bánh răng thẳng có cùi (Spur Gear with Hub),Bánh răng thẳng có cùi M5 Z29,Module: M5 | Số răng: 29 | Dày: 75mm,,1190000
BRT-2378,Bánh răng,Bánh răng thẳng có cùi (Spur Gear with Hub),Bánh răng thẳng có cùi M1 Z30,Module: M1 | Số răng: 30 | Dày: 20mm,,155000
BRT-2379,Bánh răng,Bánh răng thẳng có cùi (Spur Gear with Hub),Bánh răng thẳng có cùi M1.5 Z30,Module: M1.5 | Số răng: 30 | Dày: 25mm,,160000
BRT-2380,Bánh răng,Bánh răng thẳng có cùi (Spur Gear with Hub),Bánh răng thẳng có cùi M2 Z30,Module: M2 | Số răng: 30 | Dày: 30mm,,235000
BRT-2381,Bánh răng,Bánh răng thẳng có cùi (Spur Gear with Hub),Bánh răng thẳng có cùi M2.5 Z30,Module: M2.5 | Số răng: 30 | Dày: 45mm,,350000
BRT-2382,Bánh răng,Bánh răng thẳng có cùi (Spur Gear with Hub),Bánh răng thẳng có cùi M3 Z30,Module: M3 | Số răng: 30 | Dày: 50mm,,450000
BRT-2383,Bánh răng,Bánh răng thẳng có cùi (Spur Gear with Hub),Bánh răng thẳng có cùi M3.5 Z30,Module: M3.5 | Số răng: 30 | Dày: 50mm,,480000
BRT-2384,Bánh răng,Bánh răng thẳng có cùi (Spur Gear with Hub),Bánh răng thẳng có cùi M4 Z30,Module: M4 | Số răng: 30 | Dày: 60mm,,650000
BRT-2385,Bánh răng,Bánh răng thẳng có cùi (Spur Gear with Hub),Bánh răng thẳng có cùi M4.5 Z30,Module: M4.5 | Số răng: 30 | Dày: 60mm,,945000
BRT-2386,Bánh răng,Bánh răng thẳng có cùi (Spur Gear with Hub),Bánh răng thẳng có cùi M5 Z30,Module: M5 | Số răng: 30 | Dày: 75mm,,1260000
BRT-2387,Bánh răng,Bánh răng thẳng có cùi (Spur Gear with Hub),Bánh răng thẳng có cùi M1 Z31,Module: M1 | Số răng: 31 | Dày: 20mm,,160000
BRT-2388,Bánh răng,Bánh răng thẳng có cùi (Spur Gear with Hub),Bánh răng thẳng có cùi M1.5 Z31,Module: M1.5 | Số răng: 31 | Dày: 25mm,,165000
BRT-2389,Bánh răng,Bánh răng thẳng có cùi (Spur Gear with Hub),Bánh răng thẳng có cùi M2 Z31,Module: M2 | Số răng: 31 | Dày: 30mm,,250000
BRT-2390,Bánh răng,Bánh răng thẳng có cùi (Spur Gear with Hub),Bánh răng thẳng có cùi M2.5 Z31,Module: M2.5 | Số răng: 31 | Dày: 45mm,,370000
BRT-2391,Bánh răng,Bánh răng thẳng có cùi (Spur Gear with Hub),Bánh răng thẳng có cùi M3 Z31,Module: M3 | Số răng: 31 | Dày: 50mm,,475000
BRT-2392,Bánh răng,Bánh răng thẳng có cùi (Spur Gear with Hub),Bánh răng thẳng có cùi M3.5 Z31,Module: M3.5 | Số răng: 31 | Dày: 50mm,,505000
BRT-2393,Bánh răng,Bánh răng thẳng có cùi (Spur Gear with Hub),Bánh răng thẳng có cùi M4 Z31,Module: M4 | Số răng: 31 | Dày: 60mm,,690000
BRT-2394,Bánh răng,Bánh răng thẳng có cùi (Spur Gear with Hub),Bánh răng thẳng có cùi M4.5 Z31,Module: M4.5 | Số răng: 31 | Dày: 60mm,,1000000
BRT-2395,Bánh răng,Bánh răng thẳng có cùi (Spur Gear with Hub),Bánh răng thẳng có cùi M5 Z31,Module: M5 | Số răng: 31 | Dày: 75mm,,1370000
BRT-2396,Bánh răng,Bánh răng thẳng có cùi (Spur Gear with Hub),Bánh răng thẳng có cùi M1 Z32,Module: M1 | Số răng: 32 | Dày: 20mm,,165000
BRT-2397,Bánh răng,Bánh răng thẳng có cùi (Spur Gear with Hub),Bánh răng thẳng có cùi M1.5 Z32,Module: M1.5 | Số răng: 32 | Dày: 25mm,,170000
BRT-2398,Bánh răng,Bánh răng thẳng có cùi (Spur Gear with Hub),Bánh răng thẳng có cùi M2 Z32,Module: M2 | Số răng: 32 | Dày: 30mm,,265000
BRT-2399,Bánh răng,Bánh răng thẳng có cùi (Spur Gear with Hub),Bánh răng thẳng có cùi M2.5 Z32,Module: M2.5 | Số răng: 32 | Dày: 45mm,,400000
BRT-2400,Bánh răng,Bánh răng thẳng có cùi (Spur Gear with Hub),Bánh răng thẳng có cùi M3 Z32,Module: M3 | Số răng: 32 | Dày: 50mm,,480000
BRT-2401,Bánh răng,Bánh răng thẳng có cùi (Spur Gear with Hub),Bánh răng thẳng có cùi M3.5 Z32,Module: M3.5 | Số răng: 32 | Dày: 50mm,,530000
BRT-2402,Bánh răng,Bánh răng thẳng có cùi (Spur Gear with Hub),Bánh răng thẳng có cùi M4 Z32,Module: M4 | Số răng: 32 | Dày: 60mm,,720000
BRT-2403,Bánh răng,Bánh răng thẳng có cùi (Spur Gear with Hub),Bánh răng thẳng có cùi M4.5 Z32,Module: M4.5 | Số răng: 32 | Dày: 60mm,,1050000
BRT-2404,Bánh răng,Bánh răng thẳng có cùi (Spur Gear with Hub),Bánh răng thẳng có cùi M5 Z32,Module: M5 | Số răng: 32 | Dày: 75mm,,1435000
BRC-2405,Bánh răng,Bánh răng côn (Bevel Gear),Bánh răng côn M2 Z20,Module: M2 | Số răng: 20,,175000
BRC-2406,Bánh răng,Bánh răng côn (Bevel Gear),Bánh răng côn M2.5 Z20,Module: M2.5 | Số răng: 20,,175000
BRC-2407,Bánh răng,Bánh răng côn (Bevel Gear),Bánh răng côn M3 Z20,Module: M3 | Số răng: 20,,190000
BRC-2408,Bánh răng,Bánh răng côn (Bevel Gear),Bánh răng côn M2 Z21,Module: M2 | Số răng: 21,,190000
BRC-2409,Bánh răng,Bánh răng côn (Bevel Gear),Bánh răng côn M2.5 Z21,Module: M2.5 | Số răng: 21,,200000
BRC-2410,Bánh răng,Bánh răng côn (Bevel Gear),Bánh răng côn M3 Z21,Module: M3 | Số răng: 21,,200000
BRC-2411,Bánh răng,Bánh răng côn (Bevel Gear),Bánh răng côn M2 Z22,Module: M2 | Số răng: 22,,205000
BRC-2412,Bánh răng,Bánh răng côn (Bevel Gear),Bánh răng côn M2.5 Z22,Module: M2.5 | Số răng: 22,,220000
BRC-2413,Bánh răng,Bánh răng côn (Bevel Gear),Bánh răng côn M3 Z22,Module: M3 | Số răng: 22,,210000
BRC-2414,Bánh răng,Bánh răng côn (Bevel Gear),Bánh răng côn M2 Z23,Module: M2 | Số răng: 23,,210000
BRC-2415,Bánh răng,Bánh răng côn (Bevel Gear),Bánh răng côn M2.5 Z23,Module: M2.5 | Số răng: 23,,230000
BRC-2416,Bánh răng,Bánh răng côn (Bevel Gear),Bánh răng côn M3 Z23,Module: M3 | Số răng: 23,,220000
BRC-2417,Bánh răng,Bánh răng côn (Bevel Gear),Bánh răng côn M2 Z24,Module: M2 | Số răng: 24,,220000
BRC-2418,Bánh răng,Bánh răng côn (Bevel Gear),Bánh răng côn M2.5 Z24,Module: M2.5 | Số răng: 24,,235000
BRC-2419,Bánh răng,Bánh răng côn (Bevel Gear),Bánh răng côn M3 Z24,Module: M3 | Số răng: 24,,240000
BRC-2420,Bánh răng,Bánh răng côn (Bevel Gear),Bánh răng côn M2 Z25,Module: M2 | Số răng: 25,,230000
BRC-2421,Bánh răng,Bánh răng côn (Bevel Gear),Bánh răng côn M2.5 Z25,Module: M2.5 | Số răng: 25,,245000
BRC-2422,Bánh răng,Bánh răng côn (Bevel Gear),Bánh răng côn M3 Z25,Module: M3 | Số răng: 25,,250000
BRC-2423,Bánh răng,Bánh răng côn (Bevel Gear),Bánh răng côn M2 Z26,Module: M2 | Số răng: 26,,235000
BRC-2424,Bánh răng,Bánh răng côn (Bevel Gear),Bánh răng côn M2.5 Z26,Module: M2.5 | Số răng: 26,,260000
BRC-2425,Bánh răng,Bánh răng côn (Bevel Gear),Bánh răng côn M3 Z26,Module: M3 | Số răng: 26,,265000
BRC-2426,Bánh răng,Bánh răng côn (Bevel Gear),Bánh răng côn M2 Z27,Module: M2 | Số răng: 27,,24000
BRC-2427,Bánh răng,Bánh răng côn (Bevel Gear),Bánh răng côn M2.5 Z27,Module: M2.5 | Số răng: 27,,270000
BRC-2428,Bánh răng,Bánh răng côn (Bevel Gear),Bánh răng côn M3 Z27,Module: M3 | Số răng: 27,,275000
BRC-2429,Bánh răng,Bánh răng côn (Bevel Gear),Bánh răng côn M2 Z28,Module: M2 | Số răng: 28,,245000
BRC-2430,Bánh răng,Bánh răng côn (Bevel Gear),Bánh răng côn M2.5 Z28,Module: M2.5 | Số răng: 28,,280000
BRC-2431,Bánh răng,Bánh răng côn (Bevel Gear),Bánh răng côn M3 Z28,Module: M3 | Số răng: 28,,285000
BRC-2432,Bánh răng,Bánh răng côn (Bevel Gear),Bánh răng côn M2 Z29,Module: M2 | Số răng: 29,,250000
BRC-2433,Bánh răng,Bánh răng côn (Bevel Gear),Bánh răng côn M2.5 Z29,Module: M2.5 | Số răng: 29,,285000
BRC-2434,Bánh răng,Bánh răng côn (Bevel Gear),Bánh răng côn M3 Z29,Module: M3 | Số răng: 29,,300000
BRC-2435,Bánh răng,Bánh răng côn (Bevel Gear),Bánh răng côn M2 Z30,Module: M2 | Số răng: 30,,265000
BRC-2436,Bánh răng,Bánh răng côn (Bevel Gear),Bánh răng côn M2.5 Z30,Module: M2.5 | Số răng: 30,,295000
BRC-2437,Bánh răng,Bánh răng côn (Bevel Gear),Bánh răng côn M3 Z30,Module: M3 | Số răng: 30,,310000
BRC-2438,Bánh răng,Bánh răng côn (Bevel Gear),Bánh răng côn M3.5 Z20,Module: M3.5 | Số răng: 20,,230000
BRC-2439,Bánh răng,Bánh răng côn (Bevel Gear),Bánh răng côn M4 Z20,Module: M4 | Số răng: 20,,360000
BRC-2440,Bánh răng,Bánh răng côn (Bevel Gear),Bánh răng côn M3.5 Z21,Module: M3.5 | Số răng: 21,,260000
BRC-2441,Bánh răng,Bánh răng côn (Bevel Gear),Bánh răng côn M3.5 Z22,Module: M3.5 | Số răng: 22,,275000
BRC-2442,Bánh răng,Bánh răng côn (Bevel Gear),Bánh răng côn M4 Z22,Module: M4 | Số răng: 22,,385000
BRC-2443,Bánh răng,Bánh răng côn (Bevel Gear),Bánh răng côn M3.5 Z23,Module: M3.5 | Số răng: 23,,285000
BRC-2444,Bánh răng,Bánh răng côn (Bevel Gear),Bánh răng côn M3.5 Z24,Module: M3.5 | Số răng: 24,,300000
BRC-2445,Bánh răng,Bánh răng côn (Bevel Gear),Bánh răng côn M3.5 Z27,Module: M3.5 | Số răng: 27,,360000
BRC-2446,Bánh răng,Bánh răng côn (Bevel Gear),Bánh răng côn M4 Z27,Module: M4 | Số răng: 27,,590000
BRC-2447,Bánh răng,Bánh răng côn (Bevel Gear),Bánh răng côn M4 Z30,Module: M4 | Số răng: 30,,650000
VM-2448,Vít me & Thanh răng,Vít me (Lead Screw),Vít me Ø16 X 200,Quy cách: 16 X 200mm | Đơn vị: Bộ,,70000
THR-2449,Vít me & Thanh răng,Thanh răng (Rack Gear),Thanh răng M2 x 20,Module: M2 | Dài: 20cm,,375000
VM-2450,Vít me & Thanh răng,Vít me (Lead Screw),Vít me Ø17 X 500,Quy cách: 17 X 500mm | Đơn vị: Bộ,,95000
THR-2451,Vít me & Thanh răng,Thanh răng (Rack Gear),Thanh răng M2 x 25,Module: M2 | Dài: 25cm,,440000
VM-2452,Vít me & Thanh răng,Vít me (Lead Screw),Vít me Ø18 x 200,Quy cách: 18 x 200mm | Đơn vị: Bộ,,75000
THR-2453,Vít me & Thanh răng,Thanh răng (Rack Gear),Thanh răng M2.5 x 20,Module: M2.5 | Dài: 20cm,,385000
VM-2454,Vít me & Thanh răng,Vít me (Lead Screw),Vít me Ø18 x 300,Quy cách: 18 x 300mm | Đơn vị: Bộ,,90000
THR-2455,Vít me & Thanh răng,Thanh răng (Rack Gear),Thanh răng M2.5 x 25,Module: M2.5 | Dài: 25cm,,495000
VM-2456,Vít me & Thanh răng,Vít me (Lead Screw),Vít me Ø18x 500,Quy cách: 18x 500mm | Đơn vị: Bộ,,130000
VM-2457,Vít me & Thanh răng,Vít me (Lead Screw),Vít me Ø18x 1000,Quy cách: 18x 1000mm | Đơn vị: Bộ,,155000
THR-2458,Vít me & Thanh răng,Thanh răng (Rack Gear),Thanh răng M3 x 25,Module: M3 | Dài: 25cm,,515000
VM-2459,Vít me & Thanh răng,Vít me (Lead Screw),Vít me Ø20 x 200,Quy cách: 20 x 200mm | Đơn vị: Bộ,,95000
THR-2460,Vít me & Thanh răng,Thanh răng (Rack Gear),Thanh răng M3 x 30,Module: M3 | Dài: 30cm,,605000
VM-2461,Vít me & Thanh răng,Vít me (Lead Screw),Vít me Ø20 x 300,Quy cách: 20 x 300mm | Đơn vị: Bộ,,105000
THR-2462,Vít me & Thanh răng,Thanh răng (Rack Gear),Thanh răng M3.5 x 20,Module: M3.5 | Dài: 20cm,,750000
VM-2463,Vít me & Thanh răng,Vít me (Lead Screw),Vít me Ø20 x 500,Quy cách: 20 x 500mm | Đơn vị: Bộ,,130000
VM-2464,Vít me & Thanh răng,Vít me (Lead Screw),Vít me Ø20 x 700,Quy cách: 20 x 700mm | Đơn vị: Bộ,,165000
VM-2465,Vít me & Thanh răng,Vít me (Lead Screw),Vít me Ø20x 1000,Quy cách: 20x 1000mm | Đơn vị: Bộ,,210000
VM-2466,Vít me & Thanh răng,Vít me (Lead Screw),Vít me Ø22 x 200,Quy cách: 22 x 200mm | Đơn vị: Bộ,,100000
THR-2467,Vít me & Thanh răng,Thanh răng (Rack Gear),Thanh răng M4 x 40,Module: M4 | Dài: 40cm,,1155000
VM-2468,Vít me & Thanh răng,Vít me (Lead Screw),Vít me Ø22 x 300,Quy cách: 22 x 300mm | Đơn vị: Bộ,,110000
VM-2469,Vít me & Thanh răng,Vít me (Lead Screw),Vít me Ø22 x 500,Quy cách: 22 x 500mm | Đơn vị: Bộ,,155000
VM-2470,Vít me & Thanh răng,Vít me (Lead Screw),Vít me Ø22 x 1000,Quy cách: 22 x 1000mm | Đơn vị: Bộ,,240000
THR-2471,Vít me & Thanh răng,Thanh răng (Rack Gear),Thanh răng M5 x 40,Module: M5 | Dài: 40cm,,1210000
VM-2472,Vít me & Thanh răng,Vít me (Lead Screw),Vít me Ø24 x 200,Quy cách: 24 x 200mm | Đơn vị: Bộ,,120000
THR-2473,Vít me & Thanh răng,Thanh răng (Rack Gear),Thanh răng M1.5 x 16,Module: M1.5 | Dài: 16cm,,360000
VM-2474,Vít me & Thanh răng,Vít me (Lead Screw),Vít me Ø24 x 300,Quy cách: 24 x 300mm | Đơn vị: Bộ,,130000
VM-2475,Vít me & Thanh răng,Vít me (Lead Screw),Vít me Ø24 x 500,Quy cách: 24 x 500mm | Đơn vị: Bộ,,165000
TAN-2476,Vít me & Thanh răng,Con tán vít me,Tán 16 (28 x 3P),Tán 16 (28 x 3P),,22000
VM-2477,Vít me & Thanh răng,Vít me (Lead Screw),Vít me Ø24 x 1000,Quy cách: 24 x 1000mm | Đơn vị: Bộ,,275000
TAN-2478,Vít me & Thanh răng,Con tán vít me,Tán 18 (30 x 3P),Tán 18 (30 x 3P),,22000
VM-2479,Vít me & Thanh răng,Vít me (Lead Screw),Vít me Ø25 x 500,Quy cách: 25 x 500mm | Đơn vị: Bộ,,180000
TAN-2480,Vít me & Thanh răng,Con tán vít me,Tán 20 (30 x 3P),Tán 20 (30 x 3P),,22000
VM-2481,Vít me & Thanh răng,Vít me (Lead Screw),Vít me Ø25 x 1000,Quy cách: 25 x 1000mm | Đơn vị: Bộ,,295000
TAN-2482,Vít me & Thanh răng,Con tán vít me,Tán 22 (32 x 3P),Tán 22 (32 x 3P),,33000
VM-2483,Vít me & Thanh răng,Vít me (Lead Screw),Vít me Ø28 x 200,Quy cách: 28 x 200mm | Đơn vị: Bộ,,155000
TAN-2484,Vít me & Thanh răng,Con tán vít me,Tán 24(34 x 3P5),Tán 24(34 x 3P5),,33000
VM-2485,Vít me & Thanh răng,Vít me (Lead Screw),Vít me Ø28 x 300,Quy cách: 28 x 300mm | Đơn vị: Bộ,,165000
TAN-2486,Vít me & Thanh răng,Con tán vít me,Tán 28 (45 x 3P5),Tán 28 (45 x 3P5),,55000
VM-2487,Vít me & Thanh răng,Vít me (Lead Screw),Vít me Ø28 x 500,Quy cách: 28 x 500mm | Đơn vị: Bộ,,255000
TAN-2488,Vít me & Thanh răng,Con tán vít me,Tán 30 (48 x 3P5),Tán 30 (48 x 3P5),,55000
VM-2489,Vít me & Thanh răng,Vít me (Lead Screw),Vít me Ø28 x 1000,Quy cách: 28 x 1000mm | Đơn vị: Bộ,,405000
TAN-2490,Vít me & Thanh răng,Con tán vít me,Tán 35 (55 x 3P5),Tán 35 (55 x 3P5),,55000
VM-2491,Vít me & Thanh răng,Vít me (Lead Screw),Vít me Ø30 x 200,Quy cách: 30 x 200mm | Đơn vị: Bộ,,145000
VM-2492,Vít me & Thanh răng,Vít me (Lead Screw),Vít me Ø30 x 300,Quy cách: 30 x 300mm | Đơn vị: Bộ,,160000
VM-2493,Vít me & Thanh răng,Vít me (Lead Screw),Vít me Ø30 x 500,Quy cách: 30 x 500mm | Đơn vị: Bộ,,275000
VM-2494,Vít me & Thanh răng,Vít me (Lead Screw),Vít me Ø30 x 1000,Quy cách: 30 x 1000mm | Đơn vị: Bộ,,405000
VM-2495,Vít me & Thanh răng,Vít me (Lead Screw),Vít me Ø35 x 500,Quy cách: 35 x 500mm | Đơn vị: Bộ,,375000
VM-2496,Vít me & Thanh răng,Vít me (Lead Screw),Vít me Ø35 x 1000,Quy cách: 35 x 1000mm | Đơn vị: Bộ,,615000
PHT-2497,Phốt dầu (Oil Seal),Phốt dầu tiêu chuẩn,Phốt dầu 12*25*7,ID: 12mm | OD: 25mm | Rộng: 7mm,,14000
PHT-2498,Phốt dầu (Oil Seal),Phốt dầu tiêu chuẩn,Phốt dầu 18*32*7,ID: 18mm | OD: 32mm | Rộng: 7mm,,15000
PHT-2499,Phốt dầu (Oil Seal),Phốt dầu tiêu chuẩn,Phốt dầu 24*42*7,ID: 24mm | OD: 42mm | Rộng: 7mm,,19000
PHT-2500,Phốt dầu (Oil Seal),Phốt dầu tiêu chuẩn,Phốt dầu 28*38*10,ID: 28mm | OD: 38mm | Rộng: 10mm,,18000
PHT-2501,Phốt dầu (Oil Seal),Phốt dầu tiêu chuẩn,Phốt dầu 12*25*8,ID: 12mm | OD: 25mm | Rộng: 8mm,,14000
PHT-2502,Phốt dầu (Oil Seal),Phốt dầu tiêu chuẩn,Phốt dầu 18*32*8,ID: 18mm | OD: 32mm | Rộng: 8mm,,15000
PHT-2503,Phốt dầu (Oil Seal),Phốt dầu tiêu chuẩn,Phốt dầu 24*45*10,ID: 24mm | OD: 45mm | Rộng: 10mm,,20000
PHT-2504,Phốt dầu (Oil Seal),Phốt dầu tiêu chuẩn,Phốt dầu 28*40*10,ID: 28mm | OD: 40mm | Rộng: 10mm,,18000
PHT-2505,Phốt dầu (Oil Seal),Phốt dầu tiêu chuẩn,Phốt dầu 12*30*7,ID: 12mm | OD: 30mm | Rộng: 7mm,,11000
PHT-2506,Phốt dầu (Oil Seal),Phốt dầu tiêu chuẩn,Phốt dầu 18*35*7,ID: 18mm | OD: 35mm | Rộng: 7mm,,16000
PHT-2507,Phốt dầu (Oil Seal),Phốt dầu tiêu chuẩn,Phốt dầu 24*45*7,ID: 24mm | OD: 45mm | Rộng: 7mm,,20000
PHT-2508,Phốt dầu (Oil Seal),Phốt dầu tiêu chuẩn,Phốt dầu 28*40*7,ID: 28mm | OD: 40mm | Rộng: 7mm,,18000
PHT-2509,Phốt dầu (Oil Seal),Phốt dầu tiêu chuẩn,Phốt dầu 12*32*7,ID: 12mm | OD: 32mm | Rộng: 7mm,,15000
PHT-2510,Phốt dầu (Oil Seal),Phốt dầu tiêu chuẩn,Phốt dầu 18*40*10,ID: 18mm | OD: 40mm | Rộng: 10mm,,18000
PHT-2511,Phốt dầu (Oil Seal),Phốt dầu tiêu chuẩn,Phốt dầu 24*47*7,ID: 24mm | OD: 47mm | Rộng: 7mm,,21000
PHT-2512,Phốt dầu (Oil Seal),Phốt dầu tiêu chuẩn,Phốt dầu 28*42*10,ID: 28mm | OD: 42mm | Rộng: 10mm,,19000
PHT-2513,Phốt dầu (Oil Seal),Phốt dầu tiêu chuẩn,Phốt dầu 14*28*7,ID: 14mm | OD: 28mm | Rộng: 7mm,,14000
PHT-2514,Phốt dầu (Oil Seal),Phốt dầu tiêu chuẩn,Phốt dầu 18*40*7,ID: 18mm | OD: 40mm | Rộng: 7mm,,18000
PHT-2515,Phốt dầu (Oil Seal),Phốt dầu tiêu chuẩn,Phốt dầu 25*35*10,ID: 25mm | OD: 35mm | Rộng: 10mm,,17000
PHT-2516,Phốt dầu (Oil Seal),Phốt dầu tiêu chuẩn,Phốt dầu 28*45*10,ID: 28mm | OD: 45mm | Rộng: 10mm,,17000
PHT-2517,Phốt dầu (Oil Seal),Phốt dầu tiêu chuẩn,Phốt dầu 14*30*10,ID: 14mm | OD: 30mm | Rộng: 10mm,,14000
PHT-2518,Phốt dầu (Oil Seal),Phốt dầu tiêu chuẩn,Phốt dầu 19*28*7,ID: 19mm | OD: 28mm | Rộng: 7mm,,14000
PHT-2519,Phốt dầu (Oil Seal),Phốt dầu tiêu chuẩn,Phốt dầu 25*35*8,ID: 25mm | OD: 35mm | Rộng: 8mm,,16000
PHT-2520,Phốt dầu (Oil Seal),Phốt dầu tiêu chuẩn,Phốt dầu 28*45*7,ID: 28mm | OD: 45mm | Rộng: 7mm,,18000
PHT-2521,Phốt dầu (Oil Seal),Phốt dầu tiêu chuẩn,Phốt dầu 14*32*7,ID: 14mm | OD: 32mm | Rộng: 7mm,,15000
PHT-2522,Phốt dầu (Oil Seal),Phốt dầu tiêu chuẩn,Phốt dầu 19*35*10,ID: 19mm | OD: 35mm | Rộng: 10mm,,16000
PHT-2523,Phốt dầu (Oil Seal),Phốt dầu tiêu chuẩn,Phốt dầu 25*37*7,ID: 25mm | OD: 37mm | Rộng: 7mm,,17000
PHT-2524,Phốt dầu (Oil Seal),Phốt dầu tiêu chuẩn,Phốt dầu 28*45*8,ID: 28mm | OD: 45mm | Rộng: 8mm,,20000
PHT-2525,Phốt dầu (Oil Seal),Phốt dầu tiêu chuẩn,Phốt dầu 14*35*10,ID: 14mm | OD: 35mm | Rộng: 10mm,,16000
PHT-2526,Phốt dầu (Oil Seal),Phốt dầu tiêu chuẩn,Phốt dầu 20*30*7,ID: 20mm | OD: 30mm | Rộng: 7mm,,14000
PHT-2527,Phốt dầu (Oil Seal),Phốt dầu tiêu chuẩn,Phốt dầu 25*38*10,ID: 25mm | OD: 38mm | Rộng: 10mm,,18000
PHT-2528,Phốt dầu (Oil Seal),Phốt dầu tiêu chuẩn,Phốt dầu 28*47*10,ID: 28mm | OD: 47mm | Rộng: 10mm,,21000
PHT-2529,Phốt dầu (Oil Seal),Phốt dầu tiêu chuẩn,Phốt dầu 14*35*7,ID: 14mm | OD: 35mm | Rộng: 7mm,,16000
PHT-2530,Phốt dầu (Oil Seal),Phốt dầu tiêu chuẩn,Phốt dầu 20*32*8,ID: 20mm | OD: 32mm | Rộng: 8mm,,16000
PHT-2531,Phốt dầu (Oil Seal),Phốt dầu tiêu chuẩn,Phốt dầu 25*38*7,ID: 25mm | OD: 38mm | Rộng: 7mm,,18000
PHT-2532,Phốt dầu (Oil Seal),Phốt dầu tiêu chuẩn,Phốt dầu 28*48*10,ID: 28mm | OD: 48mm | Rộng: 10mm,,24000
PHT-2533,Phốt dầu (Oil Seal),Phốt dầu tiêu chuẩn,Phốt dầu 15*25*5,ID: 15mm | OD: 25mm | Rộng: 5mm,,14000
PHT-2534,Phốt dầu (Oil Seal),Phốt dầu tiêu chuẩn,Phốt dầu 20*35*6,ID: 20mm | OD: 35mm | Rộng: 6mm,,16000
PHT-2535,Phốt dầu (Oil Seal),Phốt dầu tiêu chuẩn,Phốt dầu 25*38*8,ID: 25mm | OD: 38mm | Rộng: 8mm,,18000
PHT-2536,Phốt dầu (Oil Seal),Phốt dầu tiêu chuẩn,Phốt dầu 28*48*8,ID: 28mm | OD: 48mm | Rộng: 8mm,,24000
PHT-2537,Phốt dầu (Oil Seal),Phốt dầu tiêu chuẩn,Phốt dầu 15*28*11,ID: 15mm | OD: 28mm | Rộng: 11mm,,14000
PHT-2538,Phốt dầu (Oil Seal),Phốt dầu tiêu chuẩn,Phốt dầu 20*36*7,ID: 20mm | OD: 36mm | Rộng: 7mm,,16000
PHT-2539,Phốt dầu (Oil Seal),Phốt dầu tiêu chuẩn,Phốt dầu 25*40*10,ID: 25mm | OD: 40mm | Rộng: 10mm,,18000
PHT-2540,Phốt dầu (Oil Seal),Phốt dầu tiêu chuẩn,Phốt dầu 28*50*8,ID: 28mm | OD: 50mm | Rộng: 8mm,,19000
PHT-2541,Phốt dầu (Oil Seal),Phốt dầu tiêu chuẩn,Phốt dầu 15*28*7,ID: 15mm | OD: 28mm | Rộng: 7mm,,14000
PHT-2542,Phốt dầu (Oil Seal),Phốt dầu tiêu chuẩn,Phốt dầu 20*36*8,ID: 20mm | OD: 36mm | Rộng: 8mm,,16000
PHT-2543,Phốt dầu (Oil Seal),Phốt dầu tiêu chuẩn,Phốt dầu 25*40*5,ID: 25mm | OD: 40mm | Rộng: 5mm,,18000
PHT-2544,Phốt dầu (Oil Seal),Phốt dầu tiêu chuẩn,Phốt dầu 28*52*10,ID: 28mm | OD: 52mm | Rộng: 10mm,,20000
PHT-2545,Phốt dầu (Oil Seal),Phốt dầu tiêu chuẩn,Phốt dầu 15*30*10,ID: 15mm | OD: 30mm | Rộng: 10mm,,14000
PHT-2546,Phốt dầu (Oil Seal),Phốt dầu tiêu chuẩn,Phốt dầu 20*37*7,ID: 20mm | OD: 37mm | Rộng: 7mm,,17000
PHT-2547,Phốt dầu (Oil Seal),Phốt dầu tiêu chuẩn,Phốt dầu 25*40*7,ID: 25mm | OD: 40mm | Rộng: 7mm,,18000
PHT-2548,Phốt dầu (Oil Seal),Phốt dầu tiêu chuẩn,Phốt dầu 28*52*7,ID: 28mm | OD: 52mm | Rộng: 7mm,,20000
PHT-2549,Phốt dầu (Oil Seal),Phốt dầu tiêu chuẩn,Phốt dầu 15*30*7,ID: 15mm | OD: 30mm | Rộng: 7mm,,14000
PHT-2550,Phốt dầu (Oil Seal),Phốt dầu tiêu chuẩn,Phốt dầu 20*38*10,ID: 20mm | OD: 38mm | Rộng: 10mm,,18000
PHT-2551,Phốt dầu (Oil Seal),Phốt dầu tiêu chuẩn,Phốt dầu 25*40*8,ID: 25mm | OD: 40mm | Rộng: 8mm,,18000
PHT-2552,Phốt dầu (Oil Seal),Phốt dầu tiêu chuẩn,Phốt dầu 28*62*8,ID: 28mm | OD: 62mm | Rộng: 8mm,,25000
PHT-2553,Phốt dầu (Oil Seal),Phốt dầu tiêu chuẩn,Phốt dầu 15*30*8,ID: 15mm | OD: 30mm | Rộng: 8mm,,14000
PHT-2554,Phốt dầu (Oil Seal),Phốt dầu tiêu chuẩn,Phốt dầu 20*38*7,ID: 20mm | OD: 38mm | Rộng: 7mm,,18000
PHT-2555,Phốt dầu (Oil Seal),Phốt dầu tiêu chuẩn,Phốt dầu 25*42*10,ID: 25mm | OD: 42mm | Rộng: 10mm,,19000
PHT-2556,Phốt dầu (Oil Seal),Phốt dầu tiêu chuẩn,Phốt dầu 29*42*7,ID: 29mm | OD: 42mm | Rộng: 7mm,,19000
PHT-2557,Phốt dầu (Oil Seal),Phốt dầu tiêu chuẩn,Phốt dầu 15*32*10,ID: 15mm | OD: 32mm | Rộng: 10mm,,13000
PHT-2558,Phốt dầu (Oil Seal),Phốt dầu tiêu chuẩn,Phốt dầu 20*38*8,ID: 20mm | OD: 38mm | Rộng: 8mm,,18000
PHT-2559,Phốt dầu (Oil Seal),Phốt dầu tiêu chuẩn,Phốt dầu 25*42*7,ID: 25mm | OD: 42mm | Rộng: 7mm,,19000
PHT-2560,Phốt dầu (Oil Seal),Phốt dầu tiêu chuẩn,Phốt dầu 30*40*10,ID: 30mm | OD: 40mm | Rộng: 10mm,,15000
PHT-2561,Phốt dầu (Oil Seal),Phốt dầu tiêu chuẩn,Phốt dầu 15*35*10,ID: 15mm | OD: 35mm | Rộng: 10mm,,16000
PHT-2562,Phốt dầu (Oil Seal),Phốt dầu tiêu chuẩn,Phốt dầu 20*40*10,ID: 20mm | OD: 40mm | Rộng: 10mm,,18000
PHT-2563,Phốt dầu (Oil Seal),Phốt dầu tiêu chuẩn,Phốt dầu 25*42*8,ID: 25mm | OD: 42mm | Rộng: 8mm,,19000
PHT-2564,Phốt dầu (Oil Seal),Phốt dầu tiêu chuẩn,Phốt dầu 30*42*5,ID: 30mm | OD: 42mm | Rộng: 5mm,,19000
PHT-2565,Phốt dầu (Oil Seal),Phốt dầu tiêu chuẩn,Phốt dầu 15*35*7,ID: 15mm | OD: 35mm | Rộng: 7mm,,16000
PHT-2566,Phốt dầu (Oil Seal),Phốt dầu tiêu chuẩn,Phốt dầu 20*42*10,ID: 20mm | OD: 42mm | Rộng: 10mm,,19000
PHT-2567,Phốt dầu (Oil Seal),Phốt dầu tiêu chuẩn,Phốt dầu 25*45*10,ID: 25mm | OD: 45mm | Rộng: 10mm,,21000
PHT-2568,Phốt dầu (Oil Seal),Phốt dầu tiêu chuẩn,Phốt dầu 30*42*8,ID: 30mm | OD: 42mm | Rộng: 8mm,,17000
PHT-2569,Phốt dầu (Oil Seal),Phốt dầu tiêu chuẩn,Phốt dầu 15*35*8,ID: 15mm | OD: 35mm | Rộng: 8mm,,17000
PHT-2570,Phốt dầu (Oil Seal),Phốt dầu tiêu chuẩn,Phốt dầu 20*42*12,ID: 20mm | OD: 42mm | Rộng: 12mm,,24000
PHT-2571,Phốt dầu (Oil Seal),Phốt dầu tiêu chuẩn,Phốt dầu 25*45*7,ID: 25mm | OD: 45mm | Rộng: 7mm,,20000
PHT-2572,Phốt dầu (Oil Seal),Phốt dầu tiêu chuẩn,Phốt dầu 30*45*12,ID: 30mm | OD: 45mm | Rộng: 12mm,,20000
PHT-2573,Phốt dầu (Oil Seal),Phốt dầu tiêu chuẩn,Phốt dầu 15*42*10,ID: 15mm | OD: 42mm | Rộng: 10mm,,24000
PHT-2574,Phốt dầu (Oil Seal),Phốt dầu tiêu chuẩn,Phốt dầu 20*42*6,ID: 20mm | OD: 42mm | Rộng: 6mm,,19000
PHT-2575,Phốt dầu (Oil Seal),Phốt dầu tiêu chuẩn,Phốt dầu 25*45*8,ID: 25mm | OD: 45mm | Rộng: 8mm,,20000
PHT-2576,Phốt dầu (Oil Seal),Phốt dầu tiêu chuẩn,Phốt dầu 30*45*7,ID: 30mm | OD: 45mm | Rộng: 7mm,,17000
PHT-2577,Phốt dầu (Oil Seal),Phốt dầu tiêu chuẩn,Phốt dầu 15*42*7,ID: 15mm | OD: 42mm | Rộng: 7mm,,19000
PHT-2578,Phốt dầu (Oil Seal),Phốt dầu tiêu chuẩn,Phốt dầu 20*42*7,ID: 20mm | OD: 42mm | Rộng: 7mm,,19000
PHT-2579,Phốt dầu (Oil Seal),Phốt dầu tiêu chuẩn,Phốt dầu 25*47*10,ID: 25mm | OD: 47mm | Rộng: 10mm,,21000
PHT-2580,Phốt dầu (Oil Seal),Phốt dầu tiêu chuẩn,Phốt dầu 30*45*8,ID: 30mm | OD: 45mm | Rộng: 8mm,,17000
PHT-2581,Phốt dầu (Oil Seal),Phốt dầu tiêu chuẩn,Phốt dầu 16*24*7,ID: 16mm | OD: 24mm | Rộng: 7mm,,14000
PHT-2582,Phốt dầu (Oil Seal),Phốt dầu tiêu chuẩn,Phốt dầu 20*42*8,ID: 20mm | OD: 42mm | Rộng: 8mm,,19000
PHT-2583,Phốt dầu (Oil Seal),Phốt dầu tiêu chuẩn,Phốt dầu 25*47*7,ID: 25mm | OD: 47mm | Rộng: 7mm,,21000
PHT-2584,Phốt dầu (Oil Seal),Phốt dầu tiêu chuẩn,Phốt dầu 30*47*12,ID: 30mm | OD: 47mm | Rộng: 12mm,,21000
PHT-2585,Phốt dầu (Oil Seal),Phốt dầu tiêu chuẩn,Phốt dầu 16*28*7,ID: 16mm | OD: 28mm | Rộng: 7mm,,14000
PHT-2586,Phốt dầu (Oil Seal),Phốt dầu tiêu chuẩn,Phốt dầu 20*45*10,ID: 20mm | OD: 45mm | Rộng: 10mm,,20000
PHT-2587,Phốt dầu (Oil Seal),Phốt dầu tiêu chuẩn,Phốt dầu 25*50*10,ID: 25mm | OD: 50mm | Rộng: 10mm,,19000
PHT-2588,Phốt dầu (Oil Seal),Phốt dầu tiêu chuẩn,Phốt dầu 30*48*10,ID: 30mm | OD: 48mm | Rộng: 10mm,,19000
PHT-2589,Phốt dầu (Oil Seal),Phốt dầu tiêu chuẩn,Phốt dầu 16*30*10,ID: 16mm | OD: 30mm | Rộng: 10mm,,14000
PHT-2590,Phốt dầu (Oil Seal),Phốt dầu tiêu chuẩn,Phốt dầu 20*45*8,ID: 20mm | OD: 45mm | Rộng: 8mm,,20000
PHT-2591,Phốt dầu (Oil Seal),Phốt dầu tiêu chuẩn,Phốt dầu 25*50*7,ID: 25mm | OD: 50mm | Rộng: 7mm,,19000
PHT-2592,Phốt dầu (Oil Seal),Phốt dầu tiêu chuẩn,Phốt dầu 30*48*7,ID: 30mm | OD: 48mm | Rộng: 7mm,,19000
PHT-2593,Phốt dầu (Oil Seal),Phốt dầu tiêu chuẩn,Phốt dầu 16*30*7,ID: 16mm | OD: 30mm | Rộng: 7mm,,14000
PHT-2594,Phốt dầu (Oil Seal),Phốt dầu tiêu chuẩn,Phốt dầu 20*47*7,ID: 20mm | OD: 47mm | Rộng: 7mm,,21000
PHT-2595,Phốt dầu (Oil Seal),Phốt dầu tiêu chuẩn,Phốt dầu 25*50*8,ID: 25mm | OD: 50mm | Rộng: 8mm,,19000
PHT-2596,Phốt dầu (Oil Seal),Phốt dầu tiêu chuẩn,Phốt dầu 30*48*8,ID: 30mm | OD: 48mm | Rộng: 8mm,,20000
PHT-2597,Phốt dầu (Oil Seal),Phốt dầu tiêu chuẩn,Phốt dầu 16*30*8,ID: 16mm | OD: 30mm | Rộng: 8mm,,14000
PHT-2598,Phốt dầu (Oil Seal),Phốt dầu tiêu chuẩn,Phốt dầu 20*50*10,ID: 20mm | OD: 50mm | Rộng: 10mm,,24000
PHT-2599,Phốt dầu (Oil Seal),Phốt dầu tiêu chuẩn,Phốt dầu 25*52*10,ID: 25mm | OD: 52mm | Rộng: 10mm,,29000
PHT-2600,Phốt dầu (Oil Seal),Phốt dầu tiêu chuẩn,Phốt dầu 30*50*10,ID: 30mm | OD: 50mm | Rộng: 10mm,,24000
PHT-2601,Phốt dầu (Oil Seal),Phốt dầu tiêu chuẩn,Phốt dầu 16*35*10,ID: 16mm | OD: 35mm | Rộng: 10mm,,14000
PHT-2602,Phốt dầu (Oil Seal),Phốt dầu tiêu chuẩn,Phốt dầu 20*50*8,ID: 20mm | OD: 50mm | Rộng: 8mm,,19000
PHT-2603,Phốt dầu (Oil Seal),Phốt dầu tiêu chuẩn,Phốt dầu 25*52*12,ID: 25mm | OD: 52mm | Rộng: 12mm,,25000
PHT-2604,Phốt dầu (Oil Seal),Phốt dầu tiêu chuẩn,Phốt dầu 30*50*12,ID: 30mm | OD: 50mm | Rộng: 12mm,,19000
PHT-2605,Phốt dầu (Oil Seal),Phốt dầu tiêu chuẩn,Phốt dầu 16*35*8,ID: 16mm | OD: 35mm | Rộng: 8mm,,14000
PHT-2606,Phốt dầu (Oil Seal),Phốt dầu tiêu chuẩn,Phốt dầu 20*52*10,ID: 20mm | OD: 52mm | Rộng: 10mm,,24000
PHT-2607,Phốt dầu (Oil Seal),Phốt dầu tiêu chuẩn,Phốt dầu 25*52*7,ID: 25mm | OD: 52mm | Rộng: 7mm,,24000
PHT-2608,Phốt dầu (Oil Seal),Phốt dầu tiêu chuẩn,Phốt dầu 30*50*7,ID: 30mm | OD: 50mm | Rộng: 7mm,,24000
PHT-2609,Phốt dầu (Oil Seal),Phốt dầu tiêu chuẩn,Phốt dầu 16*40*10,ID: 16mm | OD: 40mm | Rộng: 10mm,,16000
PHT-2610,Phốt dầu (Oil Seal),Phốt dầu tiêu chuẩn,Phốt dầu 22*32*8,ID: 22mm | OD: 32mm | Rộng: 8mm,,15000
PHT-2611,Phốt dầu (Oil Seal),Phốt dầu tiêu chuẩn,Phốt dầu 25*55*10,ID: 25mm | OD: 55mm | Rộng: 10mm,,26000
PHT-2612,Phốt dầu (Oil Seal),Phốt dầu tiêu chuẩn,Phốt dầu 30*50*8,ID: 30mm | OD: 50mm | Rộng: 8mm,,24000
PHT-2613,Phốt dầu (Oil Seal),Phốt dầu tiêu chuẩn,Phốt dầu 17*27*7,ID: 17mm | OD: 27mm | Rộng: 7mm,,14000
PHT-2614,Phốt dầu (Oil Seal),Phốt dầu tiêu chuẩn,Phốt dầu 22*35*7,ID: 22mm | OD: 35mm | Rộng: 7mm,,16000
PHT-2615,Phốt dầu (Oil Seal),Phốt dầu tiêu chuẩn,Phốt dầu 25*55*12,ID: 25mm | OD: 55mm | Rộng: 12mm,,21000
PHT-2616,Phốt dầu (Oil Seal),Phốt dầu tiêu chuẩn,Phốt dầu 30*52*10,ID: 30mm | OD: 52mm | Rộng: 10mm,,20000
PHT-2617,Phốt dầu (Oil Seal),Phốt dầu tiêu chuẩn,Phốt dầu 17*28*7,ID: 17mm | OD: 28mm | Rộng: 7mm,,14000
PHT-2618,Phốt dầu (Oil Seal),Phốt dầu tiêu chuẩn,Phốt dầu 22*35*8,ID: 22mm | OD: 35mm | Rộng: 8mm,,16000
PHT-2619,Phốt dầu (Oil Seal),Phốt dầu tiêu chuẩn,Phốt dầu 25*55*8,ID: 25mm | OD: 55mm | Rộng: 8mm,,26000
PHT-2620,Phốt dầu (Oil Seal),Phốt dầu tiêu chuẩn,Phốt dầu 30*52*12,ID: 30mm | OD: 52mm | Rộng: 12mm,,24000
PHT-2621,Phốt dầu (Oil Seal),Phốt dầu tiêu chuẩn,Phốt dầu 17*30*10,ID: 17mm | OD: 30mm | Rộng: 10mm,,14000
PHT-2622,Phốt dầu (Oil Seal),Phốt dầu tiêu chuẩn,Phốt dầu 22*38*10,ID: 22mm | OD: 38mm | Rộng: 10mm,,15000
PHT-2623,Phốt dầu (Oil Seal),Phốt dầu tiêu chuẩn,Phốt dầu 25*62*10,ID: 25mm | OD: 62mm | Rộng: 10mm,,24000
PHT-2624,Phốt dầu (Oil Seal),Phốt dầu tiêu chuẩn,Phốt dầu 30*55*10,ID: 30mm | OD: 55mm | Rộng: 10mm,,26000
PHT-2625,Phốt dầu (Oil Seal),Phốt dầu tiêu chuẩn,Phốt dầu 17*30*5,ID: 17mm | OD: 30mm | Rộng: 5mm,,14000
PHT-2626,Phốt dầu (Oil Seal),Phốt dầu tiêu chuẩn,Phốt dầu 22*38*7,ID: 22mm | OD: 38mm | Rộng: 7mm,,18000
PHT-2627,Phốt dầu (Oil Seal),Phốt dầu tiêu chuẩn,Phốt dầu 25*62*12,ID: 25mm | OD: 62mm | Rộng: 12mm,,28000
PHT-2628,Phốt dầu (Oil Seal),Phốt dầu tiêu chuẩn,Phốt dầu 30*55*12,ID: 30mm | OD: 55mm | Rộng: 12mm,,26000
PHT-2629,Phốt dầu (Oil Seal),Phốt dầu tiêu chuẩn,Phốt dầu 17*30*8,ID: 17mm | OD: 30mm | Rộng: 8mm,,14000
PHT-2630,Phốt dầu (Oil Seal),Phốt dầu tiêu chuẩn,Phốt dầu 22*38*8,ID: 22mm | OD: 38mm | Rộng: 8mm,,18000
PHT-2631,Phốt dầu (Oil Seal),Phốt dầu tiêu chuẩn,Phốt dầu 25*62*7,ID: 25mm | OD: 62mm | Rộng: 7mm,,25000
PHT-2632,Phốt dầu (Oil Seal),Phốt dầu tiêu chuẩn,Phốt dầu 30*55*8,ID: 30mm | OD: 55mm | Rộng: 8mm,,26000
PHT-2633,Phốt dầu (Oil Seal),Phốt dầu tiêu chuẩn,Phốt dầu 17*32*7,ID: 17mm | OD: 32mm | Rộng: 7mm,,15000
PHT-2634,Phốt dầu (Oil Seal),Phốt dầu tiêu chuẩn,Phốt dầu 22*40*10,ID: 22mm | OD: 40mm | Rộng: 10mm,,16000
PHT-2635,Phốt dầu (Oil Seal),Phốt dầu tiêu chuẩn,Phốt dầu 25*62*8,ID: 25mm | OD: 62mm | Rộng: 8mm,,25000
PHT-2636,Phốt dầu (Oil Seal),Phốt dầu tiêu chuẩn,Phốt dầu 30*58*10,ID: 30mm | OD: 58mm | Rộng: 10mm,,27000
PHT-2637,Phốt dầu (Oil Seal),Phốt dầu tiêu chuẩn,Phốt dầu 17*32*8,ID: 17mm | OD: 32mm | Rộng: 8mm,,15000
PHT-2638,Phốt dầu (Oil Seal),Phốt dầu tiêu chuẩn,Phốt dầu 22*40*8,ID: 22mm | OD: 40mm | Rộng: 8mm,,18000
PHT-2639,Phốt dầu (Oil Seal),Phốt dầu tiêu chuẩn,Phốt dầu 26*37*7,ID: 26mm | OD: 37mm | Rộng: 7mm,,18000
PHT-2640,Phốt dầu (Oil Seal),Phốt dầu tiêu chuẩn,Phốt dầu 30*60*10,ID: 30mm | OD: 60mm | Rộng: 10mm,,22000
PHT-2641,Phốt dầu (Oil Seal),Phốt dầu tiêu chuẩn,Phốt dầu 17*35*10,ID: 17mm | OD: 35mm | Rộng: 10mm,,16000
PHT-2642,Phốt dầu (Oil Seal),Phốt dầu tiêu chuẩn,Phốt dầu 22*42*10,ID: 22mm | OD: 42mm | Rộng: 10mm,,19000
PHT-2643,Phốt dầu (Oil Seal),Phốt dầu tiêu chuẩn,Phốt dầu 26*47*10,ID: 26mm | OD: 47mm | Rộng: 10mm,,18000
PHT-2644,Phốt dầu (Oil Seal),Phốt dầu tiêu chuẩn,Phốt dầu 30*60*12,ID: 30mm | OD: 60mm | Rộng: 12mm,,27000
PHT-2645,Phốt dầu (Oil Seal),Phốt dầu tiêu chuẩn,Phốt dầu 17*35*8,ID: 17mm | OD: 35mm | Rộng: 8mm,,16000
PHT-2646,Phốt dầu (Oil Seal),Phốt dầu tiêu chuẩn,Phốt dầu 22*42*11,ID: 22mm | OD: 42mm | Rộng: 11mm,,21000
PHT-2647,Phốt dầu (Oil Seal),Phốt dầu tiêu chuẩn,Phốt dầu 26*47*7,ID: 26mm | OD: 47mm | Rộng: 7mm,,21000
PHT-2648,Phốt dầu (Oil Seal),Phốt dầu tiêu chuẩn,Phốt dầu 30*60*8,ID: 30mm | OD: 60mm | Rộng: 8mm,,22000
PHT-2649,Phốt dầu (Oil Seal),Phốt dầu tiêu chuẩn,Phốt dầu 17*40*10,ID: 17mm | OD: 40mm | Rộng: 10mm,,16000
PHT-2650,Phốt dầu (Oil Seal),Phốt dầu tiêu chuẩn,Phốt dầu 22*42*8,ID: 22mm | OD: 42mm | Rộng: 8mm,,19000
PHT-2651,Phốt dầu (Oil Seal),Phốt dầu tiêu chuẩn,Phốt dầu 27*37*7,ID: 27mm | OD: 37mm | Rộng: 7mm,,18000
PHT-2652,Phốt dầu (Oil Seal),Phốt dầu tiêu chuẩn,Phốt dầu 30*62*10,ID: 30mm | OD: 62mm | Rộng: 10mm,,24000
PHT-2653,Phốt dầu (Oil Seal),Phốt dầu tiêu chuẩn,Phốt dầu 17*40*7,ID: 17mm | OD: 40mm | Rộng: 7mm,,18000
PHT-2654,Phốt dầu (Oil Seal),Phốt dầu tiêu chuẩn,Phốt dầu 22*45*7,ID: 22mm | OD: 45mm | Rộng: 7mm,,20000
PHT-2655,Phốt dầu (Oil Seal),Phốt dầu tiêu chuẩn,Phốt dầu 27*38*10,ID: 27mm | OD: 38mm | Rộng: 10mm,,18000
PHT-2656,Phốt dầu (Oil Seal),Phốt dầu tiêu chuẩn,Phốt dầu 30*62*12,ID: 30mm | OD: 62mm | Rộng: 12mm,,25000
PHT-2657,Phốt dầu (Oil Seal),Phốt dầu tiêu chuẩn,Phốt dầu 18*30*7,ID: 18mm | OD: 30mm | Rộng: 7mm,,14000
PHT-2658,Phốt dầu (Oil Seal),Phốt dầu tiêu chuẩn,Phốt dầu 22*47*10,ID: 22mm | OD: 47mm | Rộng: 10mm,,21000
PHT-2659,Phốt dầu (Oil Seal),Phốt dầu tiêu chuẩn,Phốt dầu 27*40*7,ID: 27mm | OD: 40mm | Rộng: 7mm,,18000
PHT-2660,Phốt dầu (Oil Seal),Phốt dầu tiêu chuẩn,Phốt dầu 30*62*7,ID: 30mm | OD: 62mm | Rộng: 7mm,,25000
PHT-2661,Phốt dầu (Oil Seal),Phốt dầu tiêu chuẩn,Phốt dầu 18*30*8,ID: 18mm | OD: 30mm | Rộng: 8mm,,14000
PHT-2662,Phốt dầu (Oil Seal),Phốt dầu tiêu chuẩn,Phốt dầu 24*40*7,ID: 24mm | OD: 40mm | Rộng: 7mm,,18000
PHT-2663,Phốt dầu (Oil Seal),Phốt dầu tiêu chuẩn,Phốt dầu 28*35*8,ID: 28mm | OD: 35mm | Rộng: 8mm,,18000
PHT-2664,Phốt dầu (Oil Seal),Phốt dầu tiêu chuẩn,Phốt dầu 30*62*8,ID: 30mm | OD: 62mm | Rộng: 8mm,,28000
PHT-2665,Phốt dầu (Oil Seal),Phốt dầu tiêu chuẩn,Phốt dầu 30*65*10,ID: 30mm | OD: 65mm | Rộng: 10mm,,30000
PHT-2666,Phốt dầu (Oil Seal),Phốt dầu tiêu chuẩn,Phốt dầu 35*60*10,ID: 35mm | OD: 60mm | Rộng: 10mm,,27000
PHT-2667,Phốt dầu (Oil Seal),Phốt dầu tiêu chuẩn,Phốt dầu 40*56*7,ID: 40mm | OD: 56mm | Rộng: 7mm,,22000
PHT-2668,Phốt dầu (Oil Seal),Phốt dầu tiêu chuẩn,Phốt dầu 42*72*8,ID: 42mm | OD: 72mm | Rộng: 8mm,,27000
PHT-2669,Phốt dầu (Oil Seal),Phốt dầu tiêu chuẩn,Phốt dầu 30*65*12,ID: 30mm | OD: 65mm | Rộng: 12mm,,30000
PHT-2670,Phốt dầu (Oil Seal),Phốt dầu tiêu chuẩn,Phốt dầu 35*60*12,ID: 35mm | OD: 60mm | Rộng: 12mm,,27000
PHT-2671,Phốt dầu (Oil Seal),Phốt dầu tiêu chuẩn,Phốt dầu 40*56*8,ID: 40mm | OD: 56mm | Rộng: 8mm,,26000
PHT-2672,Phốt dầu (Oil Seal),Phốt dầu tiêu chuẩn,Phốt dầu 44*62*10,ID: 44mm | OD: 62mm | Rộng: 10mm,,28000
PHT-2673,Phốt dầu (Oil Seal),Phốt dầu tiêu chuẩn,Phốt dầu 30*70*10,ID: 30mm | OD: 70mm | Rộng: 10mm,,38000
PHT-2674,Phốt dầu (Oil Seal),Phốt dầu tiêu chuẩn,Phốt dầu 35*60*8,ID: 35mm | OD: 60mm | Rộng: 8mm,,27000
PHT-2675,Phốt dầu (Oil Seal),Phốt dầu tiêu chuẩn,Phốt dầu 40*58*10,ID: 40mm | OD: 58mm | Rộng: 10mm,,27000
PHT-2676,Phốt dầu (Oil Seal),Phốt dầu tiêu chuẩn,Phốt dầu 44*62*12,ID: 44mm | OD: 62mm | Rộng: 12mm,,25000
PHT-2677,Phốt dầu (Oil Seal),Phốt dầu tiêu chuẩn,Phốt dầu 30*72*10,ID: 30mm | OD: 72mm | Rộng: 10mm,,39000
PHT-2678,Phốt dầu (Oil Seal),Phốt dầu tiêu chuẩn,Phốt dầu 35*62*10,ID: 35mm | OD: 62mm | Rộng: 10mm,,28000
PHT-2679,Phốt dầu (Oil Seal),Phốt dầu tiêu chuẩn,Phốt dầu 40*58*8,ID: 40mm | OD: 58mm | Rộng: 8mm,,27000
PHT-2680,Phốt dầu (Oil Seal),Phốt dầu tiêu chuẩn,Phốt dầu 45*55*10,ID: 45mm | OD: 55mm | Rộng: 10mm,,21000
PHT-2681,Phốt dầu (Oil Seal),Phốt dầu tiêu chuẩn,Phốt dầu 30*72*12,ID: 30mm | OD: 72mm | Rộng: 12mm,,27000
PHT-2682,Phốt dầu (Oil Seal),Phốt dầu tiêu chuẩn,Phốt dầu 35*62*12,ID: 35mm | OD: 62mm | Rộng: 12mm,,28000
PHT-2683,Phốt dầu (Oil Seal),Phốt dầu tiêu chuẩn,Phốt dầu 40*60*10,ID: 40mm | OD: 60mm | Rộng: 10mm,,22000
PHT-2684,Phốt dầu (Oil Seal),Phốt dầu tiêu chuẩn,Phốt dầu 45*56*8,ID: 45mm | OD: 56mm | Rộng: 8mm,,28000
PHT-2685,Phốt dầu (Oil Seal),Phốt dầu tiêu chuẩn,Phốt dầu 30*72*8,ID: 30mm | OD: 72mm | Rộng: 8mm,,33000
PHT-2686,Phốt dầu (Oil Seal),Phốt dầu tiêu chuẩn,Phốt dầu 35*62*7,ID: 35mm | OD: 62mm | Rộng: 7mm,,28000
PHT-2687,Phốt dầu (Oil Seal),Phốt dầu tiêu chuẩn,Phốt dầu 40*60*7,ID: 40mm | OD: 60mm | Rộng: 7mm,,22000
PHT-2688,Phốt dầu (Oil Seal),Phốt dầu tiêu chuẩn,Phốt dầu 45*58*10,ID: 45mm | OD: 58mm | Rộng: 10mm,,27000
PHT-2689,Phốt dầu (Oil Seal),Phốt dầu tiêu chuẩn,Phốt dầu 30*75*12,ID: 30mm | OD: 75mm | Rộng: 12mm,,33000
PHT-2690,Phốt dầu (Oil Seal),Phốt dầu tiêu chuẩn,Phốt dầu 35*62*8,ID: 35mm | OD: 62mm | Rộng: 8mm,,28000
PHT-2691,Phốt dầu (Oil Seal),Phốt dầu tiêu chuẩn,Phốt dầu 40*62*10,ID: 40mm | OD: 62mm | Rộng: 10mm,,28000
PHT-2692,Phốt dầu (Oil Seal),Phốt dầu tiêu chuẩn,Phốt dầu 45*58*7,ID: 45mm | OD: 58mm | Rộng: 7mm,,27000
PHT-2693,Phốt dầu (Oil Seal),Phốt dầu tiêu chuẩn,Phốt dầu 30*75*7,ID: 30mm | OD: 75mm | Rộng: 7mm,,28000
PHT-2694,Phốt dầu (Oil Seal),Phốt dầu tiêu chuẩn,Phốt dầu 35*65*10,ID: 35mm | OD: 65mm | Rộng: 10mm,,30000
PHT-2695,Phốt dầu (Oil Seal),Phốt dầu tiêu chuẩn,Phốt dầu 40*62*12,ID: 40mm | OD: 62mm | Rộng: 12mm,,28000
PHT-2696,Phốt dầu (Oil Seal),Phốt dầu tiêu chuẩn,Phốt dầu 45*60*10,ID: 45mm | OD: 60mm | Rộng: 10mm,,22000
PHT-2697,Phốt dầu (Oil Seal),Phốt dầu tiêu chuẩn,Phốt dầu 32*42*8,ID: 32mm | OD: 42mm | Rộng: 8mm,,19000
PHT-2698,Phốt dầu (Oil Seal),Phốt dầu tiêu chuẩn,Phốt dầu 35*65*12,ID: 35mm | OD: 65mm | Rộng: 12mm,,30000
PHT-2699,Phốt dầu (Oil Seal),Phốt dầu tiêu chuẩn,Phốt dầu 40*62*7,ID: 40mm | OD: 62mm | Rộng: 7mm,,28000
PHT-2700,Phốt dầu (Oil Seal),Phốt dầu tiêu chuẩn,Phốt dầu 45*60*7,ID: 45mm | OD: 60mm | Rộng: 7mm,,22000
PHT-2701,Phốt dầu (Oil Seal),Phốt dầu tiêu chuẩn,Phốt dầu 32*44*8,ID: 32mm | OD: 44mm | Rộng: 8mm,,20000
PHT-2702,Phốt dầu (Oil Seal),Phốt dầu tiêu chuẩn,Phốt dầu 35*65*7,ID: 35mm | OD: 65mm | Rộng: 7mm,,25000
PHT-2703,Phốt dầu (Oil Seal),Phốt dầu tiêu chuẩn,Phốt dầu 40*62*8,ID: 40mm | OD: 62mm | Rộng: 8mm,,28000
PHT-2704,Phốt dầu (Oil Seal),Phốt dầu tiêu chuẩn,Phốt dầu 45*62*10,ID: 45mm | OD: 62mm | Rộng: 10mm,,28000
PHT-2705,Phốt dầu (Oil Seal),Phốt dầu tiêu chuẩn,Phốt dầu 32*45*10,ID: 32mm | OD: 45mm | Rộng: 10mm,,20000
PHT-2706,Phốt dầu (Oil Seal),Phốt dầu tiêu chuẩn,Phốt dầu 35*70*10,ID: 35mm | OD: 70mm | Rộng: 10mm,,27000
PHT-2707,Phốt dầu (Oil Seal),Phốt dầu tiêu chuẩn,Phốt dầu 40*64*8,ID: 40mm | OD: 64mm | Rộng: 8mm,,30000
PHT-2708,Phốt dầu (Oil Seal),Phốt dầu tiêu chuẩn,Phốt dầu 45*62*12,ID: 45mm | OD: 62mm | Rộng: 12mm,,28000
PHT-2709,Phốt dầu (Oil Seal),Phốt dầu tiêu chuẩn,Phốt dầu 32*47*10,ID: 32mm | OD: 47mm | Rộng: 10mm,,21000
PHT-2710,Phốt dầu (Oil Seal),Phốt dầu tiêu chuẩn,Phốt dầu 35*70*12,ID: 35mm | OD: 70mm | Rộng: 12mm,,32000
PHT-2711,Phốt dầu (Oil Seal),Phốt dầu tiêu chuẩn,Phốt dầu 40*65*10,ID: 40mm | OD: 65mm | Rộng: 10mm,,30000
PHT-2712,Phốt dầu (Oil Seal),Phốt dầu tiêu chuẩn,Phốt dầu 45*62*7,ID: 45mm | OD: 62mm | Rộng: 7mm,,28000
PHT-2713,Phốt dầu (Oil Seal),Phốt dầu tiêu chuẩn,Phốt dầu 32*47*7,ID: 32mm | OD: 47mm | Rộng: 7mm,,21000
PHT-2714,Phốt dầu (Oil Seal),Phốt dầu tiêu chuẩn,Phốt dầu 35*72*10,ID: 35mm | OD: 72mm | Rộng: 10mm,,33000
PHT-2715,Phốt dầu (Oil Seal),Phốt dầu tiêu chuẩn,Phốt dầu 40*65*12,ID: 40mm | OD: 65mm | Rộng: 12mm,,30000
PHT-2716,Phốt dầu (Oil Seal),Phốt dầu tiêu chuẩn,Phốt dầu 45*65*10,ID: 45mm | OD: 65mm | Rộng: 10mm,,30000
PHT-2717,Phốt dầu (Oil Seal),Phốt dầu tiêu chuẩn,Phốt dầu 32*47*8,ID: 32mm | OD: 47mm | Rộng: 8mm,,18000
PHT-2718,Phốt dầu (Oil Seal),Phốt dầu tiêu chuẩn,Phốt dầu 35*72*7,ID: 35mm | OD: 72mm | Rộng: 7mm,,33000
PHT-2719,Phốt dầu (Oil Seal),Phốt dầu tiêu chuẩn,Phốt dầu 40*65*8,ID: 40mm | OD: 65mm | Rộng: 8mm,,30000
PHT-2720,Phốt dầu (Oil Seal),Phốt dầu tiêu chuẩn,Phốt dầu 45*65*12,ID: 45mm | OD: 65mm | Rộng: 12mm,,30000
PHT-2721,Phốt dầu (Oil Seal),Phốt dầu tiêu chuẩn,Phốt dầu 32*48*10,ID: 32mm | OD: 48mm | Rộng: 10mm,,24000
PHT-2722,Phốt dầu (Oil Seal),Phốt dầu tiêu chuẩn,Phốt dầu 35*72*8,ID: 35mm | OD: 72mm | Rộng: 8mm,,33000
PHT-2723,Phốt dầu (Oil Seal),Phốt dầu tiêu chuẩn,Phốt dầu 40*68*10,ID: 40mm | OD: 68mm | Rộng: 10mm,,32000
PHT-2724,Phốt dầu (Oil Seal),Phốt dầu tiêu chuẩn,Phốt dầu 45*65*7,ID: 45mm | OD: 65mm | Rộng: 7mm,,30000
PHT-2725,Phốt dầu (Oil Seal),Phốt dầu tiêu chuẩn,Phốt dầu 32*48*8,ID: 32mm | OD: 48mm | Rộng: 8mm,,18000
PHT-2726,Phốt dầu (Oil Seal),Phốt dầu tiêu chuẩn,Phốt dầu 35*75*12,ID: 35mm | OD: 75mm | Rộng: 12mm,,28000
PHT-2727,Phốt dầu (Oil Seal),Phốt dầu tiêu chuẩn,Phốt dầu 40*68*12,ID: 40mm | OD: 68mm | Rộng: 12mm,,32000
PHT-2728,Phốt dầu (Oil Seal),Phốt dầu tiêu chuẩn,Phốt dầu 45*65*8,ID: 45mm | OD: 65mm | Rộng: 8mm,,30000
PHT-2729,Phốt dầu (Oil Seal),Phốt dầu tiêu chuẩn,Phốt dầu 32*50*10,ID: 32mm | OD: 50mm | Rộng: 10mm,,19000
PHT-2730,Phốt dầu (Oil Seal),Phốt dầu tiêu chuẩn,Phốt dầu 36*46*7,ID: 36mm | OD: 46mm | Rộng: 7mm,,21000
PHT-2731,Phốt dầu (Oil Seal),Phốt dầu tiêu chuẩn,Phốt dầu 40*68*8,ID: 40mm | OD: 68mm | Rộng: 8mm,,32000
PHT-2732,Phốt dầu (Oil Seal),Phốt dầu tiêu chuẩn,Phốt dầu 45*68*10,ID: 45mm | OD: 68mm | Rộng: 10mm,,32000
PHT-2733,Phốt dầu (Oil Seal),Phốt dầu tiêu chuẩn,Phốt dầu 32*50*7,ID: 32mm | OD: 50mm | Rộng: 7mm,,19000
PHT-2734,Phốt dầu (Oil Seal),Phốt dầu tiêu chuẩn,Phốt dầu 37*58*12,ID: 37mm | OD: 58mm | Rộng: 12mm,,27000
PHT-2735,Phốt dầu (Oil Seal),Phốt dầu tiêu chuẩn,Phốt dầu 40*70*10,ID: 40mm | OD: 70mm | Rộng: 10mm,,32000
PHT-2736,Phốt dầu (Oil Seal),Phốt dầu tiêu chuẩn,Phốt dầu 45*68*12,ID: 45mm | OD: 68mm | Rộng: 12mm,,32000
PHT-2737,Phốt dầu (Oil Seal),Phốt dầu tiêu chuẩn,Phốt dầu 32*52*10,ID: 32mm | OD: 52mm | Rộng: 10mm,,20000
PHT-2738,Phốt dầu (Oil Seal),Phốt dầu tiêu chuẩn,Phốt dầu 38*50*10,ID: 38mm | OD: 50mm | Rộng: 10mm,,19000
PHT-2739,Phốt dầu (Oil Seal),Phốt dầu tiêu chuẩn,Phốt dầu 40*70*12,ID: 40mm | OD: 70mm | Rộng: 12mm,,32000
PHT-2740,Phốt dầu (Oil Seal),Phốt dầu tiêu chuẩn,Phốt dầu 45*70*10,ID: 45mm | OD: 70mm | Rộng: 10mm,,32000
PHT-2741,Phốt dầu (Oil Seal),Phốt dầu tiêu chuẩn,Phốt dầu 32*52*12,ID: 32mm | OD: 52mm | Rộng: 12mm,,24000
PHT-2742,Phốt dầu (Oil Seal),Phốt dầu tiêu chuẩn,Phốt dầu 38*50*7,ID: 38mm | OD: 50mm | Rộng: 7mm,,24000
PHT-2743,Phốt dầu (Oil Seal),Phốt dầu tiêu chuẩn,Phốt dầu 40*72*10,ID: 40mm | OD: 72mm | Rộng: 10mm,,27000
PHT-2744,Phốt dầu (Oil Seal),Phốt dầu tiêu chuẩn,Phốt dầu 45*70*12,ID: 45mm | OD: 70mm | Rộng: 12mm,,27000
PHT-2745,Phốt dầu (Oil Seal),Phốt dầu tiêu chuẩn,Phốt dầu 32*52*8,ID: 32mm | OD: 52mm | Rộng: 8mm,,24000
PHT-2746,Phốt dầu (Oil Seal),Phốt dầu tiêu chuẩn,Phốt dầu 38*50*8,ID: 38mm | OD: 50mm | Rộng: 8mm,,19000
PHT-2747,Phốt dầu (Oil Seal),Phốt dầu tiêu chuẩn,Phốt dầu 40*72*12,ID: 40mm | OD: 72mm | Rộng: 12mm,,33000
PHT-2748,Phốt dầu (Oil Seal),Phốt dầu tiêu chuẩn,Phốt dầu 45*70*8,ID: 45mm | OD: 70mm | Rộng: 8mm,,32000
PHT-2749,Phốt dầu (Oil Seal),Phốt dầu tiêu chuẩn,Phốt dầu 32*55*10,ID: 32mm | OD: 55mm | Rộng: 10mm,,21000
PHT-2750,Phốt dầu (Oil Seal),Phốt dầu tiêu chuẩn,Phốt dầu 38*52*10,ID: 38mm | OD: 52mm | Rộng: 10mm,,20000
PHT-2751,Phốt dầu (Oil Seal),Phốt dầu tiêu chuẩn,Phốt dầu 40*72*7,ID: 40mm | OD: 72mm | Rộng: 7mm,,27000
PHT-2752,Phốt dầu (Oil Seal),Phốt dầu tiêu chuẩn,Phốt dầu 45*72*12,ID: 45mm | OD: 72mm | Rộng: 12mm,,33000
PHT-2753,Phốt dầu (Oil Seal),Phốt dầu tiêu chuẩn,Phốt dầu 32*55*8,ID: 32mm | OD: 55mm | Rộng: 8mm,,25000
PHT-2754,Phốt dầu (Oil Seal),Phốt dầu tiêu chuẩn,Phốt dầu 38*52*8,ID: 38mm | OD: 52mm | Rộng: 8mm,,20000
PHT-2755,Phốt dầu (Oil Seal),Phốt dầu tiêu chuẩn,Phốt dầu 40*72*8,ID: 40mm | OD: 72mm | Rộng: 8mm,,33000
PHT-2756,Phốt dầu (Oil Seal),Phốt dầu tiêu chuẩn,Phốt dầu 45*72*8,ID: 45mm | OD: 72mm | Rộng: 8mm,,33000
PHT-2757,Phốt dầu (Oil Seal),Phốt dầu tiêu chuẩn,Phốt dầu 32*62*10,ID: 32mm | OD: 62mm | Rộng: 10mm,,28000
PHT-2758,Phốt dầu (Oil Seal),Phốt dầu tiêu chuẩn,Phốt dầu 38*55*10,ID: 38mm | OD: 55mm | Rộng: 10mm,,21000
PHT-2759,Phốt dầu (Oil Seal),Phốt dầu tiêu chuẩn,Phốt dầu 40*75*12,ID: 40mm | OD: 75mm | Rộng: 12mm,,28000
PHT-2760,Phốt dầu (Oil Seal),Phốt dầu tiêu chuẩn,Phốt dầu 45*75*10,ID: 45mm | OD: 75mm | Rộng: 10mm,,35000
PHT-2761,Phốt dầu (Oil Seal),Phốt dầu tiêu chuẩn,Phốt dầu 32*65*10,ID: 32mm | OD: 65mm | Rộng: 10mm,,30000
PHT-2762,Phốt dầu (Oil Seal),Phốt dầu tiêu chuẩn,Phốt dầu 38*55*12,ID: 38mm | OD: 55mm | Rộng: 12mm,,21000
PHT-2763,Phốt dầu (Oil Seal),Phốt dầu tiêu chuẩn,Phốt dầu 40*80*10,ID: 40mm | OD: 80mm | Rộng: 10mm,,37000
PHT-2764,Phốt dầu (Oil Seal),Phốt dầu tiêu chuẩn,Phốt dầu 45*75*12,ID: 45mm | OD: 75mm | Rộng: 12mm,,35000
PHT-2765,Phốt dầu (Oil Seal),Phốt dầu tiêu chuẩn,Phốt dầu 33*54*7,ID: 33mm | OD: 54mm | Rộng: 7mm,,26000
PHT-2766,Phốt dầu (Oil Seal),Phốt dầu tiêu chuẩn,Phốt dầu 38*55*7,ID: 38mm | OD: 55mm | Rộng: 7mm,,26000
PHT-2767,Phốt dầu (Oil Seal),Phốt dầu tiêu chuẩn,Phốt dầu 40*80*12,ID: 40mm | OD: 80mm | Rộng: 12mm,,37000
PHT-2768,Phốt dầu (Oil Seal),Phốt dầu tiêu chuẩn,Phốt dầu 45*80*10,ID: 45mm | OD: 80mm | Rộng: 10mm,,37000
PHT-2769,Phốt dầu (Oil Seal),Phốt dầu tiêu chuẩn,Phốt dầu 34*50*10,ID: 34mm | OD: 50mm | Rộng: 10mm,,19000
PHT-2770,Phốt dầu (Oil Seal),Phốt dầu tiêu chuẩn,Phốt dầu 38*55*8,ID: 38mm | OD: 55mm | Rộng: 8mm,,22000
PHT-2771,Phốt dầu (Oil Seal),Phốt dầu tiêu chuẩn,Phốt dầu 40*85*10,ID: 40mm | OD: 85mm | Rộng: 10mm,,38000
PHT-2772,Phốt dầu (Oil Seal),Phốt dầu tiêu chuẩn,Phốt dầu 45*80*12,ID: 45mm | OD: 80mm | Rộng: 12mm,,37000
PHT-2773,Phốt dầu (Oil Seal),Phốt dầu tiêu chuẩn,Phốt dầu 34*50*7,ID: 34mm | OD: 50mm | Rộng: 7mm,,19000
PHT-2774,Phốt dầu (Oil Seal),Phốt dầu tiêu chuẩn,Phốt dầu 38*56*10,ID: 38mm | OD: 56mm | Rộng: 10mm,,21000
PHT-2775,Phốt dầu (Oil Seal),Phốt dầu tiêu chuẩn,Phốt dầu 40*85*12,ID: 40mm | OD: 85mm | Rộng: 12mm,,38000
PHT-2776,Phốt dầu (Oil Seal),Phốt dầu tiêu chuẩn,Phốt dầu 45*85*12,ID: 45mm | OD: 85mm | Rộng: 12mm,,35000
PHT-2777,Phốt dầu (Oil Seal),Phốt dầu tiêu chuẩn,Phốt dầu 35*44*10,ID: 35mm | OD: 44mm | Rộng: 10mm,,20000
PHT-2778,Phốt dầu (Oil Seal),Phốt dầu tiêu chuẩn,Phốt dầu 38*58*10,ID: 38mm | OD: 58mm | Rộng: 10mm,,27000
PHT-2779,Phốt dầu (Oil Seal),Phốt dầu tiêu chuẩn,Phốt dầu 40*90*12,ID: 40mm | OD: 90mm | Rộng: 12mm,,49000
PHT-2780,Phốt dầu (Oil Seal),Phốt dầu tiêu chuẩn,Phốt dầu 45*90*12,ID: 45mm | OD: 90mm | Rộng: 12mm,,49000
PHT-2781,Phốt dầu (Oil Seal),Phốt dầu tiêu chuẩn,Phốt dầu 35*45*10,ID: 35mm | OD: 45mm | Rộng: 10mm,,18000
PHT-2782,Phốt dầu (Oil Seal),Phốt dầu tiêu chuẩn,Phốt dầu 38*58*12,ID: 38mm | OD: 58mm | Rộng: 12mm,,27000
PHT-2783,Phốt dầu (Oil Seal),Phốt dầu tiêu chuẩn,Phốt dầu 40*90*8,ID: 40mm | OD: 90mm | Rộng: 8mm,,49000
PHT-2784,Phốt dầu (Oil Seal),Phốt dầu tiêu chuẩn,Phốt dầu 48*60*10,ID: 48mm | OD: 60mm | Rộng: 10mm,,22000
PHT-2785,Phốt dầu (Oil Seal),Phốt dầu tiêu chuẩn,Phốt dầu 35*45*7,ID: 35mm | OD: 45mm | Rộng: 7mm,,20000
PHT-2786,Phốt dầu (Oil Seal),Phốt dầu tiêu chuẩn,Phốt dầu 38*60*10,ID: 38mm | OD: 60mm | Rộng: 10mm,,22000
PHT-2787,Phốt dầu (Oil Seal),Phốt dầu tiêu chuẩn,Phốt dầu 42*50*10,ID: 42mm | OD: 50mm | Rộng: 10mm,,24000
PHT-2788,Phốt dầu (Oil Seal),Phốt dầu tiêu chuẩn,Phốt dầu 48*62*10,ID: 48mm | OD: 62mm | Rộng: 10mm,,24000
PHT-2789,Phốt dầu (Oil Seal),Phốt dầu tiêu chuẩn,Phốt dầu 35*46*7,ID: 35mm | OD: 46mm | Rộng: 7mm,,21000
PHT-2790,Phốt dầu (Oil Seal),Phốt dầu tiêu chuẩn,Phốt dầu 38*60*12,ID: 38mm | OD: 60mm | Rộng: 12mm,,22000
PHT-2791,Phốt dầu (Oil Seal),Phốt dầu tiêu chuẩn,Phốt dầu 42*55*10,ID: 42mm | OD: 55mm | Rộng: 10mm,,21000
PHT-2792,Phốt dầu (Oil Seal),Phốt dầu tiêu chuẩn,Phốt dầu 48*62*12,ID: 48mm | OD: 62mm | Rộng: 12mm,,25000
PHT-2793,Phốt dầu (Oil Seal),Phốt dầu tiêu chuẩn,Phốt dầu 35*46*8,ID: 35mm | OD: 46mm | Rộng: 8mm,,21000
PHT-2794,Phốt dầu (Oil Seal),Phốt dầu tiêu chuẩn,Phốt dầu 38*62*12,ID: 38mm | OD: 62mm | Rộng: 12mm,,28000
PHT-2795,Phốt dầu (Oil Seal),Phốt dầu tiêu chuẩn,Phốt dầu 42*56*8,ID: 42mm | OD: 56mm | Rộng: 8mm,,26000
PHT-2796,Phốt dầu (Oil Seal),Phốt dầu tiêu chuẩn,Phốt dầu 48*62*8,ID: 48mm | OD: 62mm | Rộng: 8mm,,28000
PHT-2797,Phốt dầu (Oil Seal),Phốt dầu tiêu chuẩn,Phốt dầu 35*47*10,ID: 35mm | OD: 47mm | Rộng: 10mm,,18000
PHT-2798,Phốt dầu (Oil Seal),Phốt dầu tiêu chuẩn,Phốt dầu 38*65*12,ID: 38mm | OD: 65mm | Rộng: 12mm,,30000
PHT-2799,Phốt dầu (Oil Seal),Phốt dầu tiêu chuẩn,Phốt dầu 42*58*7,ID: 42mm | OD: 58mm | Rộng: 7mm,,27000
PHT-2800,Phốt dầu (Oil Seal),Phốt dầu tiêu chuẩn,Phốt dầu 48*65*10,ID: 48mm | OD: 65mm | Rộng: 10mm,,30000
PHT-2801,Phốt dầu (Oil Seal),Phốt dầu tiêu chuẩn,Phốt dầu 35*47*7,ID: 35mm | OD: 47mm | Rộng: 7mm,,21000
PHT-2802,Phốt dầu (Oil Seal),Phốt dầu tiêu chuẩn,Phốt dầu 38*70*10,ID: 38mm | OD: 70mm | Rộng: 10mm,,32000
PHT-2803,Phốt dầu (Oil Seal),Phốt dầu tiêu chuẩn,Phốt dầu 42*60*12,ID: 42mm | OD: 60mm | Rộng: 12mm,,27000
PHT-2804,Phốt dầu (Oil Seal),Phốt dầu tiêu chuẩn,Phốt dầu 48*65*12,ID: 48mm | OD: 65mm | Rộng: 12mm,,25000
PHT-2805,Phốt dầu (Oil Seal),Phốt dầu tiêu chuẩn,Phốt dầu 35*48*8,ID: 35mm | OD: 48mm | Rộng: 8mm,,18000
PHT-2806,Phốt dầu (Oil Seal),Phốt dầu tiêu chuẩn,Phốt dầu 38*70*12,ID: 38mm | OD: 70mm | Rộng: 12mm,,32000
PHT-2807,Phốt dầu (Oil Seal),Phốt dầu tiêu chuẩn,Phốt dầu 42*60*8,ID: 42mm | OD: 60mm | Rộng: 8mm,,27000
PHT-2808,Phốt dầu (Oil Seal),Phốt dầu tiêu chuẩn,Phốt dầu 48*65*8,ID: 48mm | OD: 65mm | Rộng: 8mm,,30000
PHT-2809,Phốt dầu (Oil Seal),Phốt dầu tiêu chuẩn,Phốt dầu 35*52*10,ID: 35mm | OD: 52mm | Rộng: 10mm,,24000
PHT-2810,Phốt dầu (Oil Seal),Phốt dầu tiêu chuẩn,Phốt dầu 38*72*12,ID: 38mm | OD: 72mm | Rộng: 12mm,,33000
PHT-2811,Phốt dầu (Oil Seal),Phốt dầu tiêu chuẩn,Phốt dầu 42*62*10,ID: 42mm | OD: 62mm | Rộng: 10mm,,28000
PHT-2812,Phốt dầu (Oil Seal),Phốt dầu tiêu chuẩn,Phốt dầu 48*65*9,ID: 48mm | OD: 65mm | Rộng: 9mm,,30000
PHT-2813,Phốt dầu (Oil Seal),Phốt dầu tiêu chuẩn,Phốt dầu 35*52*12,ID: 35mm | OD: 52mm | Rộng: 12mm,,24000
PHT-2814,Phốt dầu (Oil Seal),Phốt dầu tiêu chuẩn,Phốt dầu 40*52*10,ID: 40mm | OD: 52mm | Rộng: 10mm,,24000
PHT-2815,Phốt dầu (Oil Seal),Phốt dầu tiêu chuẩn,Phốt dầu 42*62*8,ID: 42mm | OD: 62mm | Rộng: 8mm,,28000
PHT-2816,Phốt dầu (Oil Seal),Phốt dầu tiêu chuẩn,Phốt dầu 48*70*10,ID: 48mm | OD: 70mm | Rộng: 10mm,,27000
PHT-2817,Phốt dầu (Oil Seal),Phốt dầu tiêu chuẩn,Phốt dầu 35*55*10,ID: 35mm | OD: 55mm | Rộng: 10mm,,26000
PHT-2818,Phốt dầu (Oil Seal),Phốt dầu tiêu chuẩn,Phốt dầu 40*52*8,ID: 40mm | OD: 52mm | Rộng: 8mm,,24000
PHT-2819,Phốt dầu (Oil Seal),Phốt dầu tiêu chuẩn,Phốt dầu 42*65*10,ID: 42mm | OD: 65mm | Rộng: 10mm,,30000
PHT-2820,Phốt dầu (Oil Seal),Phốt dầu tiêu chuẩn,Phốt dầu 48*70*12,ID: 48mm | OD: 70mm | Rộng: 12mm,,27000
PHT-2821,Phốt dầu (Oil Seal),Phốt dầu tiêu chuẩn,Phốt dầu 35*55*12,ID: 35mm | OD: 55mm | Rộng: 12mm,,26000
PHT-2822,Phốt dầu (Oil Seal),Phốt dầu tiêu chuẩn,Phốt dầu 40*55*10,ID: 40mm | OD: 55mm | Rộng: 10mm,,26000
PHT-2823,Phốt dầu (Oil Seal),Phốt dầu tiêu chuẩn,Phốt dầu 42*65*8,ID: 42mm | OD: 65mm | Rộng: 8mm,,30000
PHT-2824,Phốt dầu (Oil Seal),Phốt dầu tiêu chuẩn,Phốt dầu 48*72*10,ID: 48mm | OD: 72mm | Rộng: 10mm,,27000
PHT-2825,Phốt dầu (Oil Seal),Phốt dầu tiêu chuẩn,Phốt dầu 35*56*12,ID: 35mm | OD: 56mm | Rộng: 12mm,,26000
PHT-2826,Phốt dầu (Oil Seal),Phốt dầu tiêu chuẩn,Phốt dầu 40*55*12,ID: 40mm | OD: 55mm | Rộng: 12mm,,26000
PHT-2827,Phốt dầu (Oil Seal),Phốt dầu tiêu chuẩn,Phốt dầu 42*70*10,ID: 42mm | OD: 70mm | Rộng: 10mm,,27000
PHT-2828,Phốt dầu (Oil Seal),Phốt dầu tiêu chuẩn,Phốt dầu 48*72*12,ID: 48mm | OD: 72mm | Rộng: 12mm,,33000
PHT-2829,Phốt dầu (Oil Seal),Phốt dầu tiêu chuẩn,Phốt dầu 35*58*10,ID: 35mm | OD: 58mm | Rộng: 10mm,,26000
PHT-2830,Phốt dầu (Oil Seal),Phốt dầu tiêu chuẩn,Phốt dầu 40*55*7,ID: 40mm | OD: 55mm | Rộng: 7mm,,22000
PHT-2831,Phốt dầu (Oil Seal),Phốt dầu tiêu chuẩn,Phốt dầu 42*70*12,ID: 42mm | OD: 70mm | Rộng: 12mm,,27000
PHT-2832,Phốt dầu (Oil Seal),Phốt dầu tiêu chuẩn,Phốt dầu 48*72*8,ID: 48mm | OD: 72mm | Rộng: 8mm,,33000
PHT-2833,Phốt dầu (Oil Seal),Phốt dầu tiêu chuẩn,Phốt dầu 35*58*12,ID: 35mm | OD: 58mm | Rộng: 12mm,,27000
PHT-2834,Phốt dầu (Oil Seal),Phốt dầu tiêu chuẩn,Phốt dầu 40*56*10,ID: 40mm | OD: 56mm | Rộng: 10mm,,21000
PHT-2835,Phốt dầu (Oil Seal),Phốt dầu tiêu chuẩn,Phốt dầu 42*72*10,ID: 42mm | OD: 72mm | Rộng: 10mm,,28000
PHT-2836,Phốt dầu (Oil Seal),Phốt dầu tiêu chuẩn,Phốt dầu 48*75*12,ID: 48mm | OD: 75mm | Rộng: 12mm,,29000
PHT-2837,Phốt dầu (Oil Seal),Phốt dầu tiêu chuẩn,Phốt dầu 35*58*8,ID: 35mm | OD: 58mm | Rộng: 8mm,,22000
PHT-2838,Phốt dầu (Oil Seal),Phốt dầu tiêu chuẩn,Phốt dầu 40*56*12,ID: 40mm | OD: 56mm | Rộng: 12mm,,20000
PHT-2839,Phốt dầu (Oil Seal),Phốt dầu tiêu chuẩn,Phốt dầu 42*72*12,ID: 42mm | OD: 72mm | Rộng: 12mm,,27000
PHT-2840,Phốt dầu (Oil Seal),Phốt dầu tiêu chuẩn,Phốt dầu 50*100*10,ID: 50mm | OD: 100mm | Rộng: 10mm,,68000
PHT-2841,Phốt dầu (Oil Seal),Phốt dầu tiêu chuẩn,Phốt dầu 50*100*12,ID: 50mm | OD: 100mm | Rộng: 12mm,,68000
PHT-2842,Phốt dầu (Oil Seal),Phốt dầu tiêu chuẩn,Phốt dầu 50*60*10,ID: 50mm | OD: 60mm | Rộng: 10mm,,27000
PHT-2843,Phốt dầu (Oil Seal),Phốt dầu tiêu chuẩn,Phốt dầu 50*60*8,ID: 50mm | OD: 60mm | Rộng: 8mm,,27000
PHT-2844,Phốt dầu (Oil Seal),Phốt dầu tiêu chuẩn,Phốt dầu 50*62*10,ID: 50mm | OD: 62mm | Rộng: 10mm,,28000
PHT-2845,Phốt dầu (Oil Seal),Phốt dầu tiêu chuẩn,Phốt dầu 50*65*10,ID: 50mm | OD: 65mm | Rộng: 10mm,,30000
PHT-2846,Phốt dầu (Oil Seal),Phốt dầu tiêu chuẩn,Phốt dầu 50*65*12,ID: 50mm | OD: 65mm | Rộng: 12mm,,30000
PHT-2847,Phốt dầu (Oil Seal),Phốt dầu tiêu chuẩn,Phốt dầu 50*65*8,ID: 50mm | OD: 65mm | Rộng: 8mm,,30000
PHT-2848,Phốt dầu (Oil Seal),Phốt dầu tiêu chuẩn,Phốt dầu 50*68*12,ID: 50mm | OD: 68mm | Rộng: 12mm,,32000
PHT-2849,Phốt dầu (Oil Seal),Phốt dầu tiêu chuẩn,Phốt dầu 50*70*12,ID: 50mm | OD: 70mm | Rộng: 12mm,,32000
PHT-2850,Phốt dầu (Oil Seal),Phốt dầu tiêu chuẩn,Phốt dầu 50*70*8,ID: 50mm | OD: 70mm | Rộng: 8mm,,32000
PHT-2851,Phốt dầu (Oil Seal),Phốt dầu tiêu chuẩn,Phốt dầu 50*72*10,ID: 50mm | OD: 72mm | Rộng: 10mm,,33000
PHT-2852,Phốt dầu (Oil Seal),Phốt dầu tiêu chuẩn,Phốt dầu 50*72*12,ID: 50mm | OD: 72mm | Rộng: 12mm,,33000
PHT-2853,Phốt dầu (Oil Seal),Phốt dầu tiêu chuẩn,Phốt dầu 50*72*7,ID: 50mm | OD: 72mm | Rộng: 7mm,,33000
PHT-2854,Phốt dầu (Oil Seal),Phốt dầu tiêu chuẩn,Phốt dầu 50*72*8,ID: 50mm | OD: 72mm | Rộng: 8mm,,33000
PHT-2855,Phốt dầu (Oil Seal),Phốt dầu tiêu chuẩn,Phốt dầu 50*75*12,ID: 50mm | OD: 75mm | Rộng: 12mm,,35000
PHT-2856,Phốt dầu (Oil Seal),Phốt dầu tiêu chuẩn,Phốt dầu 50*75*8,ID: 50mm | OD: 75mm | Rộng: 8mm,,35000
PHT-2857,Phốt dầu (Oil Seal),Phốt dầu tiêu chuẩn,Phốt dầu 50*80*10,ID: 50mm | OD: 80mm | Rộng: 10mm,,30000
PHT-2858,Phốt dầu (Oil Seal),Phốt dầu tiêu chuẩn,Phốt dầu 50*80*12,ID: 50mm | OD: 80mm | Rộng: 12mm,,37000
PHT-2859,Phốt dầu (Oil Seal),Phốt dầu tiêu chuẩn,Phốt dầu 50*80*8,ID: 50mm | OD: 80mm | Rộng: 8mm,,37000
PHT-2860,Phốt dầu (Oil Seal),Phốt dầu tiêu chuẩn,Phốt dầu 50*85*10,ID: 50mm | OD: 85mm | Rộng: 10mm,,39000
PHT-2861,Phốt dầu (Oil Seal),Phốt dầu tiêu chuẩn,Phốt dầu 50*85*12,ID: 50mm | OD: 85mm | Rộng: 12mm,,39000
PHT-2862,Phốt dầu (Oil Seal),Phốt dầu tiêu chuẩn,Phốt dầu 50*85*8,ID: 50mm | OD: 85mm | Rộng: 8mm,,33000
PHT-2863,Phốt dầu (Oil Seal),Phốt dầu tiêu chuẩn,Phốt dầu 50*90*12,ID: 50mm | OD: 90mm | Rộng: 12mm,,49000
PHT-2864,Phốt dầu (Oil Seal),Phốt dầu tiêu chuẩn,Phốt dầu 50*90*8,ID: 50mm | OD: 90mm | Rộng: 8mm,,41000
PHT-2865,Phốt dầu (Oil Seal),Phốt dầu tiêu chuẩn,Phốt dầu 50*95*10,ID: 50mm | OD: 95mm | Rộng: 10mm,,43000
PHT-2866,Phốt dầu (Oil Seal),Phốt dầu tiêu chuẩn,Phốt dầu 55*80*10,ID: 55mm | OD: 80mm | Rộng: 10mm,,39000
PHT-2867,Phốt dầu (Oil Seal),Phốt dầu tiêu chuẩn,Phốt dầu 60*100*13,ID: 60mm | OD: 100mm | Rộng: 13mm,,47000
PHT-2868,Phốt dầu (Oil Seal),Phốt dầu tiêu chuẩn,Phốt dầu 65*95*10,ID: 65mm | OD: 95mm | Rộng: 10mm,,50000
PHT-2869,Phốt dầu (Oil Seal),Phốt dầu tiêu chuẩn,Phốt dầu 70*95*13,ID: 70mm | OD: 95mm | Rộng: 13mm,,50000
PHT-2870,Phốt dầu (Oil Seal),Phốt dầu tiêu chuẩn,Phốt dầu 75*100*13,ID: 75mm | OD: 100mm | Rộng: 13mm,,50000
PHT-2871,Phốt dầu (Oil Seal),Phốt dầu tiêu chuẩn,Phốt dầu 75*115*12,ID: 75mm | OD: 115mm | Rộng: 12mm,,61000
PHT-2872,Phốt dầu (Oil Seal),Phốt dầu tiêu chuẩn,Phốt dầu 90*100*12,ID: 90mm | OD: 100mm | Rộng: 12mm,,53000
